# .PCD v0.7 - Point Cloud Data
VERSION 0.7
FIELDS x y z
SIZE 4 4 4
TYPE F F F
COUNT 1 1 1
WIDTH 12899
HEIGHT 1
VIEWPOINT 0 0 0 1 0 0 0
POINTS 12899
DATA ascii
0.804702 0.585034 -0.032793
0.918276 0.591723 -0.032335
1.124424 1.042942 -0.030072
0.886606 1.684994 0.005773
1.405561 1.542107 -0.022544
1.574203 1.680310 -0.017543
1.777303 2.108470 -0.014292
2.043591 2.521246 -0.006093
2.001244 2.339992 -0.010845
-1.715353 -0.502725 3.031550
-1.487126 -0.461218 3.035404
-1.654052 -0.958438 3.037059
-1.452026 -0.931485 3.043499
-1.547229 -1.416833 3.016155
-1.375575 -1.425421 3.029552
-1.318605 -1.879613 3.021760
-1.252229 -2.434548 3.017577
-1.131402 -2.501441 3.028534
-1.169580 -2.763468 3.065440
-1.030137 -2.940204 3.069125
1.702858 -2.396175 -0.050231
1.101200 -2.068928 -0.044900
1.483094 -1.839545 -0.035284
1.202273 -1.560883 -0.032382
2.179174 -2.391126 -0.056181
1.829656 -1.938756 -0.045847
1.083702 -0.963994 -0.022714
1.561997 -1.599505 -0.034591
0.730468 -1.009435 -0.026942
0.829982 -0.614597 -0.018071
0.661724 1.046076 -0.000719
0.805279 1.561983 0.005344
0.997859 2.003770 0.003577
1.102339 2.507821 0.012217
1.346770 2.966126 0.020484
1.193448 2.682353 0.021592
-2.110601 -0.988500 3.030752
-2.048701 -1.492611 3.022636
-2.046041 -1.972839 3.023994
-2.015031 -2.405679 3.014317
-1.880756 -2.962890 3.014519
-1.780181 -2.921484 3.014833
-1.840804 -2.592507 3.021228
1.550509 -2.834272 -0.059325
1.093356 -2.314248 -0.043631
0.802355 -1.759454 -0.034030
0.708993 -1.480304 -0.028382
0.417783 -1.441339 -0.035375
0.438608 -0.974286 -0.026782
0.347674 1.033670 -0.000959
0.386254 1.575050 0.002601
0.509286 1.987540 0.013455
0.562783 2.386244 0.019446
-2.760986 -1.997970 3.017902
-2.703542 -2.451085 3.012248
-2.719372 -2.965105 3.001844
-0.313577 -2.666498 0.560581
0.777834 -2.586292 -0.058667
0.562117 -2.439124 -0.053289
0.496520 -1.984126 -0.044989
0.155736 0.992198 0.001885
0.173011 1.484196 0.010882
-0.584482 -2.918809 0.745448
-0.330568 -2.960468 0.512342
-0.126662 -2.929986 0.324002
0.577350 -2.979638 -0.071619
0.461207 -2.458418 -0.062138
0.482382 -2.021213 -0.054127
0.428211 -1.508106 -0.042983
0.372070 -0.981023 -0.030959
0.076357 1.013579 -0.001762
-0.295773 -2.670097 0.564674
-0.263113 -2.960536 0.484773
-0.079500 -2.926122 0.224325
0.210759 -2.307742 -0.061232
0.216887 -1.927076 -0.054849
0.217712 -1.391191 -0.039252
-0.584759 -2.712438 0.538536
0.202947 1.467922 0.006010
-2.678896 -2.051734 3.022138
-2.604769 -2.472260 3.015462
-0.120802 -2.727581 0.582144
-0.024804 -2.997431 0.540973
0.794569 -2.853053 -0.056087
0.726425 -2.400496 -0.054620
0.647404 -1.971991 -0.044426
0.576253 -1.523439 -0.040330
0.832738 -2.551685 -0.053816
0.904449 -2.792002 -0.056465
0.486597 -1.003152 -0.030263
0.394278 0.998662 -0.008586
0.331002 1.513498 -0.004027
0.739646 1.544793 -0.001643
0.417410 1.913263 -0.002047
0.749161 1.871433 0.001798
0.438680 2.267308 0.003341
0.538718 2.517382 0.007366
0.656201 2.791841 0.007641
-1.894299 -1.445977 3.016806
-2.299860 -1.616943 3.025804
-2.385559 -1.951794 3.018555
-2.054572 -2.005534 3.026222
-2.273933 -2.475429 3.010253
-1.933374 -2.467874 3.017277
-2.364932 -2.975248 3.013366
-1.992097 -2.915092 3.009654
-1.479838 -2.924782 3.019386
1.342599 -2.450405 -0.046657
1.333834 -1.333098 -0.026450
0.878403 -1.407784 -0.031282
0.722899 -0.965586 -0.028369
0.703439 1.011138 -0.008705
1.100973 1.437569 -0.002762
1.061928 2.066177 0.002071
0.976364 2.819806 0.013294
-1.842296 -0.603336 3.033462
-2.000417 -0.929088 3.028741
-1.655437 -1.428505 3.013898
-1.641491 -1.949382 3.019777
-1.383915 -1.936421 3.016186
-1.617938 -2.491330 3.015187
2.403864 -2.735792 -0.054126
2.056232 -2.322631 -0.042894
1.778719 -1.863814 -0.041639
2.272617 -2.552131 -0.050711
1.157403 -0.988630 -0.025977
1.201003 -0.445915 -0.024046
0.885900 -0.566650 -0.023766
1.192623 0.489913 -0.015103
1.109462 0.972243 -0.008257
1.430579 1.473679 -0.001271
1.720616 1.923203 0.005178
1.367821 1.969532 0.003874
2.299887 2.794074 0.013782
1.787071 2.527832 0.015013
2.137449 2.861950 0.022673
1.859089 2.957414 0.023151
-1.366562 -0.438136 3.035223
-1.131038 -0.686938 3.033580
-1.369225 -0.957609 3.036403
-1.050497 -0.982266 3.024148
-0.916357 -1.407773 3.029830
-1.224314 -1.481284 3.029591
-0.920843 -1.992475 3.026912
-0.838004 -2.451905 3.016549
-0.665176 -2.076272 3.068468
-0.660565 -2.364196 3.074750
-0.411679 -2.545714 3.035712
-0.624400 -2.966671 3.076040
-0.194492 -2.924254 3.029943
1.453872 -1.308715 0.271298
1.433890 -1.001448 0.158209
1.855862 -0.906435 -0.026817
2.984355 -1.530024 -0.026846
2.504547 -1.290187 -0.033795
2.439122 -1.085786 -0.033025
2.280840 -0.964978 -0.031540
1.766713 -0.565480 -0.023136
1.452579 -0.436007 -0.023935
1.444357 -0.164042 -0.025191
1.154903 0.023319 -0.020621
1.735703 0.627087 -0.009486
1.429908 0.565534 -0.013375
2.002257 0.889824 -0.002595
1.911597 1.053371 -0.006901
1.645775 0.785388 -0.011538
1.126229 0.562094 -0.017333
2.473093 1.247515 -0.006358
2.409950 1.520354 -0.000637
1.416738 0.741582 -0.013805
1.465576 0.990098 -0.010844
2.055044 1.714764 0.250338
1.321588 0.811263 -0.014112
1.863973 1.449544 -0.005978
2.548709 1.935241 0.002214
1.888141 1.964166 0.261121
1.975181 1.801289 0.077572
1.885229 1.983294 0.638780
-0.840357 -0.893786 3.035903
-0.624094 -0.896587 3.030329
-0.273794 -0.933689 3.038152
-0.202078 -1.369562 3.028917
-0.690092 -1.340499 3.033400
-0.636571 -1.470285 3.033086
-0.513882 -1.731663 3.026387
-0.171709 -1.915007 3.035561
-0.157870 -2.360178 3.030985
0.541111 -2.385112 3.022269
0.190065 -2.462803 3.024884
0.103619 -2.725178 3.024646
0.162234 -2.807597 3.030605
0.502215 -2.866292 3.027325
0.981307 -2.804275 3.029130
1.460512 -1.287301 0.536071
1.509253 -1.008927 0.347438
2.968234 -0.453407 -0.033303
2.695693 -0.310993 -0.030851
2.402030 -0.098072 -0.029217
2.211035 0.032544 -0.021106
2.167343 0.112569 -0.019679
1.125384 0.128588 0.071475
1.098184 0.175122 0.232186
2.555929 0.747283 0.089243
2.277408 1.825701 0.507467
2.147521 1.758433 0.601352
2.029703 1.709574 0.604925
2.053983 1.699874 1.061065
1.902243 1.960565 1.007678
0.310629 2.600337 3.055118
0.002625 2.087110 3.050993
0.111156 2.555364 3.056102
0.009210 1.643954 3.053340
-0.122842 1.565588 3.052018
-0.116954 1.008790 3.037713
-0.291518 0.593342 3.044559
-0.581830 0.721206 3.044086
-0.241937 0.127703 3.030177
-0.155926 -0.521436 3.037389
0.160424 -0.949837 3.040247
0.114535 -1.454453 3.038099
0.465754 -1.405805 3.034238
0.519543 -1.860932 3.031449
0.151372 -1.932083 3.033417
0.846268 -2.375774 3.013906
1.251099 -2.370514 3.019300
1.256657 -2.890818 3.018929
1.606689 -2.957013 3.023367
1.464047 -1.324749 0.955198
1.441920 -1.031184 0.951207
1.739361 -0.970105 0.690759
1.150370 0.123801 0.276377
1.139987 0.293494 0.301554
2.552367 0.764409 0.684597
2.560495 0.732493 0.433099
2.555453 0.844288 0.707482
2.557772 0.852859 0.413559
1.887554 1.959210 1.255907
1.119509 2.609407 3.052413
0.682542 2.631591 3.054749
0.745882 2.152163 3.035222
0.413152 2.134928 3.037963
0.396505 1.602214 3.041903
0.343508 1.144465 3.040386
0.033904 1.132871 3.044768
0.058936 0.589938 3.041440
0.037305 0.100979 3.040700
0.110726 -0.402835 3.033655
0.286969 -0.454620 3.029446
0.443100 -0.910158 3.027839
0.874728 -1.897482 3.019922
1.093533 -1.983123 3.019203
1.582197 -2.441011 3.028925
1.862496 -2.792872 3.042745
2.266349 -2.940504 3.024845
2.259203 1.807769 1.300083
1.979823 1.800637 1.326122
1.911668 1.930989 1.448643
1.437563 2.876049 3.067757
0.923377 2.252990 3.045149
0.225189 0.631050 3.039099
0.202583 0.092465 3.021213
0.519510 -1.905264 3.034621
0.464134 -1.390142 3.034047
0.861015 -1.901141 3.013334
0.812921 -1.565272 3.035222
1.127815 -1.951515 3.031917
1.630052 -2.821077 3.023820
1.797338 -2.929113 3.062667
1.773834 -2.566914 3.075021
2.293651 -2.875365 3.011593
1.455906 -1.320062 1.303035
1.464694 -1.339211 1.076829
1.455901 -1.033226 1.010656
1.151179 0.114289 0.313680
1.122627 0.292825 0.283988
2.558714 0.738104 0.355734
2.540713 0.744365 0.779086
2.543730 0.845503 0.685341
2.046323 1.707191 1.038514
1.922407 1.930336 0.971678
2.227154 1.774591 1.201654
1.886099 1.955891 1.354808
1.128751 2.596933 3.061281
0.899890 2.302976 3.044876
0.733405 2.671772 3.055233
0.748596 2.091262 3.041418
0.396456 2.578642 3.042669
0.379410 2.128798 3.039270
0.440996 1.565811 3.039846
0.276746 1.182993 3.046491
-0.096152 1.477036 3.056248
-0.166298 1.155870 3.045547
0.158600 0.779336 3.025949
-0.035694 0.604769 3.056640
-0.304007 0.580595 3.023744
0.078709 0.074669 3.047596
0.115146 -0.371029 3.041953
0.160811 -0.601113 3.043698
0.122671 -0.885405 3.037398
0.269792 -0.960137 3.036821
0.131135 -1.386915 3.027581
0.994573 -2.353543 3.011837
1.078704 -2.984764 3.024543
1.434322 -1.055980 0.662507
1.479831 -1.001076 0.253662
1.109437 -0.025426 -0.016213
1.064837 0.230562 0.193586
2.567163 0.871751 -0.005275
2.552258 0.827626 0.374441
2.576861 2.747160 1.293304
0.245432 2.996984 3.055973
0.153943 2.443012 3.042158
-0.279473 -1.980265 3.041807
0.148303 -1.756344 3.043840
0.533282 -2.407809 3.021752
0.952712 -2.912684 3.021049
1.467188 -1.315629 0.658025
1.469215 -1.315005 0.364313
2.951269 -0.509293 -0.027114
2.585043 -0.346297 -0.021241
2.423116 -0.185125 -0.029793
2.005457 0.113095 -0.014930
2.037803 1.702591 0.375261
1.907914 1.924796 0.156120
1.876257 1.961290 0.567319
2.302945 1.807017 0.478711
1.989212 1.786561 0.531208
-0.826657 -0.954426 3.025484
-0.605548 -0.932877 3.041326
-1.066819 -1.429987 3.033911
-0.596480 -1.441508 3.027534
-0.505539 -1.842560 3.033509
-0.217326 -2.389458 3.032858
0.012599 -2.749729 3.026131
1.838674 -1.028671 -0.018120
2.476719 -1.328379 -0.017958
2.607645 -0.928042 -0.016606
1.510545 -0.430608 -0.016142
1.159249 -0.425666 -0.018203
1.805292 -0.442893 -0.015628
2.920573 -1.096213 -0.021610
2.222468 -0.708545 -0.013723
1.262863 0.846007 -0.007973
1.384181 0.675574 -0.009879
1.431132 1.051965 -0.008948
1.693767 1.100194 -0.002278
1.806852 1.515035 -0.003972
2.218866 1.720828 0.003993
2.233499 1.802746 0.020192
2.567023 2.759447 0.187399
-1.280170 -0.434789 3.042730
-1.253275 -1.398217 3.033701
-1.159916 -1.689857 3.016766
-0.916798 -2.021280 3.026242
-0.721591 -2.918892 3.077324
2.580580 -2.999283 -0.048244
1.816028 -2.601501 -0.052816
2.338621 -2.425122 -0.041339
1.932724 -1.923714 -0.033400
2.696118 -2.609304 -0.046802
1.170221 -1.477582 -0.029217
2.270975 -2.114491 -0.043567
1.638796 -1.565898 -0.026318
0.754483 0.716231 -0.011405
0.833704 0.950218 -0.011333
1.105146 1.519928 -0.008560
1.347811 2.042984 -0.004623
1.524293 2.432423 -0.000930
1.752398 2.931421 0.012127
1.253961 1.896804 -0.002465
1.603946 2.689555 0.002769
-2.015032 -0.692432 3.053735
-1.957445 -0.932413 3.019349
-1.768551 -0.604134 3.041839
-1.737550 -0.967978 3.033907
-1.666940 -1.503336 3.016806
-1.797777 -1.795392 3.021488
-1.501851 -2.869801 3.011729
1.030440 -2.606279 -0.048390
1.213674 -1.928049 -0.032532
1.530909 -2.101303 -0.043330
0.742350 -1.386240 -0.027878
0.510794 0.998930 -0.010278
0.622099 1.550124 -0.002048
0.661416 1.952311 -0.002691
0.810939 2.539423 0.005064
0.809731 2.840543 0.002389
-2.511964 -1.939791 3.024161
-2.324819 -2.022601 3.023826
-2.832545 -2.464746 3.017611
-2.331259 -2.458492 3.011191
-2.250171 -2.929148 3.006797
-2.152104 -2.987682 3.015443
1.182446 -2.751999 -0.050606
0.500686 -2.315117 -0.048134
0.757590 -1.956424 -0.030653
0.515429 -1.902233 -0.041041
0.312585 1.399885 -0.004266
0.338734 1.827134 0.005752
0.269507 1.204699 -0.005910
0.258016 1.498734 -0.003777
-2.801174 -2.962794 3.005873
-0.185718 -2.962321 0.541687
-0.178224 -2.680056 0.568962
0.550944 -2.852571 -0.053840
0.146451 0.968676 -0.001055
-0.095820 -2.943247 0.184291
0.377635 -2.859328 -0.067593
0.325277 -2.491885 -0.063403
0.355421 -1.979813 -0.052148
0.341622 -1.503527 -0.042454
0.325047 -1.000242 -0.031616
-0.619362 -2.703477 0.556189
0.225286 -1.516496 -0.042944
-0.211957 -2.966478 0.530944
0.612773 -2.885206 -0.064789
0.246259 0.983659 -0.011809
0.445854 1.005513 -0.007624
0.377832 1.432319 -0.005034
0.232628 1.329798 -0.005259
0.398849 1.872298 -0.000175
-2.398992 -1.689555 3.028386
1.207949 -2.941997 -0.059841
0.990792 -2.378360 -0.048285
1.396211 -1.829916 -0.032806
0.789611 -1.531992 -0.031560
0.692094 1.453861 -0.001788
0.749628 2.007857 0.005290
0.797331 2.653556 0.007996
0.730557 2.908399 0.015559
1.013136 2.756901 0.013094
0.957927 2.984951 0.019121
-1.962162 -1.924652 3.021667
-1.648613 -2.515115 3.007204
-1.523299 -2.919402 3.008844
-1.347663 -2.992905 3.021633
2.024930 -2.979475 -0.051762
1.741402 -2.450717 -0.049349
1.293453 -0.845212 -0.019843
0.847596 -0.864913 -0.024065
0.799339 -0.706974 -0.025264
1.403473 1.938207 0.003511
1.144635 2.063175 0.003633
1.932670 2.074062 0.010752
1.776604 2.683063 0.018474
1.461700 2.555193 0.008180
-1.603310 -0.470576 3.037148
-1.130630 -1.560379 3.031426
-1.013556 -1.912500 3.043504
-1.196552 -2.375033 3.015824
-0.818931 -2.951283 3.023645
-0.569869 -2.924572 3.049493
1.456271 -1.309125 0.129204
1.424986 -1.024234 0.045166
1.597100 -0.982033 -0.016851
1.024766 0.265341 -0.017242
1.369090 0.741055 -0.010669
1.730377 1.160190 -0.002066
1.808671 1.463361 0.000829
2.043135 1.715294 0.072107
2.443559 1.925974 0.008322
1.535844 1.505895 -0.000398
2.344014 2.635338 0.014437
1.954898 1.882410 0.273708
-1.180738 -0.364032 3.104698
-1.119745 -0.553983 3.034275
-0.930676 -0.914305 3.019615
-0.582536 -0.879426 3.041815
-0.880281 -1.433171 3.030930
-0.565591 -1.368717 3.032351
-0.229774 -1.437774 3.036335
-0.703404 -1.858494 3.026814
-0.681918 -1.961664 3.071270
-0.517716 -2.226680 3.019135
-0.132186 -2.881806 3.030678
0.525017 -2.909629 3.023661
1.496892 -1.004162 0.317134
1.722619 -0.973777 0.162332
2.880661 -1.332968 -0.027215
2.544574 -0.904613 -0.030770
2.251582 -0.456909 -0.024162
2.495605 -0.540060 -0.017843
1.776058 -0.033598 -0.020849
1.441602 -0.061612 -0.026174
1.262685 0.435940 -0.015512
2.503909 0.987722 -0.004975
1.864501 1.112861 -0.005290
2.173831 1.052145 -0.002208
2.573462 2.760527 0.809573
-0.559679 0.694222 3.037140
-0.216421 -0.893516 3.021071
0.495789 -1.878290 3.032346
0.150564 -2.048893 3.019000
0.186544 -2.362292 3.018181
1.223793 -2.946205 3.027014
1.733750 -0.974126 0.709631
0.443383 2.548301 3.044988
0.401902 2.087694 3.036160
0.061618 1.591856 3.050370
0.079260 -0.352564 3.040627
0.091958 -0.906951 3.033914
0.909369 -1.933306 3.011717
1.229843 -2.400828 3.020171
1.607831 -2.378836 3.025232
1.937153 -2.816383 3.028639
2.266072 1.804613 1.248091
0.036739 0.613255 3.042742
0.176004 0.084521 3.024069
1.481703 -1.291890 0.690993
2.233263 1.780233 0.569944
1.332244 -0.245199 -0.023005
2.178171 0.785031 -0.002484
2.758950 1.975695 0.002575
-1.227531 -0.390507 3.036868
-0.966735 -0.652763 3.054844
-0.831568 -1.890604 3.018754
-0.271298 -2.948325 3.031752
2.956606 -2.750112 -0.048510
1.715153 -0.940202 -0.021691
0.915191 0.641778 -0.012500
1.289974 1.436808 -0.005999
1.389332 1.533436 -0.002383
1.689722 2.041378 0.003061
1.893765 2.405648 0.002317
2.115602 2.778708 0.012484
-1.421948 -1.415685 3.021610
-1.482289 -1.894629 3.019129
-1.146862 -2.925246 3.019186
1.098576 -1.900609 -0.036797
2.495694 -2.998812 -0.056165
1.145488 -1.368574 -0.023691
1.733858 -1.923071 -0.038738
0.976461 2.025712 -0.002240
1.057362 2.570113 -0.003009
1.263910 2.961976 0.012077
0.915738 1.934139 -0.002552
-2.270658 -1.519660 3.023465
1.150676 -2.967674 -0.051984
1.516877 -2.904683 -0.053497
1.113539 -2.462893 -0.042968
0.820968 -1.855294 -0.033880
0.392505 1.913309 -0.000042
0.554600 2.615393 0.016861
-2.707689 -2.029202 3.012564
-0.098475 -2.699945 0.582551
-0.057282 -2.823886 0.555742
0.569980 -2.549408 -0.046371
0.522115 -2.112212 -0.045786
0.132238 1.010627 -0.003519
0.198631 1.285544 0.006994
0.487588 -2.531345 -0.060565
0.463668 -2.142526 -0.056885
0.204758 -2.640904 -0.063316
0.227034 -1.839543 -0.052036
0.520976 -1.010694 -0.027725
-2.826261 -2.003957 3.036317
-2.644947 -2.893174 2.996251
0.992086 -2.862184 -0.050222
0.824206 -2.353219 -0.050271
1.371474 -2.291708 -0.037430
0.802711 -2.139284 -0.043229
0.757903 1.531780 0.001617
0.583164 2.023623 0.002721
0.440309 2.027665 0.000214
0.645094 2.461262 0.005436
-2.345496 -1.567460 3.023024
-2.472657 -1.706462 3.012187
-2.271240 -1.957312 3.020560
-2.046634 -2.922744 3.010990
-1.506431 -2.445315 3.017422
-1.684389 -2.969363 3.014261
1.253116 -2.030786 -0.033285
1.061888 -1.611201 -0.028346
1.643194 -2.883864 -0.044759
0.713981 0.991256 -0.006785
0.993098 1.557472 -0.000690
1.352822 2.471789 0.012809
-1.840070 -0.557322 3.030735
-1.881691 -0.917920 3.014513
-1.282523 -1.914487 3.015550
-1.361012 -2.460361 3.018399
-1.090092 -2.478524 3.030599
2.467050 -2.521945 -0.043236
2.745059 -2.891666 -0.045654
1.507930 -1.359459 -0.010183
1.700885 -1.586247 -0.026940
0.976796 -0.583924 -0.019283
0.843481 0.619487 -0.010738
1.435671 1.238120 -0.002609
1.387148 1.529443 0.000603
1.653304 1.545914 0.003436
1.808675 1.997694 0.014020
1.483986 1.893812 0.005784
2.101861 2.424073 0.019342
2.007592 2.536196 0.017683
1.991215 2.798309 0.026036
-1.020664 -0.678944 3.028707
-1.259697 -0.932165 3.030030
-1.141071 -1.367546 3.029240
-0.950267 -1.896313 3.024063
-0.577315 -1.928865 3.024956
-0.745448 -2.417254 3.065007
-0.306348 -2.469234 3.031667
-0.562141 -2.755302 3.052048
1.927815 -0.924665 -0.028818
2.786294 -1.408322 -0.028966
2.954527 -1.104961 -0.033744
2.560497 -0.855586 -0.028998
2.234892 -0.841806 -0.028472
2.309124 -0.681749 -0.027195
1.834000 -0.543630 -0.025888
2.241934 -0.619418 -0.027766
1.247986 -0.357301 -0.025218
1.718670 0.015014 -0.022633
2.652291 1.048937 -0.009636
1.848551 1.010585 -0.008293
2.522822 1.661620 0.004744
1.495859 0.865441 -0.011071
2.127054 1.279010 -0.003637
2.011699 1.411152 -0.005064
1.907396 1.927164 0.316561
2.562864 2.765844 0.328505
1.882924 1.967406 0.499874
-0.198003 -1.431476 3.036726
0.442065 -2.441449 3.025316
2.933554 0.079863 -0.023532
1.070470 0.233584 0.222914
2.228166 1.810953 0.684897
2.029349 1.715743 0.587799
2.579780 2.760273 1.175788
2.580931 2.727188 1.424468
0.504804 2.968819 3.063344
0.048252 2.129057 3.048137
-0.022047 1.630282 3.061408
-0.282543 0.622943 3.034661
-0.108821 -0.411920 3.053002
0.391180 -0.937594 3.023671
0.507146 -1.407815 3.030717
0.916269 -1.890345 3.014456
1.007339 2.685339 3.064292
0.712893 2.589309 3.049337
0.687387 2.220315 3.048039
0.106074 0.639063 3.042242
0.044662 -0.453485 3.039570
0.812379 -1.616146 3.033629
1.562598 -2.384010 3.024990
2.054612 1.707283 0.987687
1.897013 1.956487 0.993896
1.069911 2.592934 3.061101
0.416283 1.606529 3.044938
0.526601 -1.362381 3.031781
0.484487 -1.938224 3.024240
1.946497 -2.759737 3.021934
2.342156 -2.936341 3.014551
1.415763 -2.786786 3.060860
1.102652 0.275489 0.057791
2.488008 1.108469 -0.000636
2.582227 2.735648 1.304731
-0.049767 -1.848134 3.033107
0.686409 -2.787275 3.015481
0.881171 -2.931598 3.015187
1.948073 -0.246468 -0.018844
1.911748 0.590516 -0.011713
2.056314 1.698026 0.344731
1.941426 1.868730 0.422002
-0.774328 -1.414929 3.025178
-1.068380 -1.864991 3.013641
-0.366227 -2.032633 3.024524
-0.205254 -2.414225 3.031730
-0.073045 -2.840683 3.032228
2.468761 -1.296068 -0.028128
1.129543 -0.504065 -0.020996
2.258612 -1.133522 -0.029778
1.782211 -0.614046 -0.019248
1.091401 -0.019385 -0.016756
1.222258 0.942431 -0.008008
1.520247 1.340164 -0.007297
1.632464 1.279611 -0.004906
-0.915075 -2.474427 3.039592
-0.839127 -2.888586 3.024471
1.955712 -2.390478 -0.043171
1.056528 -1.432692 -0.025406
2.855529 -2.803743 -0.053696
2.373581 -2.245493 -0.047038
1.715468 -1.665823 -0.034194
0.695786 0.738704 -0.012581
0.586898 1.507031 -0.005144
1.001270 1.486900 -0.010844
1.206875 1.982816 -0.007258
1.371223 2.517013 0.000747
1.609104 2.941382 -0.001475
1.302204 2.260343 0.001038
-1.987510 -1.430808 3.014246
-1.904587 -1.893998 3.025514
-1.778921 -1.519189 3.019920
-1.719731 -1.949262 3.019129
-1.806280 -2.271583 3.012391
1.095592 -2.787768 -0.054167
1.576406 -2.436805 -0.043196
1.093721 -1.893261 -0.026212
0.478362 0.979109 -0.010952
0.684037 2.034713 0.000878
0.506195 1.380178 -0.005703
0.761852 2.457866 0.005819
0.673511 2.865669 0.018398
-2.637429 -1.958243 3.016100
-2.562426 -2.405119 3.011087
-2.475835 -2.889766 3.006301
0.528795 -1.453358 -0.034134
0.289390 1.016966 -0.008112
-2.926116 -2.167850 3.016117
-2.910078 -2.520893 3.010480
-0.553021 -2.953837 0.648578
0.240827 -1.467037 -0.037952
0.431407 -2.885510 -0.062460
0.352892 -2.527001 -0.058225
-2.659965 -2.520814 3.005488
0.467321 1.883750 -0.003681
0.657539 1.885446 -0.000109
-2.275519 -2.513524 3.007919
-2.100499 -2.495057 3.016458
1.229165 -2.630129 -0.061863
1.064397 -2.086139 -0.043717
0.706427 -1.107633 -0.033027
1.270039 -1.414217 -0.029398
0.808399 1.009136 -0.009779
0.712522 1.499377 -0.003295
0.731103 2.272653 0.004916
0.960616 2.461331 0.006092
-1.968819 -0.688208 3.027359
-1.523116 -0.873468 3.031184
-2.056076 -1.503136 3.019962
-1.373644 -2.506484 3.021747
-1.210398 -2.976810 3.025555
1.923568 -2.433051 -0.052402
1.751164 -2.161000 -0.053101
1.073532 -1.074634 -0.028194
1.075336 1.102648 -0.008287
1.386307 2.081118 0.001070
1.237662 1.999506 0.001426
2.064421 2.863536 0.020205
1.426496 2.433547 0.007708
-1.599466 -0.422749 3.038072
-0.804624 -1.386848 3.023267
-1.241513 -1.899794 3.021376
-0.864390 -1.939898 3.017931
-0.659089 -2.495444 3.082054
-0.622215 -2.831208 3.069096
1.951566 -0.312888 -0.023733
1.497743 -0.653038 -0.024425
1.092682 0.020870 -0.021052
1.899345 0.553752 -0.015864
2.438451 1.630076 0.004167
2.597367 2.087450 0.011527
1.936522 1.589829 -0.002285
1.910725 1.908895 0.274901
-0.600639 -1.875127 3.029875
0.182983 -2.544036 3.024787
0.164617 -2.906588 3.029363
0.481028 -2.955019 3.030227
2.944908 -0.868868 -0.036186
2.631250 -0.725002 -0.027316
2.873635 -0.478856 -0.021382
2.370160 -0.093646 -0.022078
2.199096 0.070629 -0.014631
2.476990 1.061302 -0.004969
2.191739 1.782356 0.597124
2.577987 2.759757 1.036641
0.476682 2.496629 3.051327
-0.495171 0.619908 3.050733
-0.150413 0.121118 3.028112
-0.074300 -0.387932 3.044885
1.175571 -2.416285 3.018792
2.545618 0.719548 0.546387
2.549165 0.836628 0.576239
0.852166 2.743388 3.069597
0.803667 2.890229 3.066624
0.359046 2.064266 3.044200
0.239636 1.649455 3.055616
0.107809 1.955436 3.052684
0.059521 1.079510 3.049097
-0.015371 0.578235 3.045690
0.016321 -0.107573 3.044065
0.308538 -1.001528 3.034568
1.037833 -2.026366 3.016436
1.899612 1.938940 1.019333
0.892958 2.229778 3.040276
-0.165794 0.059610 3.043405
1.199487 -2.367202 3.014213
1.598011 -2.707491 3.016677
1.897658 -2.869694 3.031719
2.319750 -2.891341 3.023160
-0.131497 -1.385091 3.031705
0.829790 -2.500510 3.019418
-0.121589 1.498807 3.040975
0.082339 -1.750088 3.031315
0.980068 -2.772089 3.016547
1.189120 -2.919024 3.016385
1.542585 -1.001888 0.407167
1.114014 0.280080 0.111377
2.548451 0.860843 0.069301
2.275498 1.811878 0.446761
2.103647 1.724754 0.453516
-0.469671 -0.990238 3.036226
-0.339943 -1.440720 3.029477
-0.076973 -2.349306 3.025120
0.208508 -2.765868 3.023226
1.513273 -0.994945 0.313234
1.914573 -0.863319 -0.025858
2.941679 -1.345955 -0.021644
2.549139 -1.335475 -0.025257
1.462299 -0.526695 -0.020066
1.641680 0.595860 -0.010040
1.543863 0.970834 -0.009715
1.911480 1.377091 -0.006409
2.065798 1.714932 0.142056
2.232042 1.292835 -0.002524
2.516830 1.596115 0.003630
2.534286 1.891568 -0.002735
2.557103 2.755677 0.297969
-1.237865 -0.889807 3.030544
-0.767295 -2.382084 3.050967
-0.607730 -2.708906 3.039387
-0.572346 -2.829075 3.072391
-0.401217 -2.986539 3.028465
2.642985 -2.703197 -0.046503
0.998681 1.033651 -0.009815
1.507810 2.044958 -0.001950
1.584433 2.165810 -0.004577
1.951469 2.919652 0.008069
-1.475247 -2.365619 3.015078
-1.395792 -2.185490 3.017361
-1.237596 -2.881938 3.027486
1.889455 -2.933560 -0.044210
1.532744 -2.517688 -0.041333
2.008540 -2.595529 -0.047470
0.554900 0.884588 -0.012633
0.822149 1.975155 -0.005114
0.902487 2.321517 -0.000646
-2.156392 -1.419257 3.015788
-2.108001 -1.973464 3.018475
-2.151035 -2.822347 3.013954
1.120279 -2.501703 -0.045823
0.727628 -1.808080 -0.030970
0.656949 -1.529418 -0.026985
0.513806 -0.950192 -0.021289
0.417388 1.812192 0.001635
-2.976077 -2.995492 3.020168
-2.654608 -2.915332 2.998941
-0.568087 -2.895315 0.725109
0.229957 -2.014906 -0.054826
-2.758214 -2.523173 3.013376
0.654948 -2.929268 -0.063897
0.518003 -1.896396 -0.043589
0.456872 1.529175 -0.001976
1.130386 -2.891461 -0.054008
0.624684 1.492638 0.002281
0.483419 1.777158 0.001268
0.726120 1.997804 0.006648
-2.021177 -1.000431 3.023364
-1.754668 -2.139356 3.024925
1.333418 -1.940850 -0.037292
1.138824 -1.538398 -0.030930
0.907228 -1.076945 -0.027340
0.854782 -0.958246 -0.028432
0.931542 1.196157 -0.004721
1.071574 1.508114 -0.002286
1.062185 1.913297 0.001325
1.441501 2.342735 0.009445
1.095533 2.297731 0.010137
1.641935 2.802581 0.018677
1.285441 2.874395 0.019319
-1.613505 -0.503347 3.033695
-1.767626 -0.781189 3.035582
-1.483399 -1.946857 3.016807
-0.887969 -2.525795 3.025006
1.227690 -0.903178 -0.023962
2.428563 -2.278189 -0.045861
1.459252 -1.255091 0.002506
1.067975 -0.526694 -0.023437
1.092595 0.572990 -0.014946
1.083404 0.999216 -0.010945
1.691406 1.972919 0.002990
2.083000 2.316624 0.005696
1.969896 2.409082 0.008636
1.728511 -0.961597 0.097285
2.726280 -1.283972 -0.029762
2.884765 -0.887082 -0.035978
2.558547 0.765242 0.119490
2.936258 1.257725 -0.005142
2.116940 1.743565 0.253960
1.380211 -2.900493 3.067325
2.057962 1.695165 0.835899
0.658199 2.784837 3.075678
0.287463 2.117783 3.053104
0.558871 2.859269 3.067103
-0.063040 1.130544 3.049622
-0.098795 1.359962 3.052771
0.202139 -1.040110 3.038800
0.153656 -1.694929 3.033630
0.959574 -2.405744 3.016373
1.864152 -2.930990 3.033688
1.436720 -1.038743 0.834889
1.900689 1.960448 1.283767
-0.030017 -1.300678 3.036496
1.569798 -2.956538 3.012237
1.806286 -2.580936 3.092703
1.983787 1.784356 1.316989
0.666880 -2.226446 3.014824
1.369356 -2.846685 3.029623
1.574517 -0.999014 0.493224
1.149876 0.116445 0.138549
2.555871 0.835810 0.177748
2.040080 1.696469 0.595546
1.939160 1.872717 0.737560
0.451299 2.994581 3.048130
-0.578600 -0.902164 3.037885
-0.300967 -0.943723 3.033560
-0.150354 -1.873891 3.032427
0.395849 -2.490613 3.024579
0.189277 -2.150981 3.033742
2.887685 -1.043772 -0.031557
2.205679 -0.383986 -0.015457
2.884869 -0.341651 -0.010731
2.534356 -0.119976 -0.015905
1.492738 0.491867 -0.011040
2.568042 0.953202 0.001787
1.934518 0.955013 -0.002108
2.657768 1.590937 0.005305
-0.703798 -1.988878 3.074008
-0.684827 -1.509291 3.034550
-0.517979 -2.317504 3.016752
2.549680 -1.406863 -0.018610
1.509736 -0.607894 -0.016809
1.346814 1.208002 -0.005450
1.695198 1.709911 0.002210
2.168559 2.555101 0.011415
2.497952 2.908313 0.014883
-1.590723 -0.920702 3.027712
2.085787 -2.897962 -0.048929
2.430604 -2.854974 -0.057657
1.697626 -2.254523 -0.042522
1.860518 -1.877220 -0.038554
1.125328 -1.964811 -0.039528
2.675229 -2.913104 -0.055121
2.190040 -2.294927 -0.046398
0.869609 1.533860 -0.003874
0.937104 1.632618 -0.001534
1.058799 1.960649 -0.005593
1.150657 2.415498 0.004117
1.254769 2.617330 0.010311
-1.819262 -2.885749 3.006571
-1.781247 -2.525203 3.018138
1.341868 -2.780493 -0.046778
0.706918 -1.271954 -0.029266
0.482255 1.416524 -0.004717
0.621096 2.285828 0.005317
0.531419 2.106894 0.008050
0.624720 2.627715 0.016937
-2.422935 -2.950686 3.013618
0.431241 -2.904964 -0.065583
0.927267 -2.540011 -0.065585
0.812873 -2.450556 -0.062021
0.462312 -2.329682 -0.060311
0.794964 -2.036367 -0.050517
0.207169 -2.596977 -0.064824
0.217624 -2.133218 -0.058079
-0.613444 -2.698540 0.560211
0.377246 -1.476721 -0.035178
-2.791417 -2.926206 2.999866
0.851659 -2.775534 -0.053729
1.428687 -2.942752 -0.052265
1.192905 -2.323170 -0.040171
0.952395 -1.582551 -0.026403
1.094711 2.174399 0.005587
1.232024 2.587982 0.012501
-1.664250 -2.004846 3.017654
2.389914 -2.780511 -0.056687
1.423061 2.096733 0.007200
2.363741 2.928421 0.017053
-0.135450 -2.428348 3.027740
1.919481 -1.005106 -0.024374
2.629598 -1.319544 -0.028010
2.358688 -1.077372 -0.034010
1.793306 0.978825 -0.004720
2.403570 1.568992 0.005935
-0.178879 -0.895916 3.039498
2.887113 -0.508344 -0.025860
2.309554 -0.147562 -0.023403
2.208729 -0.058009 -0.022512
2.549696 0.786831 -0.003084
2.303768 1.846646 0.502741
1.891203 1.970478 0.873855
0.151440 2.646921 3.065138
-0.286473 0.850175 3.054854
-0.302678 0.220082 3.048271
-0.275979 -0.617884 3.048446
0.126364 -1.509578 3.042996
0.293940 -1.534870 3.026215
0.881848 -2.439152 3.011983
1.104713 -2.528333 3.020706
1.441700 -1.105021 0.780589
-0.234321 0.093592 3.041058
-0.198598 -0.926653 3.031286
2.547032 0.729503 0.266200
2.559920 0.829542 0.288197
-0.000307 -1.765737 3.034396
0.767410 -2.716907 3.013929
1.471205 -1.320755 0.804131
1.456263 -1.176314 0.695975
1.751209 -0.972025 0.516418
2.862298 1.026843 -0.002901
1.889380 1.954026 0.186639
-0.444489 -1.499028 3.036387
2.671309 -1.442806 -0.014115
2.834374 -1.278219 -0.022516
2.601144 -0.884974 -0.013294
1.908168 -0.472505 -0.013697
1.734861 1.113188 0.001662
2.385082 1.904215 0.021000
-0.720980 -2.875582 3.066157
2.373849 -2.664795 -0.052233
1.946264 -2.092943 -0.045563
2.173520 -2.179660 -0.040634
1.593209 -1.472060 -0.029391
2.535264 -2.377782 -0.048627
1.539227 2.407611 0.004359
-1.716365 -1.009492 3.024694
1.331103 -2.392028 -0.040197
1.668126 -2.313388 -0.044466
1.103910 -1.880542 -0.030105
0.881184 -1.360070 -0.024055
0.680406 -0.871260 -0.022565
0.662580 1.553877 0.002205
0.940240 2.738322 0.009321
-2.282457 -1.482572 3.019959
0.851269 -2.665405 -0.050863
0.972760 -2.036628 -0.043446
-2.803714 -2.520864 3.007530
-0.316558 -2.972256 0.489322
0.316304 -2.976367 -0.062422
-0.562628 -2.896216 0.689192
0.229951 -2.282645 -0.051345
-2.408665 -1.660104 3.043716
1.216295 -2.888543 -0.066219
0.589437 1.021177 -0.006819
0.667974 1.971806 0.003819
0.961386 2.538675 0.008911
0.855105 2.986842 0.014924
-1.757420 -1.641519 3.027828
1.806302 -2.590207 -0.056589
0.867341 1.369109 -0.001114
1.175295 1.912942 0.001530
1.648175 2.452974 0.013009
1.423426 2.826026 0.017174
-1.334278 -0.898006 3.035300
-1.183308 -2.466852 3.026776
1.459756 -1.343664 0.425711
1.655080 1.090588 -0.004190
1.887710 1.570635 0.000575
2.621894 1.475248 0.005718
2.130608 2.362298 0.009806
2.565896 2.979461 0.020715
0.651399 -2.846326 3.025423
2.984679 -0.906929 -0.027300
2.524542 1.041477 0.001596
-0.473625 0.784964 3.036338
0.377519 -2.009214 3.025428
2.042340 1.694477 0.914066
0.768777 2.974065 3.064729
0.525042 2.573928 3.063633
0.387214 1.597406 3.045964
0.110313 2.055597 3.038647
-0.210064 -0.556369 3.045590
2.238633 1.777709 1.199664
0.808452 2.952006 3.049691
1.001659 -2.667901 3.018068
2.456214 1.042046 0.003678
1.510694 0.551913 -0.008312
1.883992 1.953756 0.737158
0.156076 2.333743 3.040090
-0.002432 -2.289322 3.023787
0.265332 -2.499926 3.023388
2.186573 -0.869890 -0.022045
2.552527 -0.559363 -0.012477
2.157275 0.726208 0.000835
2.184964 1.050377 0.003096
2.050876 2.664363 0.016845
1.892844 2.366999 0.008895
-1.191072 -2.808675 3.011132
1.842852 -2.793168 -0.050543
1.547075 -2.042375 -0.035964
1.803439 -2.024280 -0.042746
1.544122 -1.666074 -0.033567
1.012772 2.419217 0.001270
0.905048 1.886016 -0.002973
0.984299 -1.652324 -0.032873
0.461277 1.792302 -0.003491
0.499713 -2.688028 -0.057815
0.390993 -1.896516 -0.045216
0.823595 -2.215464 -0.046874
1.460215 -2.462174 -0.048040
0.668957 2.135898 0.005334
-2.128215 -1.157046 3.021022
-1.773209 -2.645659 3.017724
1.517358 -2.734334 -0.053941
1.526049 -2.665023 -0.051394
1.013189 -1.525419 -0.029237
1.672711 -2.958913 -0.044683
0.885986 -1.249873 -0.027591
0.925593 2.117215 0.003639
1.308677 2.379452 0.008956
1.418759 2.990757 0.018695
-1.793692 -1.329715 3.019945
-1.496135 -2.429670 3.018752
-1.387764 -2.732586 3.012106
2.523718 -2.578827 -0.048504
1.912248 -1.799157 -0.039872
2.406963 -2.434485 -0.050399
1.380895 -1.247617 -0.025294
1.092595 1.048961 -0.008471
1.629886 1.520024 -0.000007
2.847959 -1.456664 -0.025508
2.613669 -1.276053 -0.028472
1.779186 -0.499650 -0.022790
1.837909 0.995369 -0.005165
0.190865 -2.663683 3.017651
1.734369 -0.968367 0.452322
2.017555 1.734494 0.787053
0.223307 2.216785 3.052197
-0.035344 1.581560 3.060328
-0.102629 1.349671 3.055240
0.941145 -2.656543 3.017121
0.546593 2.453581 3.045648
1.934423 1.897063 1.425393
1.464815 -1.334817 1.296043
1.539944 -1.003809 0.546579
2.478273 0.767676 -0.004686
1.126947 0.300309 0.262120
2.496403 1.169715 0.003882
2.032107 1.698676 0.664056
0.388732 2.971476 3.061973
-0.713614 -0.962415 3.034981
0.235842 -2.018717 3.017115
1.473279 -1.321093 0.723913
2.883627 -0.770995 -0.028295
2.681065 -0.296247 -0.011819
2.193226 -0.001233 -0.007411
1.572872 1.239069 -0.001376
2.704872 1.334205 0.006519
1.961194 1.833317 0.385574
2.194156 -1.100742 -0.026499
2.528792 -1.119188 -0.023414
1.468209 1.300389 -0.003900
1.787996 1.535896 0.003275
2.676413 2.941080 0.021712
-0.940921 -2.511626 3.061773
1.205355 -1.291910 -0.023729
2.715135 -2.659431 -0.046865
1.664347 -1.613739 -0.030552
0.907149 1.357265 -0.003045
1.275570 2.220572 0.006165
1.505780 2.958136 0.010834
-1.799331 -2.389935 3.017577
1.555450 -2.393858 -0.042358
0.917445 -1.142299 -0.026059
0.564521 1.460756 -0.002754
0.491681 1.355756 -0.005459
0.730832 2.382952 0.005354
-2.505378 -1.674781 3.027958
-2.201111 -2.001257 3.023155
1.245556 -2.785659 -0.063479
1.209433 -2.470978 -0.052279
0.699644 -1.057642 -0.030500
0.708642 1.488975 0.001197
0.663489 1.895207 0.003006
1.252403 2.016248 0.003016
-1.810243 -2.477877 3.020963
1.528732 -1.809005 -0.038489
1.226106 -1.370928 -0.026260
2.205749 -2.847145 -0.052189
1.486449 -1.729955 -0.036683
1.404307 2.101166 0.003613
2.157906 2.986333 0.019004
-1.008930 -1.533896 3.027055
-0.352859 -2.984541 3.025173
2.622168 2.097007 0.013895
-0.239985 -1.253002 3.037144
0.231317 -2.588634 3.022799
2.793122 -0.775615 -0.030885
2.198336 -0.441101 -0.026087
2.608059 1.110822 -0.009839
1.981464 0.614651 -0.013585
1.991192 1.754213 0.635878
0.208381 2.693419 3.076964
0.673250 -2.698762 3.029640
0.874331 -2.887078 3.027553
1.596014 -2.813848 3.021226
0.095303 -0.875959 3.043345
0.680662 2.093424 3.041208
-0.007542 1.079269 3.042003
0.139944 -1.843674 3.033490
2.889417 0.067554 -0.017924
2.809489 0.171670 -0.016749
2.712102 -0.934425 -0.023745
1.766392 -0.100161 -0.016866
1.639005 0.619263 -0.008061
1.847290 1.317104 -0.005092
2.721421 2.098714 0.003225
2.968039 2.038955 0.008080
2.849298 -2.953517 -0.053485
2.257819 -2.246258 -0.043897
2.600718 -2.422723 -0.037362
1.855751 -1.770523 -0.034905
1.414569 -1.241738 -0.026692
0.875968 0.861060 -0.013497
1.303791 1.666655 -0.001413
1.468263 1.991970 -0.001656
1.750881 2.487384 -0.000498
-1.829283 -0.897152 3.017252
-1.599925 -1.991408 3.016130
-1.412408 -2.177973 3.014736
1.780204 -2.254904 -0.049454
0.797428 2.028462 -0.002345
0.962859 2.344248 0.003300
1.138993 2.970378 0.005972
0.876519 2.395447 0.001071
-2.174582 -2.785041 3.003753
1.351685 -2.877304 -0.054404
1.010266 -2.524795 -0.046595
0.844236 -1.977371 -0.032799
-2.699643 -2.501390 2.998748
-0.082327 -2.955727 0.302420
0.194762 -2.606683 -0.059330
0.843949 -2.003317 -0.039043
1.062235 -2.837444 -0.054041
0.727736 -1.610960 -0.033742
1.689368 -2.617677 -0.049978
1.111771 1.608235 -0.000324
1.134558 2.113285 0.003628
1.362542 2.169868 0.006442
-1.628524 -1.021459 3.026241
2.499083 -2.386596 -0.040202
1.786294 1.482581 0.002026
1.403832 1.542449 0.003164
2.235111 2.567707 0.017317
2.119705 2.683160 0.022036
-0.400103 -2.047134 3.023393
2.727562 -1.310149 -0.021860
2.876847 -0.908489 -0.030954
-0.181305 -1.257067 3.030228
-0.214934 -1.897289 3.033456
0.042497 -2.283615 3.026282
1.262062 -2.785087 3.011196
2.283786 1.819091 0.866648
1.901428 1.925470 0.754816
1.208436 2.989467 3.060223
-0.480707 0.458529 3.046509
0.798152 -1.554022 3.027768
0.680430 2.170540 3.040265
0.171629 1.183094 3.029986
0.159188 -1.026729 3.036811
0.363327 -1.487392 3.029495
1.050479 -2.466769 3.023252
2.209966 1.778451 0.600151
-0.505722 0.472420 3.041156
-0.313147 -2.518667 3.035056
1.887577 -0.892766 -0.021678
2.995900 1.284593 0.006423
1.336399 -0.859107 -0.018991
1.356557 1.178478 -0.005787
1.655252 1.641366 0.001117
2.083351 2.416637 0.007337
-1.204299 -2.360815 3.020125
0.942158 -0.683239 -0.018018
0.854612 1.478894 -0.003790
1.113492 2.291164 0.002202
-1.786072 -2.496313 3.024405
-2.540793 -1.706008 3.031862
0.392884 -2.033475 -0.055190
0.192653 -2.718955 -0.064491
0.221933 -1.601265 -0.046180
0.863194 -2.903338 -0.064788
-1.932971 -1.399764 3.019678
-2.403408 -1.987218 3.009665
-2.300292 -2.525958 3.013132
1.261619 -2.383694 -0.044941
1.381248 -1.431353 -0.025992
1.455744 -2.782335 -0.050975
1.105672 1.459834 0.000489
2.195375 -2.567445 -0.044410
1.425142 1.478890 0.002422
1.814786 2.600049 0.020785
2.298265 2.820262 0.019573
-0.672101 -2.117206 3.068175
2.410165 -1.119613 -0.029355
1.881149 1.062788 0.001498
2.356793 1.215856 0.004831
2.363919 1.526400 0.009130
1.895097 1.930278 0.313534
-0.482296 -1.061746 3.030759
0.339422 -2.531691 3.021713
1.455276 -1.317792 0.543282
1.013700 -2.850283 3.018288
1.611129 -2.402054 3.012668
0.159938 -0.590081 3.046869
2.581114 -0.266784 -0.027100
2.076128 0.099546 -0.016532
2.918652 1.094235 -0.003314
2.846429 -1.559462 -0.024926
1.317920 0.905874 -0.006716
2.360667 1.872520 0.011050
2.772995 -2.927107 -0.049227
1.601415 -1.498756 -0.026966
2.571961 -2.436499 -0.045770
1.434110 -1.434835 -0.029022
0.748655 0.697170 -0.010309
1.551945 2.544571 0.001677
1.162175 -2.621309 -0.058066
0.768594 2.586671 0.005492
1.044011 -2.987631 -0.058218
0.543733 -2.673051 -0.054302
0.546434 -2.045208 -0.051473
-2.924556 -2.074158 3.031015
0.380931 1.494044 0.000517
0.976860 -2.111609 -0.038821
0.486211 1.299117 -0.001145
1.062934 2.977756 0.019536
-1.523327 -1.384652 3.012183
1.590865 -2.203162 -0.042852
1.072316 1.468324 0.000714
1.447936 1.384682 0.001375
1.167551 1.879807 0.003182
1.881218 2.899056 0.025684
1.659216 1.085127 0.000535
2.505750 2.875000 0.026644
-0.701380 -1.071685 3.029666
-0.504781 -1.568760 3.027094
-0.307232 -1.981430 3.035051
2.472169 -0.617679 -0.026252
2.502142 -0.088681 -0.030815
2.525945 1.030618 -0.003536
1.931249 0.872841 -0.009060
2.603005 1.448901 -0.000684
2.570124 2.748928 0.906122
0.136633 -2.240942 3.033118
2.168584 1.767256 0.734453
2.251251 1.803035 1.147063
0.365203 1.221559 3.039144
1.808171 -2.573261 3.100205
0.162128 0.102754 3.036227
1.002841 2.719194 3.058237
2.521968 1.109286 0.003972
-0.492936 -1.351750 3.029866
2.194833 -0.332641 -0.019466
2.912795 -0.304840 -0.015124
2.665753 1.873401 0.003078
-1.251979 -0.164479 3.059428
-1.150736 -0.827210 3.037439
-0.692774 -2.263336 3.061754
1.252264 1.356009 0.001092
1.445667 1.606760 0.007971
1.533819 1.818784 0.003927
1.708209 2.116144 0.011093
1.963828 2.545440 0.018450
1.192835 -2.135937 -0.044122
2.299932 -2.726696 -0.058785
1.914980 -2.182773 -0.048912
1.109862 -1.042570 -0.025071
0.899316 1.960514 0.002832
0.435662 1.490652 0.002090
0.286211 0.992621 0.001268
-2.642248 -2.962704 3.001699
0.678767 -1.862591 -0.037990
0.602217 -1.449884 -0.033600
0.695962 2.365351 0.015047
1.225639 1.460374 0.004782
1.417848 2.670886 0.018337
1.221377 2.780588 0.019208
1.933789 -1.866258 -0.034146
2.577802 -2.806698 -0.040998
1.355096 1.147930 0.000631
2.457595 2.659277 0.020679
2.207963 2.610760 0.024279
1.530846 2.006855 0.013602
1.784602 2.458067 0.020765
-0.494549 -2.157555 3.020882
2.379849 1.528696 -0.001547
1.510369 0.892095 -0.009652
-0.761445 -0.885904 3.033757
-0.186149 0.929366 3.044588
0.065540 -0.517745 3.038854
0.202185 0.241189 3.035659
0.473604 -2.384972 3.016844
1.365756 -2.747190 3.041665
2.202740 1.770596 0.737757
2.918555 -0.744002 -0.032361
2.131230 0.822470 0.000128
2.876119 1.045447 0.003903
-0.790281 -1.397853 3.028608
-0.664024 -1.723313 3.021614
1.409618 -0.787393 -0.016284
1.900046 1.940855 0.034716
1.595350 1.227204 0.000028
2.636772 2.830855 0.018971
2.565866 2.761575 0.092276
2.268868 -2.341608 -0.040546
2.195311 -2.039794 -0.032806
1.264228 2.137485 0.003867
-1.792349 -1.477989 3.014874
1.271467 -2.560582 -0.040925
1.822323 -2.885503 -0.048271
0.595181 1.586612 0.001870
0.674971 -2.259960 -0.039313
0.634594 -2.479589 -0.054242
1.332821 -2.942608 -0.060783
1.071311 -2.129939 -0.040272
1.061160 2.515932 0.012216
2.129688 -2.809215 -0.050705
1.692268 -2.103338 -0.040069
1.029221 1.546059 0.001769
1.636636 2.133133 0.014343
1.853130 2.522107 0.022395
1.517137 2.669655 0.018017
-1.140466 -1.187797 3.032251
-0.647476 -2.522003 3.080353
1.392853 0.580140 -0.008417
1.434293 0.617820 -0.013905
1.717653 1.543322 -0.004334
-1.121098 -0.452311 3.197530
-0.679134 -1.686400 3.025263
2.253105 -0.517601 -0.028472
2.585448 2.750014 0.795277
0.783057 2.866883 3.063107
2.182622 -2.990198 3.032431
1.637034 -2.727639 3.023721
1.892903 1.951788 1.430196
1.197771 -2.892924 3.010106
1.008463 -2.782218 3.015758
2.055148 1.697794 0.456822
-1.153748 -1.263448 3.036562
2.587785 -2.622834 -0.052794
1.089425 -0.498642 -0.020080
1.506250 1.984031 0.002565
1.307662 1.631333 0.001183
1.654088 2.271492 0.001783
0.936593 2.220428 0.005195
-2.045300 -2.506081 3.016641
-0.144336 -2.914543 0.628983
-0.582000 -2.699844 0.560169
0.441518 1.505113 0.001610
1.253409 -1.887379 -0.036381
1.775406 -2.834467 -0.054293
1.605972 -2.510937 -0.046378
-1.547251 -0.501512 3.041162
-1.131805 -2.008169 3.033076
1.440912 -1.318848 0.059064
2.665731 -2.530370 -0.045878
2.474970 -0.947934 -0.030328
2.932933 -0.662280 -0.031531
1.687774 0.044383 -0.023374
2.218833 1.808567 0.754766
0.152577 -0.070272 3.032223
2.013200 -2.818772 3.025769
2.191812 1.758428 1.276749
1.427025 0.004243 -0.022288
1.206742 0.117740 0.005690
2.100300 1.713534 0.323518
2.857101 -0.645744 -0.025864
2.193088 0.873585 -0.006124
2.981107 1.182680 -0.000303
1.652982 -0.694345 -0.017646
1.055478 -0.184193 -0.014365
1.673951 1.621517 -0.000651
2.082301 2.205871 0.002051
-1.480431 -1.313396 3.027830
2.360502 -2.982424 -0.056742
0.801545 -1.014529 -0.027796
1.081507 2.014498 -0.002011
1.281874 2.514718 -0.001755
1.386792 2.899901 0.009544
1.197319 2.360737 0.003740
-1.961480 -0.704396 3.034874
-1.816326 -2.777032 3.019138
1.404788 -2.887143 -0.048656
-2.436460 -2.451850 3.015432
0.722347 -2.982795 -0.053870
0.627914 -2.363384 -0.047618
0.748672 1.604423 0.000639
0.866159 2.411707 0.008733
-1.583569 -1.899346 3.019105
-1.417211 -2.003984 3.017778
-1.565495 -2.398386 3.017076
1.124645 1.508197 0.000204
2.328538 2.892899 0.017851
-1.171183 -1.712777 3.022267
2.937189 -1.609181 -0.033389
2.349904 -1.123145 -0.035363
1.683740 -0.589561 -0.023648
2.593400 1.489123 0.005456
1.913079 1.898348 0.115968
2.221459 -0.133240 -0.028356
0.096162 2.244964 3.078438
0.936356 2.731572 3.071025
0.654034 2.309799 3.052950
0.164817 1.247855 3.046767
2.198754 1.772657 1.186602
-0.228051 0.919261 3.039174
0.437120 -0.898457 3.031556
0.740174 -2.662698 3.015056
-0.884913 -0.656748 3.042164
-0.428741 -1.512255 3.032147
2.247843 -1.090984 -0.025211
1.572958 -0.214591 -0.017244
1.722954 1.070362 -0.000914
2.235916 1.660827 0.005644
1.637852 2.598705 0.005074
1.310548 -2.079788 -0.035887
0.699337 -2.005690 -0.032552
0.337975 1.396546 0.001623
0.642225 -2.500153 -0.049737
0.995377 2.693495 0.017073
-1.804793 -1.511872 3.013036
1.953467 -2.901947 -0.052155
1.773678 -2.508013 -0.041875
1.786201 1.449513 -0.003960
2.394194 1.893223 -0.000306
1.523841 1.499392 -0.004177
2.005952 0.583672 -0.013261
2.456025 0.980806 -0.004460
1.545129 0.467613 -0.018475
2.847198 1.269244 -0.003081
2.513738 1.373478 -0.003899
0.200519 1.732030 3.059474
0.998199 -2.061502 3.015810
1.494821 -2.540813 3.028417
1.933620 1.897094 1.033060
0.647766 -2.306926 3.011995
-0.466116 0.521604 3.042285
0.015754 -2.310409 3.027014
1.462059 -1.294712 0.382615
1.525363 -0.398795 -0.019144
1.752757 0.543821 -0.005372
2.200512 0.759041 0.003451
2.142611 0.997867 0.004745
2.611223 1.638770 0.008872
-1.134008 -0.451346 3.038056
1.294425 1.381337 -0.004336
1.714708 2.065367 0.008297
0.871599 1.870579 -0.000369
1.196219 2.895635 0.014436
-1.976589 -2.890552 3.009152
0.494938 1.905492 0.011713
0.275636 1.266447 0.005253
0.799804 -2.262816 -0.050190
1.449832 -2.502786 -0.054294
-1.810948 -1.282015 3.013294
1.480029 -1.378105 -0.029223
1.845207 2.073852 0.010325
1.724737 2.352131 0.012138
2.062969 2.957341 0.023210
-0.206333 -2.892073 3.024306
2.565428 1.707520 0.012821
0.498904 -2.880448 3.027510
0.197288 2.190982 3.059834
-0.231190 0.236536 3.050725
0.148015 -1.127862 3.025667
0.361661 -1.502722 3.029655
0.792301 -2.067816 3.017923
0.443734 2.600216 3.040918
1.785893 -2.609857 3.094308
0.712885 -2.182145 3.013628
-0.498528 -0.863875 3.029183
1.696924 -0.978030 0.460460
2.538245 -0.611602 -0.016229
1.565420 1.191954 -0.001984
1.882054 -2.274366 -0.036459
1.546671 2.888225 0.013220
-1.808766 -2.304829 3.011129
0.645914 -0.926426 -0.024995
0.663137 2.072226 -0.000864
0.781350 2.887312 0.020195
-2.427780 -1.576859 3.032226
0.470074 -1.895618 -0.037302
-1.945988 -2.004212 3.023871
2.259207 -2.941605 -0.057873
2.123508 -2.762580 -0.047663
1.501048 -1.793075 -0.033674
0.902818 -0.843028 -0.021483
1.259863 1.816753 0.007431
-0.049778 -2.792665 3.022016
2.701081 -0.334347 -0.017494
2.201703 0.124743 -0.007781
0.226836 2.747088 3.079952
1.001410 -2.586197 3.019264
1.913818 1.915236 0.898141
0.605605 2.874938 3.060950
2.060083 1.702155 0.458944
0.390310 -2.946835 3.023643
1.938514 1.407014 0.002637
1.573517 2.174504 0.007246
1.298433 1.625113 0.003011
0.830307 2.024796 0.003687
0.273628 -2.901456 -0.053717
0.216809 -2.452340 -0.050932
0.557171 1.176431 -0.004424
0.872801 2.796985 0.012496
1.497944 -2.379557 -0.044799
1.103642 1.613358 0.000231
0.911513 1.780941 0.003765
-1.423832 -2.236525 3.016061
2.806665 -2.677805 -0.046436
2.759329 -2.710022 -0.047875
2.570595 -0.410616 -0.021117
0.333756 2.248842 3.056564
0.210590 -2.153291 3.029389
2.189265 0.207503 -0.006491
2.184651 1.131205 -0.001615
2.367060 2.790581 0.009152
2.133880 -2.949327 -0.050605
1.301061 2.700630 0.014380
0.549161 1.670869 -0.001145
-2.698862 -2.492622 2.997424
-0.114685 -2.940063 0.257150
-2.804288 -2.917719 2.995282
0.528971 1.716645 0.001984
-2.247409 -2.897314 3.014557
1.326072 -2.533337 -0.036616
-1.778233 -0.488320 3.034608
-1.817267 -1.887994 3.014989
-1.388466 -2.001538 3.013722
1.623869 -1.718078 -0.035035
-1.342763 -0.174638 3.051240
2.176269 -1.099248 -0.029116
2.553955 2.755658 0.415003
1.993521 1.756398 0.715765
0.689018 2.597382 3.060944
0.181882 1.751377 3.045898
0.344002 -1.992222 3.026897
0.202727 -2.969434 3.022810
1.980827 -2.844093 -0.056149
-2.835680 -1.978476 3.020059
1.095951 -2.472664 -0.054276
0.927824 -1.973394 -0.041972
1.905317 1.595739 0.003504
-0.469336 0.834577 3.036888
1.095604 0.241106 0.316703
0.987977 2.696473 3.057113
0.716271 2.330077 3.036570
0.170899 1.344412 3.038321
-0.021755 0.710340 3.038471
-0.311349 0.610583 3.044399
2.925005 -0.294594 -0.016280
2.838155 2.016723 0.002030
-0.967163 -0.585536 3.062440
1.300809 1.424469 -0.007245
1.924976 2.405333 -0.000369
2.096486 2.751048 0.010715
1.873301 -2.100273 -0.026974
0.967770 1.975733 0.000720
0.801548 -1.521516 -0.020263
1.430149 2.728116 0.015623
-1.957617 -0.581803 3.032171
2.277505 -1.226654 -0.025736
2.644775 1.080345 0.001143
2.685411 2.131618 0.019398
-0.647670 -1.278234 3.026287
0.246861 1.206340 3.032128
0.790817 -1.998272 3.018068
2.889079 -0.267860 -0.019654
1.636810 1.271131 0.001183
2.137048 -2.649679 -0.039146
2.673960 -2.848342 -0.045905
1.208805 -1.018416 -0.020360
1.199407 1.937089 -0.001167
-2.550225 -2.477793 2.997006
-2.388335 -2.441479 2.998855
-2.908860 -2.977705 2.995562
0.256839 1.329953 0.001055
-2.591376 -2.999239 3.002352
-2.011263 -0.595863 3.044589
1.954151 -2.500730 -0.048683
1.654682 -2.029466 -0.039731
2.086234 -2.719456 -0.042405
1.509288 2.368876 0.010464
1.751234 2.886551 0.021499
1.545915 -0.714448 -0.019301
1.764500 0.989811 0.000133
2.394676 1.017295 -0.011066
2.271580 1.830948 0.306548
1.532174 -2.579413 3.015480
1.797151 -2.834278 3.073057
2.100065 1.723589 0.145352
0.119938 2.724885 3.053435
2.442706 -0.472660 -0.015095
2.124195 1.158222 0.000430
2.540073 1.874116 0.000920
-0.611788 -2.685088 3.036460
2.001351 -1.903583 -0.042015
1.064960 -1.100184 -0.025425
1.232089 1.515392 -0.003428
1.350155 1.737474 0.000873
1.946577 2.859831 0.015575
1.739994 -2.903404 -0.050974
1.598857 -1.932647 -0.039338
0.824290 -0.703488 -0.023279
-0.200573 -2.922371 0.628416
-2.998630 -2.896739 3.022891
0.766846 -1.711530 -0.035737
0.659128 2.576478 0.008082
2.975574 -1.498121 -0.027978
2.625711 -1.039345 -0.028888
1.252883 0.390594 -0.016672
2.452798 1.600319 -0.003382
2.807920 1.920321 -0.001394
1.193467 2.991247 3.062935
1.404896 2.796337 3.065619
0.680358 1.850544 3.055333
1.142501 0.303814 0.026575
2.919323 1.187257 0.004044
2.471837 1.386582 -0.000329
-1.117474 -0.620209 3.100259
2.060019 2.276911 -0.000739
2.419793 2.794948 0.003116
-1.066487 -2.397782 3.015730
-1.140606 -2.141037 3.025215
1.838003 -2.473388 -0.043023
2.382073 -2.525725 -0.048343
0.660274 2.681065 -0.001162
-2.443622 -2.644804 3.011134
0.763797 -2.748778 -0.061684
0.694339 0.998135 -0.007204
1.865128 2.187502 0.011096
-1.073337 -1.013054 3.030945
2.477215 1.921660 -0.004349
-0.507739 0.515381 3.044946
1.900731 1.971685 1.345628
-0.515781 0.829905 3.035976
1.126441 0.332010 -0.012974
1.741703 1.093728 0.000868
-1.123742 -0.975193 3.026037
2.833286 -2.702217 -0.049944
1.434192 -1.139953 0.030553
1.069917 -0.605276 -0.018384
1.520917 2.326583 -0.001737
-1.473651 -2.890811 3.016368
-2.178808 -2.523636 3.010434
-0.201591 -2.704493 0.554951
-0.495300 -2.906088 0.718896
-0.308191 -2.705735 0.553494
-2.663017 -2.398362 3.011113
1.342078 -1.798662 -0.035313
-1.323664 -1.002811 3.040449
-0.840334 -2.381155 3.023138
1.092306 0.418826 -0.012012
2.981249 -1.230714 -0.032906
1.499377 -0.229572 -0.024249
1.217057 0.115635 -0.005412
2.548209 0.744810 0.825336
0.017038 -0.053792 3.054486
-0.116417 1.625061 3.047347
2.046614 1.697020 0.220306
-0.507035 -1.291424 3.029732
1.474840 -0.353306 -0.021163
2.194955 0.668695 -0.003427
0.966726 -2.934592 -0.051605
-1.434647 -1.517642 3.022642
-1.096421 -2.520911 3.024665
2.479182 -2.619127 -0.043278
2.022768 -2.033553 -0.039245
2.511278 -2.758558 -0.044281
1.740601 1.722435 0.006988
1.985118 1.418695 -0.007223
1.165132 1.381266 -0.005779
2.310547 -1.260921 -0.034176
2.523560 1.980433 -0.002089
2.791849 0.148987 -0.029139
0.160038 -0.299949 3.037127
-0.611215 0.709593 3.044505
2.029075 -0.278193 -0.018963
2.861368 0.979336 -0.001376
-0.495938 -1.656192 3.030416
-1.180628 -1.952227 3.018455
2.355156 -2.190612 -0.043748
-1.882343 -1.929986 3.022579
-2.901267 -2.424891 3.010895
-1.783469 -1.102679 3.018182
1.436114 1.776455 0.005284
1.328744 -0.768124 -0.026283
2.689482 1.903081 -0.002672
1.929203 1.611058 -0.007772
0.798405 -2.453566 3.010651
0.216100 -2.609414 3.027261
2.513829 -1.024067 -0.025684
1.500171 1.970883 -0.003536
2.090004 -2.684861 -0.047150
1.023728 2.649496 -0.004093
1.004194 2.831365 0.001226
0.943579 2.240294 -0.006148
0.885072 2.314142 -0.002478
0.626940 -1.371409 -0.028503
-2.401724 -2.502290 3.018117
0.949923 -2.451137 -0.049647
0.891397 -1.105713 -0.026114
-1.786882 -0.811139 3.031378
1.900668 2.364460 0.007210
2.193437 -0.541473 -0.026321
2.035550 1.706786 0.834314
-0.063222 1.212638 3.052339
-0.205333 1.008278 3.032013
0.645950 -2.199062 3.022166
-0.390693 0.304754 3.028734
1.805406 -0.034898 -0.013419
1.946824 0.922694 0.000349
-0.902434 -2.975790 3.045024
1.207532 2.394002 0.008050
1.604259 -2.722305 -0.053443
-2.103141 -2.000613 3.027559
0.992871 1.882346 0.005069
2.086753 -2.406163 -0.045375
2.239495 -2.664685 -0.048666
1.256584 1.790065 0.003714
-0.499730 -1.834660 3.027952
2.178271 -0.983338 -0.030347
1.438560 -1.094390 0.765129
0.062964 -1.279940 3.035044
1.420133 -2.688925 3.058321
0.814749 -2.642174 3.012362
-2.210818 -2.173712 3.017611
-2.271913 -2.929439 2.999077
0.864471 1.394162 0.001129
-1.335745 -1.382094 3.032802
-0.932428 -1.391067 3.022380
1.507655 -1.001708 0.298520
0.157082 2.287114 3.036699
-0.100764 1.775887 3.053196
-0.397343 0.851700 3.047261
2.863728 1.308540 0.008326
-1.190830 -0.474654 3.215401
1.544734 1.805210 -0.001187
1.278249 -1.739998 -0.031092
1.008274 2.110301 -0.000698
0.933410 -1.491051 -0.030945
0.549899 2.298556 0.007149
0.843819 -2.825801 -0.053689
1.258660 1.552568 0.000402
-1.818860 -1.370298 3.020191
-1.408307 -2.789595 3.014297
2.823045 -1.118597 -0.027807
1.647168 0.100189 -0.018337
2.439125 1.894397 0.005637
2.993366 -0.187661 -0.017259
0.251816 2.336006 3.061280
0.427205 2.882035 3.064261
0.341607 1.098711 3.037452
2.632148 -0.581815 -0.025605
1.760272 -2.704083 -0.053889
0.545068 1.215469 -0.003462
-2.536880 -2.399763 3.006407
-2.402697 -2.013102 3.013533
1.082599 2.642615 0.015363
-1.948724 -1.501870 3.023871
2.472639 1.733144 0.013989
1.643818 -0.005177 -0.023067
2.008469 -0.902310 -0.023450
1.890821 -0.385758 -0.019137
-0.499868 -2.788010 3.035274
2.016212 -1.894653 -0.040605
1.616655 -1.930890 -0.036438
0.797098 1.927387 -0.001317
0.990912 -2.612382 -0.049277
0.418830 1.397099 0.000086
-2.224025 -2.397691 3.015419
1.643463 2.945931 0.026189
1.379599 1.030929 -0.004015
2.025665 -0.870768 -0.021422
-0.728535 -0.767992 3.035882
-0.003357 0.313888 3.044044
-0.115256 -0.366818 3.060618
0.803133 -2.128377 3.019689
2.534015 -0.799169 -0.022759
2.199227 -0.603059 -0.022414
1.810432 0.023363 -0.013085
2.859369 -0.181479 -0.010263
2.541528 0.018050 -0.009612
2.495575 1.358302 0.003488
1.295999 -0.781944 -0.019299
1.707745 1.634488 0.002579
-1.494531 -1.219965 3.023735
1.278332 2.462154 0.004546
0.784135 2.159423 0.002143
0.980217 2.545322 -0.000720
1.476276 2.035872 -0.000919
2.628862 -0.464393 -0.031065
2.199895 -0.182391 -0.029813
1.962858 0.057341 -0.023074
1.397781 2.847232 3.070840
0.993653 -2.114904 3.012291
2.740707 -0.255611 -0.024337
1.575275 -0.166778 -0.019758
2.351192 1.723715 0.006670
-1.198221 -1.444497 3.025658
1.925229 -2.678248 -0.051493
-1.914936 -0.892920 3.016935
1.651588 1.142509 0.000248
1.508176 1.536656 0.007002
-0.718155 -1.113924 3.037899
2.495197 1.423866 -0.006914
-0.498342 -1.184237 3.029022
2.350163 0.698847 -0.002380
1.699660 -0.973609 0.148150
2.859558 1.520490 0.007287
2.847311 1.945415 0.003685
-1.143569 -0.714775 3.032024
-0.579310 -2.423426 3.052924
0.809465 1.483654 0.002077
0.790078 -2.163309 -0.045167
1.166582 2.727970 0.013508
1.697374 2.393519 0.015311
2.561011 0.113955 -0.022045
0.092700 2.452361 3.052778
2.024529 0.623137 -0.008004
1.838197 -0.600691 -0.014376
-1.179713 -1.893131 3.014439
1.169382 1.897377 -0.000176
1.276030 2.068910 -0.002136
0.716329 -2.344794 -0.046073
-1.567999 -2.505638 3.015140
1.050946 0.105779 -0.019069
2.324014 1.601605 -0.003145
1.893744 1.609337 -0.005786
2.899175 2.168849 0.002469
0.206607 -2.821242 3.030188
0.096624 1.955588 3.053208
1.079697 0.260947 0.054474
1.891542 1.294732 -0.000669
2.129996 1.247621 0.003771
2.860598 1.800125 0.014267
-0.502446 -2.668792 3.029041
1.456591 -1.291773 0.164556
1.736545 -2.095409 -0.042931
1.608572 -0.974683 -0.020287
-1.860076 -0.492710 3.039319
0.859420 2.013798 -0.000411
1.064309 2.319614 0.014471
-1.547930 -0.673864 3.034942
2.206173 -2.076941 -0.036125
1.425011 1.645116 -0.000779
-1.114190 -0.372519 3.042946
1.328551 -0.335493 -0.023623
1.959784 1.817142 1.293699
2.840557 -0.092971 -0.013274
2.911682 0.999149 0.003352
2.878295 1.622757 0.000989
1.734561 -0.707700 -0.017743
1.902869 -2.248610 -0.040441
0.554694 1.618645 0.000238
0.930785 1.493575 -0.004764
1.134188 2.027017 -0.003022
0.597751 2.413824 0.016381
0.731900 2.762340 0.015211
-2.579751 -2.904275 2.998839
0.522039 -1.604767 -0.034571
2.328635 -2.875725 -0.042237
0.912455 -0.702196 -0.019272
0.932051 0.748924 -0.008302
1.213189 0.003959 -0.022027
2.698070 1.983093 0.000132
-0.752285 -0.683174 3.056761
2.772403 0.080583 -0.023031
2.864067 1.136096 -0.013634
1.604267 -0.150362 -0.015851
-1.397389 -2.671824 3.022858
-2.460914 -1.818739 3.022921
-1.721447 -2.022870 3.017414
1.724425 2.754925 0.022042
-0.876989 -0.597836 3.053958
2.203451 -0.202172 -0.030417
-0.091091 0.109630 3.037741
0.060448 -0.602225 3.042607
0.131929 -0.794757 3.040878
1.943491 -2.932580 3.023814
-0.400826 -2.496833 3.031933
0.682608 -1.293342 -0.026203
0.979849 1.656719 0.004109
0.907623 0.934564 -0.009773
1.550610 0.049787 -0.024031
2.479794 1.460288 0.004245
0.203079 0.102240 3.032735
2.272841 1.794118 0.868706
2.873091 1.259681 0.001196
-2.319865 -2.978405 2.995804
0.903589 -1.736254 -0.032544
-1.793094 -2.783768 3.012663
2.560145 1.205091 -0.001590
2.180860 0.917778 -0.001357
0.224120 2.822742 3.079558
2.474235 -0.394273 -0.007695
2.091612 1.475122 0.001609
2.936356 -2.917390 -0.050114
1.097267 -1.387458 -0.024355
-2.191132 -2.378676 3.007269
2.945676 -2.846399 -0.056858
1.835036 1.633388 0.004798
2.317205 2.530923 0.020292
2.905868 1.413687 0.007508
-0.200215 -0.497314 3.047639
2.264619 1.796648 1.301646
1.409926 -2.810132 3.068686
1.945624 0.837543 0.002156
2.541006 1.347032 0.009667
2.108781 2.296601 0.010243
2.262330 2.445412 0.014355
-1.163392 -2.288518 3.010973
2.240232 -2.478494 -0.044118
0.907044 1.427643 0.000536
1.349715 2.648286 0.015130
-2.430339 -2.105348 3.021897
0.512761 1.889426 0.006937
1.830242 2.225542 0.007118
2.646194 0.924741 -0.015654
-0.651926 -0.667589 3.052544
-0.509388 -0.717074 3.042302
1.454595 -1.338659 1.100496
1.092935 0.182431 0.321042
0.188767 1.693554 3.054461
0.799281 -2.576381 3.017410
1.573394 0.774234 -0.001208
-1.250067 -0.006106 3.043729
-1.209271 -0.638506 3.047331
2.397768 -2.343888 -0.040085
1.714022 -1.718250 -0.030844
-1.965153 -0.356739 3.027750
-1.803198 -0.167595 3.036515
-1.714141 -0.169803 3.029033
-1.716557 -0.308631 3.039373
-2.307108 -1.492863 3.013448
-0.414428 -2.689630 0.559926
-2.049180 -1.152907 3.026034
-1.676483 -0.132750 3.026158
-1.770956 -0.290302 3.049440
1.174077 0.112437 -0.002216
2.871888 1.435269 0.013979
1.969981 1.803305 0.549683
-0.480221 0.911034 3.041742
-0.484086 -1.228153 3.030018
-0.119736 0.250841 3.056840
-0.062025 0.224566 3.030763
2.475829 0.077380 -0.005454
2.721767 1.823044 0.006402
-0.951762 -0.323813 3.058230
-1.046502 -1.149946 3.052185
1.250057 1.280605 -0.007083
1.591181 1.773300 -0.004138
-1.574351 -0.122712 3.041778
-1.499770 -0.049724 3.052573
-1.619253 -1.169289 3.045798
-1.425866 -1.126172 3.042930
0.197380 1.388468 0.003070
-2.691949 -1.717080 3.032848
-2.542906 -1.540189 3.019178
1.074631 1.894025 -0.002930
-1.625921 -0.820418 3.036645
-0.892440 -0.466291 3.032797
-1.072041 -0.713768 3.060305
-0.776088 -1.602227 3.029726
2.884256 1.410810 -0.001755
2.536456 1.483386 -0.001271
2.294166 1.803738 -0.000751
-0.688474 -0.533114 3.072217
-0.499105 -0.783767 3.036298
-0.502657 0.926106 3.023146
-0.194793 0.577925 3.015804
-0.750933 -0.436902 3.096944
-0.932342 -0.178454 3.051343
-0.935191 -0.751392 3.037598
-1.010236 -2.165226 3.077104
0.924224 1.246932 -0.005733
-2.634131 -1.640877 3.023500
0.320841 1.997919 0.004653
0.232019 1.578586 -0.001076
0.311939 2.273387 0.019128
0.254443 1.878538 0.007480
-2.976850 0.006419 3.040620
-2.834845 -2.261041 3.039779
0.257096 1.959101 0.008506
0.331990 2.552560 0.016809
-2.884366 -0.050257 3.050094
-1.057545 -0.082594 3.083233
-0.006072 2.531295 3.069110
-0.221041 1.512016 3.047826
1.433535 2.976513 3.057521
-0.109773 1.934871 3.043227
-0.826654 -0.377643 3.077270
1.902415 -0.789908 -0.026517
-1.316483 -0.038374 3.044599
1.628648 -1.000954 -0.012271
-1.605762 -1.745223 3.017646
0.353431 2.020405 0.003259
0.482712 2.309943 0.012082
0.542171 2.962978 0.016778
0.353519 2.355892 0.011040
-2.920948 -0.020000 3.029283
-2.930858 -2.816361 2.995475
0.110692 1.464071 -0.002631
-2.998435 -2.684552 3.020403
0.170542 1.531721 -0.003161
0.249083 2.406379 0.007233
0.316700 2.608980 0.006199
-2.937548 -1.964744 3.021485
-2.901263 -2.317903 3.031242
1.519799 1.795513 0.003226
-1.037995 -0.478362 3.081148
2.077865 1.338186 -0.006474
-0.726919 -0.436606 3.101840
-0.128050 1.850876 3.057105
-0.236408 1.603783 3.052014
0.153687 -1.298445 3.032674
0.900255 2.184598 3.045900
0.026667 0.304430 3.036680
0.081854 2.596788 3.052235
-0.661744 -0.441825 3.088163
0.592676 -2.798324 3.018479
2.624454 0.080981 -0.008256
-1.144497 -0.004681 3.095417
-0.909919 -0.451305 3.036608
1.610629 -0.979572 0.057410
1.409652 -0.873534 -0.018586
-1.838184 -2.051698 3.018408
0.501711 1.476773 0.001369
0.173164 1.596024 0.002484
0.190665 1.955838 0.006307
0.208884 2.396707 0.009335
0.188444 2.984899 0.016755
0.066074 0.992424 -0.004807
0.052069 1.491594 -0.000258
0.216584 -2.749374 -0.051694
0.226629 1.150515 -0.000732
0.069077 1.594376 0.005132
0.078519 1.983929 0.006825
0.083831 2.383864 0.024142
0.327882 2.466159 0.010540
-1.817176 -1.121285 3.022348
-1.834702 -2.113504 3.019308
2.718373 0.987853 -0.018742
2.618087 1.887800 -0.000908
-0.950366 -0.064054 3.059014
-0.208663 2.056657 3.052252
1.078909 2.951894 3.082974
-0.307016 1.078071 3.018950
0.109116 0.248043 3.053853
0.951014 -2.276451 3.007491
1.117416 -0.148289 -0.017283
-0.007791 2.098173 3.043255
-0.193845 2.014381 3.042278
-0.647136 -0.413994 3.104995
-0.159554 2.375604 3.044709
-0.704902 -1.209437 3.030846
1.730904 -0.263318 -0.012792
2.318831 1.648112 0.012970
0.428869 2.917158 0.019063
0.382611 2.838792 0.012650
0.274141 1.703164 0.006868
0.270880 2.001329 0.007679
-2.871299 -0.134239 3.034054
0.006576 2.067757 0.019488
0.028259 2.458826 0.027586
0.210214 1.551950 0.002364
0.186441 2.172029 0.008732
0.411457 2.787616 0.011957
-0.218872 2.502754 3.061363
-0.641132 -0.395734 3.075773
1.007303 -2.110865 3.020295
1.392700 0.480742 -0.013523
-0.033128 2.125738 3.042690
-0.007457 2.651075 3.053632
-0.143043 2.405295 3.037777
1.606586 0.486630 -0.012928
1.310355 1.309668 -0.005087
-1.453536 -1.779056 3.019314
-1.048360 -2.896430 3.016837
2.196162 -2.460833 -0.050570
-1.909718 -2.152822 3.028449
0.658730 2.936879 0.012753
-2.923574 -0.251100 3.031890
-0.039926 2.047037 0.008796
0.135600 1.974390 -0.000072
0.106168 2.376139 0.003619
-2.950092 -0.118220 3.042796
0.412123 2.413210 0.007919
1.402498 1.886988 -0.003587
1.548518 0.138467 -0.024203
2.576387 1.178189 -0.012102
2.551083 1.529209 -0.000925
0.098241 -1.019384 3.040275
1.440475 -1.103827 0.803275
0.111224 -0.123054 3.048749
0.205222 -0.515045 3.017645
0.796361 -1.622928 3.029977
-0.244351 1.499529 3.041680
-0.562973 -0.489578 3.045923
2.106935 -0.220575 -0.021626
-0.236968 2.485909 3.045866
-0.304976 2.046026 3.048265
0.313290 2.182068 0.007790
0.036184 1.500010 -0.003129
0.285331 2.711709 0.005340
-0.013273 1.962453 0.007552
-0.074446 2.374246 0.008465
-0.091486 2.493111 0.016435
0.037495 2.925558 0.017066
0.413559 2.598162 0.010970
1.828250 -2.387168 -0.040095
2.946167 2.221080 0.007439
-1.125842 -0.161894 3.051103
2.724942 -0.855852 -0.031025
-0.328285 1.591442 3.048269
0.202089 0.597538 3.038890
-0.428567 1.040760 3.037771
-1.082823 -0.102706 3.089229
1.963635 1.343225 0.000539
2.286496 1.194637 0.005118
0.930418 2.141923 -0.000581
0.471324 2.160847 0.005399
0.370524 2.791948 0.002345
-0.105395 2.877849 0.021808
0.017568 1.453642 0.005115
-0.044710 2.534469 0.020378
0.320982 2.942158 0.016104
-1.552336 -1.501174 3.013383
-0.123325 2.686512 3.077086
-0.861646 -0.164953 3.046478
0.658808 2.914430 3.058566
-0.306079 1.916827 3.047258
-0.350763 -0.508262 3.043033
-0.270291 -2.500439 3.031801
2.902512 1.007442 0.005889
-0.156414 2.707064 3.052441
1.201672 1.024148 -0.006996
-1.864303 -1.626273 3.028144
-2.866697 -0.234102 3.037204
2.268674 2.906961 0.016255
1.379597 -2.647939 3.067945
-0.659541 -0.383334 3.111488
-0.095815 2.245616 3.048842
-0.278679 2.131975 3.037125
-0.353382 1.642324 3.050917
1.500702 -0.506892 -0.014165
1.665236 -0.207958 -0.016199
1.816914 -1.683950 -0.026111
-1.347145 -2.898102 3.016293
-2.230060 -2.680403 3.004821
-0.011483 1.530731 0.000384
-0.004293 2.942534 0.017626
-2.847637 -0.302103 3.050147
1.300880 -0.915572 -0.021769
-1.454977 -0.502956 3.039991
1.862888 0.897331 -0.005287
-0.148422 2.283398 3.071144
-0.198912 2.533141 3.062322
-0.322611 1.769769 3.064341
2.396389 1.084766 0.005335
-0.096787 1.728557 3.045792
-0.315646 1.110923 3.045787
-0.441389 -0.502105 3.051141
-2.922322 -0.306776 3.017231
0.021522 2.512787 0.013089
1.063595 1.899456 0.007560
1.845984 1.336797 0.003021
1.577003 -0.029601 -0.020319
0.380311 2.867706 3.053061
-0.178937 0.627201 3.017367
-0.491904 -0.495336 3.038760
0.218177 -0.056043 3.039054
-0.301840 2.106382 3.061119
0.277837 -1.980676 3.034518
-2.795380 -0.168237 3.024776
0.396980 -2.374614 -0.054763
0.515444 1.295624 0.001208
1.526627 1.389761 0.003451
2.994049 0.161369 -0.010189
0.031488 2.623685 3.068126
-0.270036 1.124649 3.040498
2.199455 -0.782128 -0.016853
1.927615 1.294314 -0.003103
-0.497183 -2.801188 3.028636
1.607816 -1.882847 -0.040757
-2.035911 -2.182493 3.036808
0.448121 2.047904 -0.002062
0.384928 2.654889 -0.000904
0.090890 2.820709 0.015756
0.215964 -0.147141 3.041950
-0.258395 1.978862 3.031555
2.888367 0.982401 0.009303
0.174276 2.557930 0.006369
-1.113840 -1.001307 3.027601
1.805972 1.103776 0.003147
2.476248 0.849287 -0.014515
-0.502280 -1.698665 3.027844
2.862946 2.225049 0.013981
-1.390041 -0.397644 3.045639
1.222189 -1.608518 -0.029009
0.255394 2.923581 0.009143
0.148956 2.651623 0.013619
0.228706 2.871811 0.015256
1.304308 0.377940 -0.011703
1.328519 1.270117 0.003010
-0.044795 -2.715963 0.553497
0.622934 -2.787596 -0.050781
0.030882 2.604998 0.009190
0.077774 2.111833 0.009285
-0.124342 -2.867797 0.620361
1.152752 1.367278 0.002325
-0.201537 2.784343 3.068488
0.864872 2.144866 3.046753
1.576394 -0.990700 0.017216
1.574654 2.785836 0.013462
2.594185 2.769086 0.649274
0.151507 0.338037 3.057179
-1.082731 -0.116266 3.102365
0.134865 2.012594 0.007228
0.103366 2.454397 0.012421
1.416332 1.100694 -0.008870
0.898601 0.759395 -0.013457
-0.271136 2.308179 3.076528
0.812930 -2.014087 3.014625
-0.087596 -1.902508 3.033079
2.480786 0.998837 0.003827
-0.470906 -1.994217 3.027206
2.487428 2.817856 0.019155
0.905674 -2.289161 -0.045132
-2.333635 -2.710456 3.015463
0.254682 2.593595 3.061030
0.111699 1.076176 3.050806
1.001974 -2.328859 3.007158
1.506021 1.061666 -0.001262
0.878102 -1.658339 -0.034706
0.416719 2.811934 0.011623
-2.828134 -0.419191 3.049613
-2.041841 -2.387448 3.012358
0.726340 2.701973 3.051268
0.790213 -1.484771 3.025248
1.546640 -2.333293 2.998608
-0.744437 -0.394237 3.099477
0.225978 -2.390400 3.014611
2.332917 0.705059 0.001630
2.189365 -1.205064 -0.029152
-1.808653 -2.603357 3.015280
0.469223 1.697286 0.005489
-2.793366 -0.395107 3.049950
-2.748136 -0.286722 3.060241
-1.729060 -2.895917 3.020205
-1.556985 -1.093643 3.029967
0.531927 -2.262815 3.019089
0.330283 2.705541 3.035024
0.278280 -0.381006 3.035912
1.210702 -2.257365 3.020425
1.982318 1.783975 1.273381
1.288542 2.783790 3.116276
0.930964 2.304866 3.050565
0.235059 0.705184 3.032507
1.503877 -1.027156 0.622626
-0.502061 -0.648633 3.036740
1.472976 -1.283791 0.700142
2.202453 0.839511 -0.003380
-0.753109 -0.300188 3.116067
-1.097820 -1.397153 3.028976
2.704404 2.936567 0.017171
-0.919269 -2.367427 3.015288
1.278026 -2.272242 -0.043182
-2.924628 -0.423690 3.031726
-0.062676 2.807524 0.024219
0.583108 1.081013 0.001012
-1.667255 -2.379410 3.018575
-0.839187 -2.780165 3.029500
0.915552 1.529275 0.003780
-1.490135 -1.023602 3.032110
-0.547960 -2.564646 3.033000
-0.199307 -2.291683 3.034137
-0.280272 1.711238 3.071779
0.880115 -2.797984 3.019685
0.371286 1.732182 3.051902
0.036142 1.200530 3.054004
-0.238632 1.210291 3.046360
0.054493 0.746678 3.047992
-0.267578 0.704647 3.045935
-0.038107 0.441069 3.052668
0.508693 -1.268064 3.035120
0.882148 -1.794003 3.026293
1.311718 -2.294331 3.043686
1.122549 -1.791619 3.032325
1.341626 -2.530402 3.025625
1.610984 -2.277514 3.024401
2.335717 -2.752798 3.025265
1.891596 1.956872 1.186941
1.299889 2.893978 3.119896
0.780025 2.247400 3.050446
0.630000 1.927951 3.042996
0.791461 -1.392895 3.031072
1.930301 -2.490949 3.027946
2.643708 -2.858247 3.029725
2.927505 -2.945096 3.035477
1.462536 -1.350539 1.405498
-0.194869 -0.797640 3.029810
0.227930 -1.752448 3.031972
0.239352 -1.383599 3.040326
0.832915 -2.296627 3.010436
-1.051006 -0.394378 3.097255
-0.505113 -0.510868 3.048845
-0.207987 -1.769898 3.030442
-0.036872 -2.160955 3.031879
0.346062 -2.670414 3.022376
-0.857261 -1.782402 3.019561
1.228026 1.617520 -0.000030
-1.635680 -1.312763 3.017667
-1.361314 -2.234134 3.019170
-1.251622 -2.298021 3.016482
-1.960866 -2.388888 3.026741
-1.960479 -2.761726 3.002433
-0.135296 2.555624 0.024773
-0.058505 2.790066 0.024854
-2.731922 -0.461910 3.030982
-2.744670 -0.643912 3.055448
0.067568 0.990135 0.000224
-2.734929 -0.701118 3.062682
0.444030 0.978703 0.001714
-1.522170 -1.774848 3.017580
-2.022533 -2.704591 3.008396
-1.626500 -2.864499 3.006309
-1.225398 -0.707640 3.036390
-1.567364 -1.271844 3.032369
-1.279770 -1.780089 3.021940
-1.261752 -2.145053 3.020444
-0.982936 -2.277075 3.072422
1.507209 -1.009061 -0.020345
2.000877 2.177705 0.011500
-0.983500 -0.836818 3.022652
-0.945114 -1.254138 3.025734
-0.217314 -2.267543 3.033804
-0.169790 -2.737675 3.027175
2.499959 -0.880949 -0.022537
2.358159 -0.973794 -0.026978
-0.355177 -0.809010 3.038417
-0.600711 -0.761359 3.037461
-0.560649 -1.150474 3.030238
0.513423 -2.699163 3.019420
0.664712 -2.414824 3.018875
-0.257673 0.473171 3.043799
0.409999 -0.761979 3.036581
-0.097332 -1.193706 3.043155
0.252288 -1.694425 3.032467
0.450221 -1.756282 3.030187
0.624554 -2.091968 3.025060
1.293690 -2.185765 3.042700
1.237363 -2.585333 3.019216
1.571751 -2.241318 3.021585
2.939722 -2.895129 3.036459
0.942099 2.465435 3.051440
0.580381 1.874066 3.053762
2.615344 2.732830 1.438371
0.519720 -1.719327 3.025927
0.375994 -1.265436 3.029528
0.751055 -1.843319 3.029087
1.605064 -2.694516 3.016763
1.301176 -2.462660 3.014333
-0.055357 1.801430 3.054159
-0.290230 2.221831 3.054661
-0.339575 0.753092 3.046598
-0.249138 -0.771696 3.043276
-0.096744 -1.644686 3.032598
0.300595 -2.184500 3.013196
0.476297 -2.260296 3.022313
0.606267 -2.527418 3.011618
2.764079 1.606866 0.011448
-0.805809 -1.257215 3.030222
-1.064140 -1.792883 3.017251
-0.056159 -2.674274 3.024721
1.504121 -0.833529 -0.018361
-1.376011 -1.226063 3.013077
-1.263782 -1.216708 3.032314
-1.260600 -1.598096 3.011711
-0.792950 -2.756350 3.022290
0.851819 1.854831 0.003363
-1.717528 -1.811841 3.023443
-1.622849 -2.262220 3.019530
-1.562662 -2.799491 3.005404
-2.685591 -0.772689 3.025093
-0.087380 -2.940332 0.419108
-2.905317 -0.528953 3.055304
-2.862491 -0.613617 3.030972
-2.771466 -0.547053 3.048035
-2.704914 -0.832530 3.028900
-1.577346 -2.284608 3.016675
-2.038774 -2.889817 3.013627
0.717176 -0.870649 -0.022789
-0.811175 -2.264739 3.014607
-0.966027 -2.836574 3.067092
-0.837701 -0.779832 3.027045
-0.934432 -1.754307 3.026091
2.754465 2.191975 0.018407
1.774995 1.818100 0.007731
-0.300009 -1.301288 3.033140
0.094478 -1.977672 3.028421
0.300514 -2.762883 3.022809
2.886831 1.147054 0.013912
2.782016 1.500331 0.004306
-0.186540 0.729270 3.037937
0.239754 -1.252947 3.022567
0.490205 -1.252317 3.036299
0.076868 -1.643151 3.036634
0.962023 -1.765599 3.022205
1.362540 -2.193768 3.065058
2.609719 2.744377 1.195901
0.483285 2.209665 3.037781
0.508490 1.736354 3.049684
0.108264 0.802838 3.045873
0.814063 -1.323740 3.025691
1.221451 -1.811541 3.028618
2.002866 -2.652683 3.021230
1.963931 1.818601 1.166997
1.292859 2.945908 3.107380
1.166446 2.776565 3.055162
0.266965 0.800459 3.035151
2.755832 -2.814225 3.032131
2.023389 -2.771330 3.019831
1.287117 0.750810 -0.002273
2.063543 1.671462 0.770980
0.520938 2.651449 3.052727
0.027344 1.739715 3.059212
-0.155344 1.201075 3.050368
-0.153224 0.399095 3.048016
-0.099535 -1.254737 3.026845
-0.147066 -1.795869 3.034025
0.258670 -1.814434 3.024211
0.269475 -1.499475 3.031976
2.070763 0.720368 -0.000830
1.996741 1.763579 0.447812
-1.006363 -0.825339 3.028982
0.943645 0.489122 -0.010781
1.611876 1.450062 0.000520
-0.745679 -2.233998 3.065499
-1.379936 -2.308063 3.012072
-1.250848 -2.695612 3.014012
0.009165 1.856166 0.009273
0.131519 2.795769 0.013576
-0.156663 2.602985 0.025992
-0.188509 1.330816 0.242391
0.073158 1.062637 0.003303
-0.207357 1.334497 0.258312
0.308013 1.001809 0.000258
-2.480732 -0.569861 3.058048
-2.596766 -0.740241 3.039902
-0.087552 1.607243 0.511618
1.768509 -2.612204 -0.058460
-1.226938 -1.011877 3.036914
1.398891 -0.115805 -0.018939
-0.093063 2.401317 3.050750
0.607165 -1.867077 3.029372
0.267514 -2.292532 3.018961
0.740834 -2.842460 3.030784
1.094670 0.174982 0.198432
0.853432 2.598653 3.056321
0.522260 -0.893123 3.025859
0.604065 -1.380700 3.030118
1.395752 -2.393626 3.079068
0.527612 1.614800 3.045368
0.427724 1.156279 3.033455
0.303446 0.653635 3.044570
0.904232 -1.529514 3.030204
1.941480 1.889166 0.988610
-0.096325 -1.451930 3.037940
0.264569 -1.162659 3.034255
0.759056 -2.289069 3.018032
1.431345 -1.030324 0.571667
2.409442 1.244672 0.009316
2.019954 1.370054 0.003153
-0.450284 2.093470 3.054847
-0.808914 -1.504541 3.017394
-0.488904 -2.303777 3.021763
-0.077222 -2.984951 3.031282
-1.390634 -1.518045 3.015258
-0.984650 -2.670842 3.068482
-0.095876 1.608335 0.735650
-0.270824 1.320397 0.382695
-2.561429 -0.617233 3.019514
-2.434747 -0.914979 3.024108
-0.097110 1.526502 0.125385
-0.328005 1.326314 0.345317
0.231321 2.115438 0.012049
0.217153 2.585363 0.016203
-0.205544 1.313465 0.530687
-0.093271 1.565423 0.781506
-2.201226 -0.587824 3.033596
-2.444645 -0.612717 3.033092
-2.407192 -0.891375 3.025432
-1.730746 -2.250821 3.029329
-0.817503 -1.060462 3.033381
-0.800692 -2.002263 3.016723
-0.148158 -2.613828 3.037097
0.082376 -2.994627 3.023696
1.396140 -0.490477 -0.018802
2.050609 1.176940 0.001723
2.240738 1.342641 0.001303
-0.105471 2.876757 3.070389
-0.524557 2.023014 3.061780
-0.379773 -1.019689 3.024886
-0.589959 -1.024217 3.019751
-0.031240 -1.040340 3.023581
-0.368909 -1.600193 3.032897
0.060256 -1.485633 3.029763
0.463578 -2.531156 3.018998
0.380103 -2.800087 3.021966
0.797339 -2.945606 3.019371
1.602868 -0.999808 0.273696
1.845093 0.610959 -0.017238
0.119626 1.491543 3.042483
-0.112694 0.460104 3.042666
-0.047419 -0.682349 3.052521
1.495289 -2.418682 3.022063
1.511956 -1.028740 0.879653
0.819824 2.064296 3.034517
0.501327 1.502208 3.039795
0.474657 1.057048 3.038586
0.228154 0.489482 3.045847
0.513985 -0.609619 3.043858
0.653723 -0.963284 3.028824
1.387772 -2.017000 3.069350
0.380502 0.546688 3.036858
0.369549 0.257093 3.046077
0.376793 -0.689960 3.038573
1.097540 -1.674491 3.027008
0.511457 1.958234 3.043613
0.128310 1.504949 3.045484
0.210122 1.011799 3.045691
0.048392 -1.569849 3.030465
0.497996 -1.082934 3.034476
1.162522 -2.136231 3.017693
1.512345 -1.019751 0.753038
1.425290 -1.027567 0.496404
-0.033180 -2.087182 3.033537
0.478555 -2.002188 3.024191
1.558577 -0.987919 0.118138
2.301492 -0.218452 -0.019218
2.012527 0.711620 0.001267
2.086786 1.248539 0.002887
0.034065 2.919768 3.057780
-0.538205 1.850638 3.050159
-0.612734 -1.039542 3.020555
-0.284992 -1.587947 3.034659
-0.235015 -2.010275 3.027632
1.293929 1.100176 -0.000913
-0.668615 2.295227 3.037368
-0.884176 -1.130952 3.035017
-1.338648 -1.715679 3.025069
-0.872613 -1.665699 3.033491
-0.733296 -2.159181 3.071591
-0.464944 -2.663581 3.034932
-0.090101 1.370397 0.920626
-1.171533 -2.691301 3.025543
0.254833 1.046218 0.000160
-0.405649 1.322646 0.513799
-2.402929 -0.776612 3.029291
-2.095984 -0.486848 3.034210
-2.193802 -0.601853 3.033468
-0.111165 1.474766 0.167325
-2.502607 -2.819458 2.995129
-0.141611 2.369825 0.016170
-0.191949 2.925463 0.026612
0.264742 1.984212 -0.000269
-0.103259 1.427450 0.354356
-0.316365 1.322490 0.609719
-2.196313 -0.456621 3.024511
-2.297176 -0.792918 3.028356
-0.108952 1.564753 0.755378
-1.294734 -1.183097 3.027980
1.027225 1.667597 0.000013
-0.099027 1.460665 1.142693
-0.377976 -2.142781 3.022950
-0.395948 -2.662442 3.018079
2.066635 -2.112104 -0.032485
1.303077 -1.158783 -0.018535
1.286783 1.101511 0.002128
1.848934 1.856599 0.018400
-0.088302 2.891079 3.069142
-0.329117 1.894241 3.059100
-0.349518 2.259948 3.051311
-0.472849 1.846044 3.046803
-0.464333 1.417394 3.050353
-0.380416 -0.604526 3.028448
0.037073 -2.062992 3.031173
1.521492 -1.007851 0.028722
1.796456 0.742811 -0.014560
2.281238 1.834099 0.172834
0.356165 2.341905 3.047327
0.578492 2.758833 3.061894
0.221392 0.940563 3.033928
-0.059059 0.922866 3.046675
0.406124 -0.654164 3.040036
1.120476 -2.029248 3.014591
1.494093 -2.961040 3.057595
1.726740 -0.974640 0.350719
1.071804 0.164904 0.086996
1.915161 1.904318 0.658931
1.303567 2.451139 3.096448
0.880240 1.942828 3.039355
0.904765 1.499160 3.032128
0.571534 1.416166 3.044799
0.559675 0.937106 3.040219
0.478406 0.187915 3.043331
0.661128 -0.520156 3.041617
0.709973 -1.067358 3.030075
1.021969 -1.035710 3.025550
1.073526 -1.521292 3.025658
1.425955 -2.010441 3.069679
1.850643 -2.499789 3.014452
2.141079 -2.545482 3.022524
2.525645 -2.952099 3.022546
1.914828 2.994898 3.072303
1.755669 2.683970 3.064924
1.639582 2.531222 3.058644
1.402823 2.182565 3.044985
1.270427 1.970060 3.090986
0.834082 0.976421 3.023488
0.746219 0.489382 3.031255
0.587554 0.448665 3.043193
0.744284 -0.027389 3.032016
0.776742 -0.274070 3.021996
0.855708 -0.595013 3.032056
1.320613 -1.569554 3.029059
1.781128 -2.169371 3.054837
1.588224 2.917315 3.118669
1.570789 2.485012 3.112202
1.407992 2.074841 3.046715
1.146027 2.480060 3.048518
1.192527 1.953488 3.054093
0.928273 1.956242 3.039937
1.072426 1.493862 3.034049
0.937436 1.519733 3.042010
0.925612 1.230081 2.779681
0.911026 1.194337 2.790452
0.872373 1.007088 3.032504
0.480889 0.949351 3.043802
0.759275 0.537324 3.040827
0.554156 0.069329 3.043499
0.730502 -0.195461 3.048637
0.778524 -0.528912 3.043744
0.499795 -0.562707 3.040514
0.929502 -1.044804 3.037968
0.493493 -1.521260 3.030946
1.162804 -1.542872 3.036988
1.502354 -2.068779 3.025406
1.453332 -1.298856 0.888154
1.722769 -0.959696 0.215913
2.056199 -0.636523 -0.023997
2.622100 -0.628730 -0.020590
2.442912 0.239174 -0.003239
1.420729 0.498414 0.001453
2.846851 1.337409 -0.001429
0.879250 2.497392 3.047897
0.509241 2.029922 3.045517
0.134359 0.459934 3.056313
1.408020 -1.036649 -0.012387
1.490528 0.904850 0.000049
1.888272 0.938118 0.007590
2.132989 1.385032 0.005156
0.903283 2.950038 3.053205
0.221084 1.900387 3.051153
0.200352 1.565906 3.049572
-0.286571 -1.028387 3.035963
1.316928 -1.515860 -0.021332
0.231352 2.409391 3.046811
-0.201752 2.958857 3.065439
-0.065357 -2.473052 3.023211
1.116112 1.783810 0.006544
-0.107088 1.606860 1.192356
-0.546520 2.991640 3.060805
-0.554281 2.500782 3.049682
-0.812149 2.984231 3.054711
-0.929712 2.482326 3.103827
-0.775571 2.007582 3.044959
-0.553603 1.641093 3.053950
-0.642948 1.692524 3.050463
-0.932380 -1.004878 3.034700
0.336506 0.980290 0.000327
0.883046 2.296611 0.017408
-0.103287 1.329352 0.851339
-1.294135 -2.038257 3.009434
-0.110415 1.505706 0.577683
-0.294669 1.332744 0.952516
-1.628195 -2.975186 2.999399
0.227834 -1.117856 -0.026859
0.141716 1.864204 0.017878
-0.120280 1.463471 0.502521
-0.339750 1.307953 0.834126
-2.263138 -0.479298 3.018368
-1.925895 -0.449685 3.053098
0.032351 -2.576281 -0.048487
0.069005 -2.079720 -0.042154
0.110232 -1.463159 -0.030350
0.229832 -1.068113 -0.025192
0.158162 -1.027280 -0.023372
-2.322597 -2.888428 3.004676
0.248240 2.293035 0.013647
-0.316780 1.322857 0.949084
-1.696352 -1.803288 3.018509
-0.102372 1.581303 1.051355
-0.343140 1.309704 1.445597
-0.959516 2.628803 3.059199
-0.948733 2.134030 3.059114
-0.373825 2.574275 3.061448
1.216092 -2.146540 -0.035489
1.017675 -1.728128 -0.025081
-0.055563 -0.926052 3.039197
1.412889 -1.583505 -0.031711
1.377607 -1.065424 -0.026808
0.902759 -0.902435 -0.022412
0.963720 0.834246 -0.007246
1.508483 1.455703 0.002826
1.258956 1.233299 0.001828
1.408235 2.487182 3.051784
0.504783 1.084684 3.044338
0.372594 1.386376 3.041140
0.425709 0.581068 3.046592
0.181186 0.577905 3.040112
0.405849 0.271604 3.044503
0.756208 -0.438640 3.025710
0.370085 -0.583212 3.043024
0.741018 -0.928402 3.010216
0.225138 -0.862091 3.025199
0.678369 -1.901173 3.024359
1.391460 -0.606345 -0.026978
2.339675 1.384203 0.002434
2.610246 1.379984 0.004557
2.250455 1.819764 0.269901
1.997837 2.533212 3.050131
1.569515 2.505385 3.106846
1.244281 2.078013 3.095658
1.187629 1.564122 3.030226
0.768649 1.033408 3.021212
1.193098 1.016222 3.031036
0.869236 1.549543 3.041263
0.714752 0.066389 3.023761
1.229333 -0.452209 3.027437
1.189123 -0.957531 3.025316
1.098206 -1.439408 3.023347
1.422529 -1.471083 3.014649
1.248382 -2.018550 3.010213
1.757117 -1.992155 3.079118
2.424453 -2.967504 3.022241
1.426108 -1.108067 0.539559
1.785312 -1.004472 0.011467
1.985708 0.200345 -0.005959
2.917404 1.373201 0.001480
1.907275 1.930003 1.101379
2.373553 2.965965 3.068757
2.217936 2.577438 3.061061
1.837835 2.034693 3.040789
1.636639 2.060031 3.087422
1.610555 1.647224 3.029957
1.579713 1.588396 3.028948
1.218448 0.526690 3.031836
1.177422 0.083158 3.022972
1.363038 -0.960161 3.012604
1.646469 -1.577629 3.010923
2.102793 -2.448368 3.023125
2.333799 -2.573877 3.028427
1.905636 -0.087042 -0.011274
2.242219 0.746891 -0.000662
2.403105 2.532010 3.073783
2.167921 2.234687 3.063087
1.904683 2.088824 3.052838
1.748453 1.615962 3.036932
1.580993 2.059308 3.107824
1.242900 2.123659 3.083952
1.252721 1.571358 3.039427
1.566358 1.266227 3.041817
0.788963 1.181728 2.940604
1.142730 0.593643 3.038164
1.264725 0.048138 3.071775
1.091917 -0.445157 3.026123
1.138922 -1.429276 3.031748
1.449379 -1.930999 3.013965
1.772358 -2.399478 3.082596
1.409500 -1.122243 -0.024779
1.047591 -0.250180 -0.012857
1.691120 0.585570 0.002392
2.290568 0.997095 0.013122
1.673428 2.484853 3.099128
0.685009 -1.424178 3.023476
2.260142 1.792583 0.224384
1.240098 2.581230 3.102065
0.547878 1.137890 3.038299
0.515465 0.578498 3.040797
1.000562 -0.843139 -0.023206
2.204681 2.360651 0.017351
0.353331 1.874013 3.044077
0.312795 -1.367058 3.021393
1.478121 -1.930940 -0.030779
1.425574 -1.618713 -0.031577
1.143259 -1.225278 -0.022818
-0.132346 0.804019 3.050974
0.070240 -2.850662 3.021029
-0.596323 2.696438 3.057549
-0.578155 2.138410 3.044862
-0.513211 1.353673 3.051605
0.547217 2.706153 0.010633
-0.278299 1.320999 1.428018
-0.388152 1.319003 1.293458
-0.970402 2.582118 3.070682
-1.236646 2.678188 3.092040
-1.004139 2.137329 3.052192
-1.147424 2.201208 3.113406
-1.051415 -2.294987 3.063757
0.185129 2.293064 0.014185
-0.093610 1.416105 0.403096
-2.056336 -2.292965 3.014308
-1.046587 -2.793251 3.062710
-0.198619 1.317511 1.446820
-1.279742 2.674042 3.111011
-1.287818 2.292179 3.089815
-1.219448 2.334431 3.070000
-0.387017 -2.853994 3.028459
0.766879 1.386368 -0.006390
-0.081576 1.510913 1.206878
-0.680032 2.693682 3.063626
-0.644923 2.172997 3.054588
-0.675728 1.718895 3.063355
-0.367388 1.231354 3.059510
-0.379018 -0.436131 3.017143
-0.074423 -0.876793 3.037890
0.047979 -1.349088 3.037872
0.015579 -1.835495 3.026975
0.307444 -2.362520 3.009980
0.652478 -2.919360 3.016965
1.098091 1.399399 0.001377
1.332889 1.472577 0.001369
0.716004 -0.828585 3.025680
0.399465 -1.701252 3.023675
0.701227 -2.315757 3.013942
1.037922 -2.299219 3.014021
1.521424 2.713643 3.107944
1.025221 2.227380 3.049528
1.040357 1.674821 3.036626
0.656142 1.611547 3.045431
0.690827 1.142512 3.034913
0.627885 0.666851 3.033168
0.700648 0.174764 3.028826
0.319004 0.393029 3.035887
0.701303 -0.331145 3.036974
1.062642 -1.311819 3.024956
1.335284 -1.354886 3.011605
1.069683 -1.801072 3.015746
1.369024 -1.838632 3.054099
1.783712 -2.774115 3.071028
2.471227 -2.827247 3.028749
2.098073 -1.039586 -0.027439
1.372967 -0.045283 -0.020006
1.709498 2.711987 3.049613
1.537802 2.276586 3.101090
1.418607 2.231214 3.044089
1.084255 1.180718 3.028053
1.029473 1.208232 2.763431
0.992444 0.706351 3.025841
0.979041 0.164759 3.022826
1.060529 -0.334633 3.024465
1.058721 -0.819350 3.029760
1.244669 -0.872514 3.012263
1.823484 -1.819553 3.035475
2.112738 -2.331807 3.018181
2.365103 -2.459080 3.031527
2.563366 0.284114 -0.019797
2.085423 2.716263 3.068149
1.697670 2.144330 3.046840
1.606102 2.652183 3.051843
1.549433 1.783828 3.042972
1.016269 2.129921 3.031543
1.273757 1.685348 3.044883
0.982970 1.689625 3.030394
1.179652 1.170838 2.877229
0.999296 1.191766 3.028407
0.878411 1.195195 2.769022
1.195284 0.816755 3.025122
1.002724 0.686170 3.033266
0.961579 0.226059 3.039598
0.675099 0.182208 3.047915
0.651525 -0.373403 3.040627
1.209660 -0.369699 3.032587
0.609237 -0.831681 3.027370
1.344664 -0.814153 3.028539
1.008635 -1.287661 3.024160
1.615425 -1.355639 3.032554
1.712346 -1.883402 3.077754
1.748698 -2.269353 3.077710
1.991211 -1.901266 3.027962
2.025024 -2.360167 3.021339
2.418660 -2.395770 3.040609
2.772799 -2.756986 3.039482
1.444066 -1.175287 0.905929
1.983094 -0.141163 -0.007973
2.720833 0.149933 0.005632
2.648160 0.279317 0.009378
1.748309 0.569375 0.000654
1.321308 2.274053 3.092391
1.334249 2.047732 3.056966
2.172216 1.446931 0.003720
2.962213 1.999863 0.011862
1.309654 2.644777 3.088683
0.986957 -1.688199 3.027668
1.454198 -1.270465 0.296363
0.975016 -0.411058 -0.022857
1.115297 0.778501 -0.006372
0.514744 2.152410 3.034976
0.939584 -2.527068 3.008359
1.180464 -0.754842 -0.018848
1.138450 1.290811 -0.000444
-0.115106 2.166189 3.052203
-0.079256 1.516396 1.324589
-0.482216 2.845360 3.065837
-0.501573 1.562687 3.051923
-0.761275 1.804632 3.079146
-0.078128 1.429993 0.861300
-1.289251 2.549598 3.078297
-0.913886 -2.779389 3.053579
0.224068 2.627934 0.011357
-0.195218 1.333421 0.621836
-1.581309 2.612066 3.077949
-1.893699 2.586807 3.083347
-0.078989 1.483699 0.180304
-1.827619 2.633910 3.101865
-2.070257 -0.789155 3.073541
-2.225032 -0.894083 3.043095
-0.077101 1.458406 0.260936
-0.272051 1.332026 0.613398
-1.971695 2.700284 3.072610
-1.892445 -0.390438 3.045520
-1.636273 -0.393028 3.047924
-0.374467 1.320155 1.012029
-0.073568 1.568507 0.910786
-0.061872 1.464943 1.413419
-1.058874 2.612358 3.071329
-1.092812 2.215821 3.121939
-1.175183 2.587129 3.120270
1.361948 -2.644473 -0.040319
-0.453417 2.604430 3.062428
0.063979 -2.409290 3.020288
-0.217631 -0.378113 3.046021
2.148299 1.414039 -0.000539
0.828159 2.651474 3.068854
0.477553 0.625386 3.041212
0.535130 -0.487713 3.049066
0.904096 -1.384878 3.014649
2.764332 -1.020146 -0.033521
2.092580 -0.556539 -0.022967
1.588314 2.624582 3.100378
0.683170 0.282588 3.052801
0.877832 -1.077380 3.025726
1.201303 -1.394910 3.028124
1.666808 -2.060949 3.074967
1.932027 -2.375319 3.031119
2.672785 -0.141187 -0.022377
2.792153 1.061394 -0.005309
2.013333 2.808293 3.060041
1.562547 2.146902 3.079601
1.396491 1.861411 3.035642
1.057821 1.182059 2.845858
0.904651 1.358400 2.855720
0.916044 1.067609 3.032665
0.833729 0.624370 3.032673
0.947496 0.056684 3.029686
0.718661 0.237101 3.046417
0.864368 -0.486286 3.035472
0.529566 -0.937117 3.026772
0.853549 -0.907655 3.019732
0.845797 -1.419791 3.023116
1.260567 -1.428680 3.021794
1.233771 -1.934296 3.016396
1.541070 -1.548456 3.028683
1.663922 -1.892598 3.073536
1.869397 -1.987027 3.026574
2.613376 -2.962965 3.027266
1.454471 -1.232917 1.018798
2.006973 -0.082267 -0.009699
2.797727 -0.176465 -0.007517
2.177127 0.643497 0.002073
2.739701 1.064105 0.000421
2.129568 2.742579 3.067798
1.932798 2.646003 3.063004
1.157235 2.126811 3.041305
1.412406 1.707211 3.036173
0.869054 1.631608 3.040026
0.853959 1.204011 2.782722
2.545886 0.242580 0.000962
0.918053 2.066980 3.030863
0.859906 1.360582 2.876435
1.459267 -1.269232 0.498810
1.608743 0.804858 -0.004342
1.803950 0.712484 0.000216
0.952527 2.576874 3.041422
0.744690 2.433072 3.035565
0.154908 0.976233 3.015209
1.427147 1.007837 0.003623
1.196596 0.625601 -0.001665
1.909580 1.704361 0.013105
0.799894 0.569715 -0.007108
-0.667231 2.568428 3.051879
1.403575 -2.633108 -0.044467
-0.087535 1.435292 1.340557
-0.104451 1.584348 0.960055
-0.885003 2.040815 3.087353
-1.057695 2.222821 3.045724
-0.936697 -1.565467 3.017051
-0.904550 -2.298127 2.998320
-0.389486 1.317921 1.124491
-1.320965 2.890215 3.076781
-1.342988 2.519789 3.069931
0.655027 -2.151091 -0.040820
-0.238070 1.328363 0.730498
-0.109332 1.515202 0.349326
-1.655694 2.731663 3.076243
-2.343341 -0.495782 3.039552
-2.328393 -0.938082 3.031628
-2.345661 -1.224791 3.053052
-0.105849 1.327462 0.457548
-0.195469 1.330392 0.756997
-2.181957 -0.800159 3.036908
-1.685604 -1.606625 3.018215
-1.975911 -2.500111 3.013487
-0.088512 1.531901 1.404766
-0.596545 -2.004898 3.023217
0.796598 -0.613833 -0.023967
0.669196 0.666206 -0.010099
-0.693558 2.049636 3.052463
-0.799824 2.084014 3.106090
0.021960 2.752548 3.067921
-0.009640 2.793514 3.066813
-0.374069 1.468244 3.055591
-0.090067 -0.467137 3.045996
-0.182540 -1.547058 3.036890
0.074376 -2.525673 3.018126
2.155777 1.373260 -0.001317
2.175676 1.792882 0.009543
0.092599 1.470892 3.051117
0.237439 1.894838 3.058991
2.784883 -1.105368 -0.039829
1.373378 2.955942 3.071754
0.446791 -0.428241 3.043485
1.800071 -2.659038 3.027313
2.752198 -0.041164 -0.024815
2.831751 0.298758 -0.016937
1.786326 2.575755 3.060194
1.586444 2.476716 3.093911
1.543588 2.229854 3.097528
0.829131 0.550614 3.021924
0.807879 0.028669 3.025489
0.981758 -0.516655 3.032750
1.144837 -1.019141 3.026861
1.513612 -1.950630 3.015728
1.781559 -2.060763 3.015293
2.226124 -2.570573 3.033850
2.790125 -0.550357 -0.022261
2.472622 -0.206305 -0.020436
2.041276 1.692822 1.154888
2.106097 2.624199 3.067797
1.709032 2.123911 3.045719
1.614552 1.987689 3.102602
1.156962 2.042441 3.036368
0.888187 1.409060 2.918422
0.961640 0.561601 3.026141
1.202749 2.512311 3.090320
1.242289 -0.023623 -0.023029
1.571855 2.991673 3.069893
0.712410 1.929216 3.040612
0.639709 -1.777329 3.024435
2.072397 1.013898 0.012210
2.995261 2.306031 0.018123
0.473191 1.998168 3.065208
1.331392 -0.590530 -0.018364
0.936086 0.999618 0.000058
-0.327506 -1.140842 3.020536
-0.023953 -2.556554 3.016920
-0.083553 1.388479 1.372593
0.644916 -0.765866 -0.022095
0.699055 -0.676908 -0.020217
-0.093251 1.606430 1.084738
-0.344812 1.312817 1.312004
-0.948657 2.867242 3.113199
-1.251564 -2.430742 2.994460
-0.250297 1.329479 0.810977
-1.432464 2.994636 3.074070
-1.447445 2.744655 3.075964
-0.100091 1.447165 0.498304
-2.329195 -0.897673 3.054215
0.375456 -2.601529 -0.052727
-0.099063 1.541739 0.834617
0.558477 0.699620 -0.010592
-0.090076 1.467560 1.202603
-0.928196 2.518974 3.121541
1.372540 -2.133918 -0.041472
1.808746 1.902654 -0.001070
-0.499998 1.933010 3.053988
-0.388558 2.388179 3.058983
-0.307062 -2.257246 3.027063
2.413448 2.680215 -0.000619
-0.316699 -0.213449 3.044638
2.965346 1.498971 -0.000856
1.248634 2.388403 3.078367
0.729800 -0.987199 2.999098
2.772229 -0.610193 -0.028428
1.132755 0.282400 0.405872
1.845770 2.990482 3.054070
0.744586 1.460010 3.032942
0.629309 0.506957 3.032731
0.975220 -1.197076 3.009235
1.775438 -2.484395 3.058117
1.537856 -1.026936 0.935947
1.145625 0.105994 0.410891
2.205471 1.773172 0.951166
2.038301 1.688570 1.281758
1.855979 2.513765 3.059404
2.216984 2.929331 3.081122
1.098128 1.500341 3.040979
1.007961 1.152884 2.769000
0.731888 1.502384 3.028255
0.720573 0.984225 3.018300
0.692417 0.496347 3.039074
0.696913 -0.438988 2.997623
0.950487 -0.755395 3.033536
1.362716 1.706513 3.041650
0.380913 0.995980 3.035892
1.248587 2.449612 3.078658
0.836374 1.879261 3.038167
0.511986 1.307407 3.039155
0.301539 0.750322 3.032969
0.299419 -0.789759 3.022674
2.007846 -0.323455 -0.021843
2.230306 1.790708 0.119802
2.300355 1.799540 0.583058
1.097898 2.484192 3.046372
0.046296 0.976647 3.055298
0.559663 -2.061224 3.027407
2.767728 -1.540965 -0.018327
2.064943 -0.758181 -0.010193
2.214469 1.486711 0.005730
-0.270552 -0.218226 3.046711
2.124093 -1.977021 -0.038366
-0.708169 2.557611 3.047813
-0.590240 1.967973 3.044578
-0.728158 -1.502348 3.018948
1.669753 -2.463464 -0.041678
-0.086873 1.391764 1.230107
-0.079805 1.363947 1.426547
-1.065425 2.502298 3.040686
-0.985551 2.245979 3.034421
0.703001 -0.576286 -0.020277
0.671287 0.568284 -0.004086
-0.097495 1.518557 1.017035
0.462850 -0.760620 -0.018370
0.494956 0.678964 -0.003570
0.412134 1.009639 0.000066
-0.099310 1.494350 0.626262
-2.340907 -0.503761 3.035071
-2.341661 -0.758732 3.031011
-0.105836 -2.942684 0.478044
-0.094752 1.586283 0.695698
0.717431 0.476078 -0.008789
-1.554275 2.982854 3.092356
-1.058698 2.490127 3.065489
-0.786482 -2.535258 3.018086
0.952200 -0.007385 -0.019383
1.176895 1.114455 -0.002469
-0.410965 2.954157 3.065924
1.831261 -1.021733 0.031065
-0.046823 1.990613 3.065365
-0.377916 -0.182859 3.038706
-0.044746 -0.527595 3.052153
2.969800 1.970001 -0.001730
0.380207 1.993020 3.063871
0.640884 -1.002311 3.021121
0.652848 -1.522770 3.024168
1.095107 0.149073 0.483187
1.096198 0.243004 0.505655
1.115459 0.264534 0.508001
2.250063 1.797895 1.032397
1.605470 2.932164 3.093672
1.336150 2.522697 3.061693
1.234017 2.443049 3.102660
1.042167 2.043722 3.061107
0.338873 -0.343838 3.055227
0.276351 -0.569209 2.993088
1.680394 -2.593270 3.063873
1.435704 -1.091796 1.135000
1.138366 0.117992 0.569929
1.089174 0.143062 0.514165
1.132101 0.280966 0.612953
2.049266 1.691956 1.450067
2.549209 2.943544 3.089147
2.165307 2.917194 3.070402
2.054420 2.480722 3.069821
1.713610 2.314001 3.132426
1.457942 2.385422 3.048036
1.414433 1.953277 3.052001
1.185676 1.890217 3.123453
0.929859 1.792430 3.041429
0.681364 0.959206 3.037212
0.649423 -0.057356 3.039927
1.228351 -1.617680 3.029073
1.655124 -2.174572 3.075006
1.991467 -2.593942 3.013075
2.260550 -2.792066 3.024842
1.630942 2.034875 3.114008
1.763069 2.938568 3.049851
0.367884 0.811130 3.020300
0.316231 -0.814440 3.016704
0.667620 1.433766 3.051653
-0.110790 -1.060683 3.045246
-0.095091 -1.520380 3.034179
0.479265 -1.600764 3.029479
2.858756 -0.224295 0.003936
2.832702 -0.124612 0.003105
1.211501 0.324888 0.158024
0.285652 2.015095 3.048620
-0.449292 2.563741 3.048941
-0.738372 -0.541586 3.068800
-0.407698 -2.282721 3.024120
1.234850 0.914150 0.002101
1.330967 0.980554 0.000410
-0.328361 2.976557 3.054936
-0.681570 2.482114 3.041672
-0.706777 1.995558 3.047447
0.689180 -0.529345 -0.022526
0.820544 -0.013784 -0.007717
0.939948 -0.192081 -0.009943
-0.097236 1.481915 1.010913
-1.234818 2.710206 3.088561
-2.458427 -0.454688 3.050846
-2.382696 -2.122192 3.014109
-2.552527 -2.049612 3.007453
-2.391350 -2.399354 3.001616
0.795449 -0.031366 -0.013868
-1.259059 2.956147 3.080078
-1.095956 -2.652580 3.019715
-0.641056 2.936261 3.069358
-0.844937 2.072684 3.126326
2.075053 1.507606 -0.001859
1.685676 1.414145 -0.001849
0.125231 1.887237 3.062198
-0.537439 -0.217920 3.023842
-0.497447 -1.000496 2.998215
2.065945 -1.100141 -0.028462
2.955369 1.858793 0.002441
0.329208 1.424119 3.041984
-0.156500 -0.232579 3.028692
0.502204 -2.575686 3.025949
1.082035 0.238600 0.614418
0.152698 -0.586165 2.988086
0.424461 -1.119483 3.036389
0.529032 -1.566760 3.028105
1.713234 -0.996095 0.865384
1.133792 0.094905 0.739528
1.095264 0.114177 0.642762
1.124470 0.255995 0.779706
1.091277 0.237675 0.712309
2.542499 0.848168 0.877768
2.101817 2.880170 3.069632
1.716916 2.401653 3.043619
1.308028 2.358438 3.076158
0.584566 -0.076051 3.027140
0.233791 -0.272411 2.980191
0.537491 -0.598466 3.044263
0.165349 -0.434452 2.982281
0.555770 -1.013464 3.036157
1.115808 -1.611663 3.028317
1.507520 -2.121933 3.024857
1.435431 -1.096670 1.292425
1.709503 -1.009633 0.971398
2.742663 2.988635 3.073327
2.414761 2.898554 3.066639
1.565379 2.736928 3.092426
0.765178 1.857828 3.031493
0.408856 1.334825 3.025710
-0.173052 -0.196840 3.049160
0.239222 -0.226733 3.042714
1.116207 -2.601715 3.015506
1.699993 -0.993563 0.807049
1.023596 2.884271 3.055763
-0.521571 -0.102786 3.006650
2.332922 0.183875 -0.005524
2.736108 0.218267 -0.004793
-0.796447 -2.046438 3.021399
-0.195156 -2.501930 3.032511
1.713859 0.874719 -0.001607
1.872436 1.284773 0.006193
-0.046343 2.993224 3.052573
-0.452811 2.467635 3.052683
-1.063227 -0.590643 3.084504
1.447361 -2.070873 -0.046563
1.304853 0.068851 -0.014251
0.784655 0.487014 0.000337
-0.849393 2.461344 3.110490
-0.913997 2.196594 3.116032
1.068598 0.848365 -0.018133
-2.088317 -1.883061 3.016365
-2.456586 -2.322328 3.015741
-2.737501 -2.893982 2.995275
-0.077818 1.603310 1.239867
1.216242 -0.520004 -0.019926
-0.901607 2.937670 3.072305
1.519313 -1.366563 0.080700
1.414845 0.388603 0.050184
1.641665 0.922787 -0.004628
2.321458 0.857884 -0.007923
1.749150 1.263648 0.002942
-0.578514 1.736732 3.064600
-0.588014 -0.034600 3.051832
2.245540 0.664615 -0.013692
2.973504 1.333840 -0.000326
2.273015 1.817338 0.958592
-0.050477 -0.193968 3.026711
-0.278711 -0.148450 3.043836
0.023363 -0.961022 2.977570
1.695799 -1.010149 0.960461
1.078701 0.149759 0.878693
1.091019 0.232834 0.902096
2.536424 0.832097 1.259956
2.387917 2.892197 3.071922
1.606986 2.896796 3.077125
0.860592 1.436599 3.039536
0.471613 1.429195 3.052920
0.514047 0.888956 3.054203
1.423147 -1.070516 1.431653
1.731396 -1.004342 1.192397
1.155049 0.095040 0.865265
1.126206 0.263667 0.967130
2.646183 2.812547 3.092314
2.170835 2.473205 3.069066
1.973913 2.419060 3.063222
1.550929 1.977800 3.099531
1.184798 1.952937 3.116980
0.472810 0.435274 3.036451
0.422744 -0.041769 3.027740
1.139040 -1.820480 3.027027
1.140746 0.090338 0.928480
-0.145953 -2.060622 3.041958
0.932203 2.897636 3.049302
0.305652 2.430157 3.049112
-0.521236 1.452676 3.048344
-0.248657 0.927058 2.986318
-0.346186 -1.544121 3.036811
2.405049 0.181938 -0.005915
2.627750 0.921054 0.000512
2.240367 1.798617 0.398628
1.914502 1.889642 0.630792
-0.322836 2.433422 3.048307
1.602677 -0.493921 -0.018977
1.969977 1.045648 0.007054
-1.137774 2.678734 3.115939
-0.817566 2.559458 3.102848
-0.700930 2.118990 3.059335
-1.302591 -0.527246 3.031145
0.894111 0.492322 -0.005467
-2.213643 -1.876918 3.018636
0.830686 -0.498636 -0.014807
-2.520861 -1.840013 3.018736
-2.629678 -2.810050 3.003233
0.879303 0.965228 0.000462
1.182376 0.984075 0.003600
-2.190207 -1.395193 3.033356
-2.812706 -1.851039 3.024109
-2.604504 -1.858153 3.025777
-2.871724 -2.330012 3.015149
-2.686506 -2.714203 3.007440
-1.846610 -1.078099 3.041435
1.663783 1.870059 0.008548
1.131674 0.109128 0.660355
1.806118 0.489674 -0.014427
2.255039 1.448359 -0.003109
2.847900 1.777739 0.001105
-0.669498 0.003128 3.055552
1.698837 -0.999353 0.594431
2.654724 0.219085 -0.014348
2.606721 1.330110 -0.002284
-0.598284 1.013295 3.040540
0.603603 2.425041 3.064733
-0.252651 -0.092149 3.026648
-0.321276 -0.088159 3.036373
-0.336842 -0.624340 2.980683
1.111578 0.128124 0.932580
2.543722 0.806583 0.927527
2.020395 1.715113 1.429617
1.714817 2.830206 3.071272
0.273132 -1.009280 2.997808
0.579520 -1.125097 3.037351
1.264029 -2.647794 3.011276
1.452678 -1.134267 1.435424
1.719273 -1.016335 1.292361
1.130387 0.095970 1.041003
1.092149 0.125022 0.980407
1.093117 0.223506 1.008972
1.133264 0.258442 1.095957
2.545375 0.769637 1.023142
2.553006 0.814831 1.330992
2.755446 2.720270 3.076125
2.353193 2.763214 3.089417
2.023898 2.303277 3.050519
1.675616 2.248620 3.086087
2.334024 2.388032 3.078804
1.550797 1.891796 3.114562
1.185351 1.857619 3.042896
0.386910 0.452112 3.029191
0.255248 0.399509 3.043332
0.319870 -0.482720 2.984414
0.969422 1.273508 2.816713
0.371170 -0.011427 3.025840
0.492207 -2.138578 3.029513
1.683321 -1.012311 1.314378
2.535865 0.829019 1.021435
2.540946 0.794833 1.252704
1.574973 2.352928 3.115343
1.230190 2.043092 3.110538
1.681491 -0.994181 0.657494
1.976144 1.788063 1.426076
1.356906 2.792518 3.056782
-0.707055 0.013378 3.044849
0.020331 2.368716 3.052786
-0.623972 1.536287 3.055838
-0.601036 1.046969 3.059443
-0.555602 -2.175200 3.022355
2.690189 -1.527222 -0.019998
2.685383 1.274393 0.018243
2.777630 1.783907 0.020611
2.223338 1.792521 0.409051
-0.858646 1.316565 3.042612
-1.068576 -0.080958 3.109636
-1.136055 -0.554622 2.965077
-1.498688 -0.876101 3.030218
1.201554 0.105938 0.306994
1.167751 0.453290 0.001097
1.862780 0.873116 0.006040
-0.898081 2.316702 3.119022
-0.105936 1.530246 1.410563
-2.286086 -1.289054 3.021781
-2.356422 -1.748177 3.014275
-2.335057 -2.287500 3.006904
-0.279411 1.303359 1.392044
-2.718704 -2.283824 3.005385
-2.805596 -2.837788 2.998366
-2.127292 -0.791499 3.042889
-2.886701 -1.749286 3.023361
-2.995979 -2.243522 3.027611
-2.537626 -2.763834 3.003744
-2.698715 -1.293627 3.022843
-1.495196 -0.347899 3.042777
1.774090 0.493079 -0.013501
1.113334 0.109389 0.715172
-0.929685 1.336667 3.027217
-1.274512 0.027088 3.012705
0.145009 2.995906 3.075220
-0.495526 1.509213 3.055939
-0.760250 0.022467 3.100755
0.465696 2.357471 3.068847
-0.485637 -0.474114 2.971948
1.126682 0.120125 0.841079
1.145197 0.275909 0.878009
2.629515 2.946049 3.087891
1.108758 2.331934 3.066855
1.055549 1.782700 3.052323
0.640358 1.394097 3.047174
0.277978 1.396605 3.050710
-0.276571 -0.371237 2.997650
0.165853 -1.008077 2.973441
0.564639 -1.614677 3.038389
0.516876 -2.127473 3.037940
1.723125 -0.992766 1.009494
1.150830 0.094047 1.131365
1.083058 0.150131 1.070404
1.131099 0.269858 1.189873
2.543168 0.738265 1.413572
2.478065 2.675028 3.077388
2.819451 2.599454 3.088865
2.108201 2.181363 3.060391
0.872762 1.396724 3.051290
0.465433 0.890251 3.018712
0.237569 -0.483432 2.964855
2.418901 2.284872 3.073882
2.655403 2.362701 3.074138
1.607841 1.859308 3.114702
1.188815 1.428348 3.027901
1.922032 1.989407 3.061834
1.107290 -2.284781 3.020692
2.536287 0.690774 1.437422
2.540454 2.681580 3.084332
2.008720 2.275793 3.058837
0.935850 1.899545 3.053973
0.075243 0.445862 3.032411
0.366165 -1.653373 3.040782
1.646088 -0.996563 0.703337
1.818174 2.822757 3.068824
1.096730 2.334745 3.057706
0.234553 1.408800 3.049403
0.087199 1.877717 3.052146
-0.390860 0.981626 3.047307
2.467231 -0.712020 -0.019180
-0.747132 1.045090 3.013874
-0.977909 0.136259 3.032180
-0.854151 0.026561 3.084865
2.206535 1.252153 0.003234
-0.725114 2.649570 3.061662
-0.907900 2.241065 3.111565
-0.854852 1.640465 3.054117
-1.390602 0.047711 3.044558
-1.475394 -0.794251 3.044399
-1.902286 -2.289330 3.011160
1.457676 0.120861 0.088794
1.609730 0.890824 0.002218
1.682648 1.370435 0.010481
-1.802571 -0.750234 3.016930
-1.954908 -1.260142 3.028662
-2.002255 -1.791559 3.020540
-2.422042 -2.268426 3.001659
-2.490480 -2.657825 2.996604
-2.671852 -1.144199 3.020710
-2.264821 -1.192800 3.035368
-2.742303 -1.642898 3.015784
-2.840777 -2.105891 3.012059
-2.500237 -2.694917 3.016564
-2.769435 -2.621346 2.998487
-2.110533 -2.291708 3.008053
-1.585769 -0.309497 3.049967
1.276766 -1.105670 -0.026519
1.801879 -0.185612 -0.022842
1.090647 0.249967 0.413978
1.685091 1.381047 -0.003699
1.781245 1.744561 -0.001202
-1.050665 1.497303 3.053098
-1.503670 -0.783184 3.045455
1.993709 -2.718185 -0.059689
2.533651 0.673293 0.138528
2.366406 1.243876 -0.005228
1.994006 1.749989 0.829005
2.564854 2.765683 0.521360
-0.668923 1.491844 3.058090
-0.808209 1.018193 3.033150
1.653021 -1.006715 0.697326
2.635864 0.134748 -0.018517
-0.528142 -0.863466 2.992783
0.422216 1.781455 3.062055
-0.252638 -0.004749 2.985294
1.460963 -1.217435 1.407372
1.721231 -0.996019 1.110715
1.142818 0.270453 1.242254
2.532232 0.692681 1.146858
2.542312 0.658345 0.933041
2.200968 2.750760 3.077264
2.568300 2.509514 3.090153
1.660406 2.352330 3.090481
1.024582 1.866503 3.059803
1.110048 0.125085 1.093423
2.447462 2.164146 3.073295
1.660089 1.748630 3.060894
1.270936 1.457677 3.060502
0.320759 -0.028465 2.998178
0.758311 -1.701870 3.028014
2.007859 -2.970128 3.023536
2.721868 2.257371 3.079572
2.534936 0.668920 1.393937
2.942872 2.552411 3.087029
2.589543 2.422306 3.080551
2.415201 2.306249 3.077220
1.761035 2.316230 3.066712
1.631772 1.842677 3.091908
1.442689 -1.133391 1.082951
2.545454 0.651407 0.805936
2.262203 2.697875 3.070268
-0.246845 0.054979 2.988638
-0.447640 -0.382896 2.980564
-0.122587 0.996427 2.998640
-0.529402 0.026844 3.049981
-0.565121 -0.303682 3.047452
2.548204 0.654695 0.337549
2.541940 0.699073 0.406732
2.122251 1.725431 0.964343
-0.409291 1.260419 3.044568
-0.551365 1.103311 3.045502
1.436170 -1.150574 0.395016
1.682031 -0.977969 0.360555
2.548523 0.698157 0.035140
2.718191 1.147137 0.005156
-0.792957 1.637537 3.049187
-0.874957 1.147239 3.046199
-1.116365 0.263511 2.958813
-1.446967 -0.279370 3.039611
1.406517 -2.152033 -0.030492
1.800104 0.123610 -0.008436
1.922775 0.782454 -0.001483
-1.060864 1.650179 3.051810
-1.605512 0.019134 3.033554
-1.661956 -1.258739 3.032852
1.173971 -1.631347 -0.020005
-1.826708 -0.213286 3.033724
-2.070697 -0.350867 3.038134
-2.039083 -1.679439 3.017172
-2.141031 -2.183497 3.006213
-2.436628 -2.701627 3.000951
1.317834 1.386783 0.006950
-2.274192 -0.635295 3.039462
-2.334261 -1.106687 3.031024
-2.772715 -1.505760 3.012915
-2.569103 -2.105977 3.020210
-2.618406 -2.692701 3.004051
-2.050138 -1.222721 3.028533
-2.113675 -1.662396 3.025101
1.839424 2.763353 0.033256
-1.795464 -1.273016 3.034015
-1.852580 -1.763697 3.036848
-1.932648 -2.696152 3.014585
1.292736 -0.681873 -0.025800
1.180313 -0.622737 -0.022608
1.253672 -0.166341 -0.018647
2.050610 1.244805 -0.005063
1.805301 1.771393 0.001476
-0.930467 2.646033 3.111208
-0.961452 2.329909 3.064774
-1.338427 0.122550 3.054574
1.664518 -0.739051 -0.017279
1.164204 0.097697 0.396934
1.158448 0.300828 0.397336
-0.321350 2.612378 3.066928
-1.141639 -0.276579 3.032989
1.797264 -1.013206 0.204345
2.345093 -0.853275 -0.017957
-0.767441 0.116960 3.112329
2.537057 0.618605 0.689653
-0.314109 0.045573 3.020798
-0.381152 -0.477248 2.965517
1.602417 -1.012229 0.881380
1.072410 0.201459 1.108611
1.255539 2.155208 3.106457
0.211863 -0.969609 2.980650
1.485275 -1.241465 1.395929
1.649182 -0.997587 1.441770
2.660009 2.586870 3.096391
1.936704 2.145487 3.073059
1.749581 1.741355 3.063293
0.995746 1.294830 3.047946
1.148995 0.103530 1.160886
2.772222 2.156691 3.080132
2.505926 2.088795 3.079125
2.012108 1.886166 3.065965
1.319094 1.441563 3.052306
2.539646 0.593139 1.456800
2.562703 2.148334 3.074605
2.278140 2.069882 3.066326
1.995088 1.877958 3.066108
1.040367 1.302235 3.047319
-0.020143 0.002611 3.060207
0.250639 -0.022344 2.998868
0.327912 -1.164974 3.029708
1.454331 -1.159280 1.120353
1.714302 -0.998992 1.403616
1.148368 0.088111 1.229995
1.873492 2.180772 3.058197
-0.335585 0.059747 2.999250
1.692761 2.740531 3.060066
2.022185 2.978284 3.073335
1.222898 2.322450 3.102913
-0.195539 1.098200 2.999287
2.541384 0.672720 0.539843
1.197047 2.884048 3.096605
1.436784 -1.137089 0.442914
2.611461 0.878624 0.119948
-0.883213 1.220999 3.033513
1.970517 0.702253 0.001761
2.325603 1.184561 0.001068
-1.141442 1.766898 3.099515
-1.654559 -2.736275 3.002609
1.976712 2.246703 0.010686
-0.852855 2.761641 3.113355
-1.063327 2.849976 3.063954
-1.859656 -0.096701 3.034858
-2.112475 -1.592113 3.019797
-2.256025 -2.595030 2.999554
-2.134049 -0.329799 3.039845
-2.361304 -1.070790 3.032996
-2.316616 -2.645275 3.017290
1.227729 0.873348 0.004421
-2.538316 -0.562790 3.026259
-2.652452 -0.989288 3.033138
-2.753265 -1.459399 3.014936
0.937702 -1.397480 -0.032980
1.129927 -1.173824 -0.026766
-1.468294 0.114855 3.043026
-1.945445 -1.101195 3.026099
-0.932576 1.197511 3.052488
-1.174397 0.215205 3.026651
-1.242238 -0.275273 3.025153
-1.260363 -2.782916 3.009406
2.922236 1.578079 0.010581
-0.817062 0.121546 3.094003
2.785156 -0.483435 -0.019922
2.933256 -0.017677 -0.009745
2.539640 0.598103 0.463368
0.535403 2.293136 3.065139
-0.464557 0.033321 3.017483
-0.339800 -0.018424 2.979323
-0.528236 -0.491174 2.951591
2.547169 0.599907 1.177167
2.549269 0.822885 1.185112
1.994954 2.827964 3.071725
-0.009701 -0.016969 3.053305
0.124609 -1.100615 2.996770
1.663177 -1.010905 1.433062
1.528464 -1.030764 1.101814
2.558952 0.814225 1.454666
2.984571 2.350332 3.088451
2.392905 2.520157 3.081221
2.220980 1.987434 3.065535
1.498419 1.629779 3.049500
1.148879 1.701736 3.053962
0.406820 0.398440 3.040322
2.914366 2.142090 3.085848
1.133934 0.264934 1.321631
2.919239 2.045020 3.082069
2.625696 1.973915 3.074259
2.052580 1.764009 3.064759
1.283592 1.282369 2.945745
1.055676 1.263324 3.055000
0.231598 -0.605261 3.018913
2.311609 2.498465 3.071277
1.578039 2.180834 3.101622
1.113851 1.684090 3.055488
1.632702 -1.001286 0.735305
1.074922 0.187511 1.165365
2.530030 0.643804 1.099309
2.606763 2.795049 3.081860
1.955161 2.377229 3.056042
2.546805 0.582157 0.774481
0.451164 1.874461 3.052294
-0.580099 0.160274 3.134553
2.730156 -2.544537 -0.038398
2.506659 0.641222 -0.007560
2.110521 1.717312 1.045507
-1.159573 0.190105 3.039710
2.637566 2.786523 0.010618
-0.887083 2.616543 3.102508
-0.894309 2.256845 3.110296
-1.506170 -0.269899 3.032409
-1.626917 -0.716254 3.021013
-2.117659 -2.671311 3.002409
-0.987510 2.888296 3.056695
-2.107958 -1.082034 3.030974
-0.399577 -2.848694 0.575267
1.473616 1.788221 -0.002962
-2.123665 -0.201561 3.051334
-2.545549 -0.498822 3.043996
-2.697443 -1.002856 3.033203
-2.829668 -1.393522 3.033266
-2.997805 -1.855225 3.037631
1.451286 0.395005 -0.018988
1.705857 1.287789 -0.007636
-1.640040 -0.695758 3.038365
1.417538 -2.200747 -0.041891
1.612466 -0.812685 -0.016209
1.786453 0.105768 -0.010184
-0.855861 2.114243 3.111427
-0.897417 1.903937 3.111224
-0.740348 1.154487 3.040786
-0.997255 0.208682 3.034053
-1.599566 -2.198782 3.016849
2.236592 0.593228 -0.004508
2.533805 0.594591 0.128948
-0.823596 -0.271173 3.090187
-0.610584 0.159006 3.165260
-0.635869 -0.298921 3.040813
2.873532 2.797438 3.095270
1.501511 1.662524 3.052854
1.142975 -2.778507 3.020566
2.661422 2.113449 3.072208
1.827000 1.799999 3.058254
1.130285 1.331409 2.883588
2.988787 1.965170 3.080113
2.107924 1.730089 3.067143
1.835018 1.598753 3.061619
0.252258 -0.134941 2.992487
1.576033 -1.022570 1.403097
2.004527 2.065269 3.068774
2.537323 0.583156 1.207165
2.797590 2.468929 3.083134
1.251758 1.837907 3.094329
-0.206741 -2.655477 3.033836
1.469920 -1.283881 0.953226
2.537289 0.589411 0.883549
-0.922440 -1.195278 3.023067
2.349717 -0.521440 -0.013536
2.582245 2.675432 0.986374
-0.721615 1.224517 3.017225
-1.336405 -1.162214 3.028942
1.680750 -0.348268 -0.009306
2.557810 2.699345 0.324244
-1.035483 1.832311 3.058639
-1.339287 0.423527 3.029488
-1.972633 -2.475207 2.998540
-1.949095 -2.560008 2.995947
1.176223 -0.234381 -0.014595
-0.693266 2.816525 3.074908
-1.118794 1.749995 3.109948
-2.385887 -1.896918 3.007302
1.227693 0.794577 0.005289
-2.212310 -0.147855 3.040610
-2.586367 -1.409291 3.024213
-2.720013 -1.833289 3.019403
-2.524928 -0.355643 3.031259
-2.685320 -0.844003 3.028491
-2.995748 -1.753023 3.019543
-1.605387 0.222629 2.994357
-2.839678 -2.818821 3.000099
0.629820 -2.657689 -0.050907
1.027338 -1.223088 -0.020013
2.213082 1.592888 0.003953
-0.789218 2.703465 3.094739
-0.961677 1.814363 3.055451
-1.117199 1.877881 3.107584
-1.509881 -0.090476 3.040928
1.147303 -2.297279 -0.032441
-0.443872 2.155211 3.053904
-1.096317 0.278317 3.075012
-1.012190 -1.295262 3.035606
1.711668 -1.588531 0.013428
1.790260 -1.015700 0.103939
2.537941 0.586970 0.021528
1.971914 1.789269 1.060479
-0.299401 1.341077 3.043889
-0.485217 1.149186 3.044735
2.036183 1.699281 1.398824
-0.667725 -0.577573 3.133027
2.589648 2.881165 3.084174
2.105055 2.584109 3.069053
1.835417 2.472682 3.068038
2.530336 2.313145 3.076642
0.095301 -1.036205 2.979162
1.475168 -1.281329 1.123208
2.535053 0.566588 1.369946
2.774089 2.318452 3.083402
2.390366 1.887179 3.059040
0.984175 1.309125 3.052280
0.107185 -0.617390 2.992400
1.836855 1.621423 3.057042
0.608085 0.862016 3.022593
0.711584 1.393173 3.043820
0.219374 -0.610239 2.988128
2.073637 1.683386 3.059274
1.287368 1.246116 3.042477
-0.340734 0.149512 2.973567
2.537867 0.588427 1.020579
2.858732 2.868293 3.083366
2.077512 2.521020 3.060259
1.327717 2.156630 3.081504
0.859841 1.796546 3.052896
-0.311840 -1.746759 3.035861
1.498877 2.829123 3.102627
-0.267813 0.619094 2.985103
-0.470086 0.145583 2.991047
-0.826705 0.200049 3.090000
2.528312 0.630423 0.213342
2.571360 2.694757 1.295540
-0.207296 1.882836 3.051979
-1.160485 0.325753 3.028631
-1.386689 -0.660693 3.023294
1.707999 -0.360126 -0.017813
1.165635 0.088776 0.466376
2.066390 1.624732 -0.000848
-0.570108 2.233489 3.052648
1.299105 -0.233842 -0.022744
2.405401 2.558113 0.010952
-0.895693 2.878659 3.070118
-0.936045 1.805174 3.100214
-1.148257 1.857667 3.097477
-1.611752 0.234198 3.037095
0.017467 -2.985364 0.569479
0.602177 -1.632695 -0.026395
0.693391 -1.130016 -0.023381
1.589048 2.262373 0.011957
-2.244055 -0.074589 3.047016
-2.508680 -0.880522 3.039492
-2.528071 -1.366123 3.030882
-2.738962 -2.876777 3.007842
-2.839357 -1.299012 3.032119
-2.432847 -0.125622 3.032389
-1.931597 -0.018566 3.037173
-2.324971 -0.387078 3.031888
-2.620291 -1.302745 3.023351
1.589378 0.688329 -0.001726
1.457327 1.224200 0.003471
2.164954 1.597124 0.008835
-0.719429 1.780891 3.063095
2.054612 -0.474939 -0.022466
2.309723 0.560068 -0.007117
2.379932 0.941505 -0.002746
2.573796 2.692477 0.834653
2.641540 2.752275 0.938129
-0.689641 0.110822 3.052493
-0.583233 -0.339359 2.985793
-0.826728 -0.615599 3.101451
-0.743819 -1.755168 3.033422
1.271522 2.208275 3.100643
1.760573 1.987353 3.064746
-0.049996 -1.014650 2.991138
0.051077 -2.158948 3.039468
1.512884 -1.037445 1.377763
2.871237 2.609272 3.088348
2.898185 2.429782 3.082395
0.021406 -0.004001 2.994190
2.693624 1.898838 3.064613
2.899856 1.946993 3.071718
0.351602 -2.218287 3.022427
2.965825 1.810783 3.076996
2.674272 1.763163 3.066669
2.103884 1.606166 3.060814
1.339533 1.221405 3.042049
0.882651 0.892697 3.041138
1.547917 -1.026667 1.052418
2.548051 0.762078 1.343271
1.721636 2.071660 3.053561
0.094757 0.847907 3.023372
-0.117661 0.519162 2.992516
-0.406383 -0.370611 3.010826
1.705978 -0.990089 0.970196
2.539836 0.734293 0.964188
2.534857 0.557778 0.942317
2.536005 0.572371 0.570760
-0.808298 0.186733 3.119450
2.714034 0.902911 0.083744
1.991931 1.753160 0.399690
0.088738 2.873394 3.057332
-1.533038 -1.109015 3.024841
-1.628445 -2.133884 3.015627
-1.692814 -2.663527 3.004956
1.065255 -2.295030 -0.042781
1.235510 0.105974 0.297020
2.096909 1.043756 -0.000099
2.330910 1.493724 0.004435
-0.666476 2.742963 3.059694
-0.880605 2.335817 3.090093
-0.900878 1.770776 3.096676
-1.406417 0.423452 3.033446
-1.616163 0.303942 3.041540
-1.701391 0.020394 3.038125
-1.906172 -1.029595 3.024845
0.590962 -2.739340 -0.041796
0.347669 -2.168450 -0.049737
1.160011 -0.808069 -0.023667
0.956610 -0.225153 -0.011491
1.493833 0.106491 -0.021559
1.716995 2.203161 0.008070
-1.107902 1.936909 3.088576
-1.969239 0.065518 3.035175
-2.207223 -0.919200 3.031701
-2.336409 -1.324856 3.018950
-2.664686 -2.290202 3.006330
-2.828198 -2.741353 3.010980
1.597847 1.692761 0.001134
-2.233125 0.094845 3.029040
-2.650934 -0.218008 3.031998
-2.842104 -0.705174 3.030407
-1.940908 0.120636 3.040298
-2.198840 0.184561 3.030524
-2.364572 -0.280228 3.029587
-2.707451 -1.243221 3.017380
-2.400856 -1.296760 3.027748
-2.865712 -1.658751 3.016825
-0.502626 -2.905992 0.559816
1.457484 1.158919 0.000884
-1.760052 0.312421 3.030914
-1.613997 -0.053053 3.043948
2.092885 0.944347 0.002897
-0.927826 1.907167 3.112078
-1.592004 -2.640589 3.014324
1.906651 -0.540782 -0.011588
2.555272 2.692412 0.626846
-1.375025 -1.686479 3.035078
-1.577950 -2.085696 3.023988
1.094137 0.203360 0.850958
-0.807780 -0.219406 3.101476
-0.570822 -0.279478 2.954503
1.126422 0.247644 1.441552
1.093529 0.191580 1.200527
2.715330 2.648837 3.090893
2.192529 2.362153 3.075763
1.202732 1.738030 3.055620
-0.197018 -0.650805 3.020770
1.444838 -1.065627 1.339913
2.821425 2.031179 3.068787
1.970776 1.747220 3.063239
1.142483 1.281224 3.027473
-0.107905 -1.008713 2.986080
2.718653 1.708475 3.068255
2.157680 1.534451 3.059840
1.885190 1.449705 3.058698
1.328285 1.184864 3.053971
0.937824 0.931981 3.042386
0.728034 1.279377 3.033496
2.655639 2.081566 3.067579
1.800401 1.818131 3.054803
2.055993 1.910312 3.061400
-0.369337 -0.377982 2.981873
2.668394 2.683626 3.078488
2.450347 2.482314 3.074401
2.228769 2.369121 3.069559
-0.426579 0.090704 2.953629
-0.604058 -0.323573 2.998393
1.249421 2.736656 3.098234
-0.766241 0.131074 3.097373
2.541966 0.563994 0.301489
2.036416 1.701123 1.133590
2.581166 2.687360 1.475519
-1.241718 0.365901 3.031013
-1.452665 -1.635849 3.026370
1.992733 -0.637974 -0.021196
1.176308 0.091899 0.568103
2.716420 1.292402 0.002392
2.945371 1.632452 0.007188
0.110680 2.823447 3.064528
-0.484697 2.244244 3.053400
-0.877207 1.818130 3.101650
-1.053273 1.343488 3.038764
-2.138891 -2.432627 2.994402
-2.240785 -2.885882 2.993387
-0.580524 2.870695 3.060136
-0.699346 2.314301 3.057765
-1.522391 0.488714 3.050641
-2.431366 -1.339168 3.027853
-2.260404 -1.377380 3.029228
-2.787572 -2.781005 3.010618
-0.787252 -2.855999 0.607275
-0.455424 -2.998198 0.444599
0.436990 -1.673269 -0.023431
1.960341 2.603321 0.018556
-1.299892 1.741780 3.069272
-2.289899 0.206093 3.039656
-2.449851 -0.207357 3.038954
-2.618049 -0.665468 3.028384
-2.748515 -1.191241 3.027297
-2.924699 -1.594474 3.021106
-2.655308 -0.158770 3.032660
-2.504411 0.127417 3.027935
-2.929139 -1.631886 3.016004
-0.713503 -2.916029 0.573337
0.074013 -2.649094 -0.052565
0.455395 -1.732454 -0.029233
1.276286 0.657320 -0.006785
-1.547874 0.577362 3.036653
0.390611 -2.739880 -0.052439
0.572818 -2.284688 -0.044478
2.306388 1.311983 -0.000871
-0.781782 2.383977 3.098788
-0.927902 1.989143 3.089777
-1.120314 1.970385 3.116335
-1.423411 0.512704 3.054912
2.696049 1.173200 0.006224
2.950051 2.103199 0.010440
-1.540124 -1.665494 3.033643
2.697401 -0.096731 -0.010932
2.109487 1.739829 0.869896
-0.601142 0.954408 3.050861
-1.010684 -0.251119 3.073539
2.837996 -2.585993 -0.055760
2.538504 0.634871 0.798131
1.082816 0.214936 1.250549
2.538233 0.685615 1.210054
0.803444 1.176861 3.030668
0.411380 1.233051 3.044182
-0.299728 -1.137684 3.003410
-0.154627 -2.143855 3.041113
0.060067 -2.699766 3.029863
1.680457 -1.013133 1.175413
1.098435 0.228434 1.398467
-0.150328 -0.076589 3.045470
-0.120990 -1.118605 3.010956
-0.027496 -0.600009 2.935870
0.312005 -1.825977 3.036697
1.083525 0.189936 1.460072
2.436864 1.652835 3.060736
2.241647 1.412315 3.057555
1.623226 1.476695 3.048715
1.392169 1.077886 3.044139
0.610458 0.775898 3.029634
0.161395 -0.134496 2.979575
2.752634 1.503943 3.072184
1.944198 1.343445 3.055850
0.969995 0.833619 3.034640
-0.122104 -0.042935 2.926548
1.992640 1.588588 3.054804
0.008109 0.368231 2.967814
2.878377 2.319681 3.080325
2.254564 2.105766 3.061561
-0.460383 0.108377 3.011804
2.537274 0.705919 1.167302
2.958385 -2.682461 -0.039468
0.570400 2.351526 3.056780
-0.491813 0.890098 2.985164
1.515428 -1.376377 0.110401
2.357004 -0.303807 -0.009903
1.924907 0.494962 -0.016988
2.664241 1.752188 0.004465
-0.821952 1.782696 3.103156
-1.132872 1.266107 3.038185
-1.665752 0.588135 3.029462
-1.894396 0.113404 3.044913
-0.841631 -2.848452 0.600998
0.388325 -1.715868 -0.024665
0.596169 -1.254175 -0.028897
-2.845540 -1.183325 3.018886
-2.354549 0.268717 3.041655
-2.570472 -0.215347 3.038979
-2.997413 -1.140968 3.024951
-2.427346 0.296463 3.033275
-2.838897 -0.585664 3.022039
-0.905433 -2.884362 0.593022
0.941624 -0.323389 -0.008204
-0.802188 2.820508 3.114913
-1.158669 2.046995 3.104012
-0.935071 2.377249 3.106795
-0.201775 2.677069 3.060405
-1.254739 0.292165 3.045805
1.086092 0.166720 0.716284
-0.605060 1.178702 3.026660
-0.799710 -0.258931 3.092731
1.256482 1.989952 3.112159
2.996005 2.974377 3.099067
1.088733 0.191469 1.337738
2.245525 1.888767 3.061288
-0.169251 -0.633855 2.978638
1.107266 0.130926 1.443571
2.701562 1.931405 3.072092
2.911405 1.688663 3.073461
2.471004 1.570254 3.056610
2.809818 1.399180 3.070009
1.996046 1.254040 3.057669
2.285336 1.315053 3.058951
1.422013 1.006328 3.048698
0.077562 -0.726332 2.995668
1.112147 1.121788 2.783256
1.174770 1.175091 3.052141
1.216563 1.351171 2.926748
-0.603112 -0.438508 2.989241
1.410964 2.538859 3.050688
1.423846 -1.106676 0.244940
2.381670 -0.446595 -0.017278
-0.580495 1.214930 3.038763
-0.637840 0.838413 3.003819
-1.790070 -2.810182 2.994098
2.797985 1.551526 -0.000846
-0.477854 1.662073 3.056058
-1.426717 0.324246 3.039035
-2.436574 -2.888108 2.998523
-0.428098 -2.748544 0.565276
-0.120253 -2.697755 -0.044702
0.215032 -2.817706 -0.054438
-0.453112 2.754385 3.063729
-0.779515 2.922395 3.065588
-0.992247 1.409837 3.052717
-1.138149 1.346522 3.047348
-1.711167 0.570397 3.038885
-0.900241 -2.925799 0.600591
0.097548 -2.230341 -0.046197
0.886435 -0.327915 -0.011208
-2.200701 0.195632 3.045966
-2.326242 0.305603 3.042645
-2.538117 -0.167404 3.033380
-2.682312 -0.464041 3.031357
-2.986574 -1.060751 3.016938
-0.056951 -2.659407 -0.056860
0.139500 -2.248105 -0.052949
1.263856 0.567578 -0.007159
-0.748550 2.859490 3.062614
1.781485 0.874226 0.001547
-1.204862 1.370123 3.053488
1.993540 0.157356 -0.013454
-1.396548 0.294609 3.046119
2.493705 0.676939 -0.002365
-0.640086 1.224157 3.052240
-0.748184 0.937933 3.041405
1.431666 -1.152095 0.138600
1.866891 -0.793689 -0.027474
-0.460023 0.773908 2.998780
-0.613445 0.183822 2.888644
2.171041 2.087221 3.068558
-0.262605 -1.647003 3.025197
2.916050 2.406761 3.075294
2.670686 2.212577 3.075352
-0.254792 -0.798458 2.973253
-0.246760 -1.185391 2.998527
1.125220 0.088052 1.446916
2.818969 1.827308 3.081807
1.674416 1.357659 3.054512
1.445880 0.944772 3.045716
1.137197 0.975196 3.044389
0.188849 -0.242525 2.999559
0.051665 0.277303 3.021791
-0.083888 -0.143962 2.925844
-0.009943 -0.711635 2.946112
-0.237407 -0.406030 2.957849
2.239151 1.240078 3.056270
2.017790 1.169421 3.051984
1.014289 0.709921 3.038467
2.517194 1.518403 3.065201
2.090137 1.380428 3.061012
-0.404158 -0.036887 2.990519
0.004705 0.011784 2.942433
1.699426 -0.995170 1.092626
2.873723 2.270400 3.080559
1.206796 1.265607 2.821810
2.485951 2.913608 3.076299
0.670795 1.706849 3.045810
-1.000191 -2.015610 3.078709
2.409730 -2.140504 -0.034243
2.140287 1.725761 1.419508
1.586505 2.895866 3.078508
-0.377387 1.014689 2.985723
1.322615 -1.639039 -0.037442
-1.214362 0.172488 3.052209
2.323706 1.170757 -0.000217
-0.960202 2.423943 3.093467
-1.080215 1.146992 3.054578
-1.431138 0.267551 3.038207
-2.768686 -1.794550 3.009972
-0.875451 -2.968191 0.643751
0.276276 -1.789447 -0.038757
-0.090206 -2.700204 -0.049859
0.520252 -1.336863 -0.022422
1.508375 0.922179 0.000793
2.196558 1.747949 -0.002217
-1.220901 1.895785 3.080555
-2.554513 -1.258120 3.024611
-1.308691 1.362902 3.047888
-1.506964 0.261939 3.046916
1.800568 -0.235125 -0.018207
2.097402 0.214781 -0.013946
2.279485 1.149849 -0.012717
-1.354256 -0.212856 3.030854
-1.489599 -0.692660 3.010319
2.852592 0.329398 -0.008214
1.992649 1.781368 1.127345
1.871250 2.785785 3.069949
-0.481569 -0.042013 3.002028
2.048245 2.157503 3.069087
2.303477 2.168698 3.071076
0.633133 1.204098 3.046255
-0.467694 -0.680653 3.046234
-0.479681 -1.231731 2.997763
-0.440153 -1.741706 3.025045
-0.332242 -2.324227 3.036738
2.916401 1.721270 3.076161
2.416049 1.327543 3.068183
2.076991 1.567702 3.056661
1.577893 1.148275 3.039526
0.352785 0.131340 3.018405
0.060955 0.424292 2.975531
-0.178583 -0.198148 2.939550
-0.041232 -0.830909 2.981674
-0.415618 -0.584029 2.964723
2.785198 1.315302 3.051272
2.205603 1.093912 3.058857
1.877582 1.142992 3.042943
1.369636 0.843686 3.042253
0.496103 -2.789692 3.025579
0.905293 0.605788 3.028158
-0.560792 -0.105702 2.969536
-0.036266 -0.293819 3.004502
-0.631865 -1.147339 3.026682
1.439204 -1.106579 1.304379
1.098202 0.219931 1.476751
2.358213 1.587825 3.056139
1.766811 1.534224 3.049241
1.345608 1.354534 2.988279
-0.024511 0.162689 2.963259
-0.901351 -1.606190 3.034070
-0.374479 -2.732347 3.031635
0.066166 1.308455 3.036223
2.793105 -2.493995 -0.038908
-0.620494 0.561568 3.035873
-0.859019 0.098770 3.103677
1.774320 -0.816290 -0.012959
-0.787596 0.822751 3.033365
-1.913437 -1.616862 3.028508
-1.084414 1.229767 3.054094
-1.430681 1.322400 3.026793
-1.892165 0.455974 3.034688
-0.071674 -2.812070 -0.053298
1.186268 0.310380 0.169566
1.995149 1.296637 0.008330
2.598125 2.089782 0.103350
-0.812911 2.781713 3.097295
-1.004446 2.302105 3.068733
-2.374901 0.117801 3.034919
-2.933750 -1.211738 3.012887
-0.706298 -2.739823 0.562843
-2.126122 0.599875 3.039814
-2.953497 -0.648603 3.017434
-0.102667 -2.824884 -0.024897
0.171943 -2.326156 -0.043407
1.217814 0.309719 0.272165
1.454555 0.871589 0.005636
1.878446 0.779726 -0.001536
1.519372 1.019772 0.000673
1.751829 1.380340 0.001255
2.175280 1.657722 0.002358
2.084619 2.172006 0.135549
-2.124134 0.604671 3.042279
-2.080217 0.025552 3.037222
-2.616727 0.265940 3.026283
-2.234255 -0.339055 3.021382
-2.503646 -0.902433 3.029351
-1.958030 -0.267819 3.034563
-2.262075 -1.009918 3.035126
-2.446269 -1.477050 3.031595
2.465230 0.749684 0.001670
-0.865334 1.778146 3.090979
-0.981210 1.243013 3.049117
-1.603116 0.181480 3.040941
-2.008952 -2.690965 3.008751
2.328435 0.006550 -0.012698
-0.842610 0.812433 3.052131
-0.081386 0.807797 3.024420
-0.731705 -0.574196 2.953676
-1.262832 -2.520789 3.029071
-0.784297 -2.610801 3.042766
2.971322 2.681645 3.086857
2.748686 2.803784 3.096411
1.387469 1.915738 3.059159
0.514143 1.299479 3.059900
1.692725 -1.009852 1.098367
2.936162 1.529532 3.075165
1.619123 1.141017 3.052449
0.312846 0.094544 3.018151
-0.424660 -0.164749 3.017297
-0.362276 -0.718649 3.040892
-0.287357 -1.266526 2.992245
1.725247 -0.994049 1.259583
2.715244 1.184285 3.055998
1.903580 1.024151 3.039311
0.015071 0.233002 2.979141
-0.133575 -1.618678 3.027357
1.709609 -1.009067 1.313226
2.398818 1.368505 3.058295
2.100711 1.392354 3.054572
1.264822 0.986869 3.047386
-0.026967 0.221131 2.950859
-0.551421 -0.084792 2.981260
-0.238436 -0.246642 2.938874
-0.156204 -0.238579 2.997226
2.525410 1.915813 3.062339
2.352997 1.992598 3.053149
1.711311 2.274814 3.054691
-0.693019 0.278120 3.044711
-0.864794 -0.015181 3.087498
2.157959 -1.862739 -0.037489
-0.476656 0.913227 2.994399
-0.817803 0.670959 3.035097
-0.998083 0.019217 3.040877
-1.271262 -0.378583 3.188579
1.129236 -1.745289 -0.033794
-1.544735 0.067711 3.044496
0.719662 -2.629068 -0.050657
2.012546 1.127246 -0.010686
2.215030 1.613260 -0.002639
-1.109459 1.088658 3.050530
-1.161376 0.991382 3.046565
-1.938300 0.291823 3.038298
0.116580 -2.420294 -0.051864
-2.147751 0.469015 3.042492
0.083912 -2.415284 -0.049260
2.237813 1.571961 -0.000802
-1.087063 2.943149 3.054276
-1.512865 1.956020 3.057305
-2.337133 0.566961 3.036044
-1.961826 0.304447 3.046008
-2.006769 -0.017494 3.035114
-0.861591 -2.745646 0.558827
-1.631328 1.933929 3.041272
-0.472761 -2.801215 0.518354
0.151074 -2.979740 -0.060216
-1.282075 1.042321 3.064342
-0.896237 0.753495 3.031703
2.315009 -0.701643 -0.022752
2.202379 1.764054 1.437771
-0.744530 0.363759 3.087341
-1.096186 -0.480753 2.916871
2.009911 2.604900 3.080744
0.766346 1.642080 3.053408
0.651097 1.545204 3.051903
-0.891386 -2.691180 3.031128
2.871952 2.146915 3.085447
1.499036 1.578679 3.046082
1.352861 1.514681 3.061030
0.799208 0.865155 3.027629
-0.677939 -1.441055 2.999022
1.365434 0.731014 3.042607
1.113455 0.783370 3.022522
-0.351085 -0.704980 2.922098
2.192417 0.963023 3.042233
1.912948 0.985767 3.036081
2.822371 1.217134 3.064635
2.423018 1.208802 3.063681
2.099867 1.076156 3.055055
1.630051 1.083338 3.050148
2.087250 1.449163 3.057978
-0.345785 0.338808 2.980014
-0.353012 -0.597388 2.923270
-0.272321 -0.815227 2.997999
-0.243855 -2.165623 3.030538
2.675709 1.687948 3.065001
2.315980 1.656352 3.058393
-0.604929 -2.700140 3.102010
2.847003 -2.365538 -0.022263
1.960531 2.756976 3.071183
-0.578918 0.434150 2.988020
-0.765617 0.450564 3.096701
-0.914653 0.686162 3.042465
-0.600626 0.471803 2.952781
2.004982 -2.293859 -0.041587
2.006168 1.731858 1.377544
0.459586 2.703299 3.046834
2.346305 0.282462 -0.011764
-1.403590 1.439092 3.040185
-1.458485 1.106564 3.051615
-0.118140 -2.954567 0.068253
0.946567 -1.245226 -0.027601
2.796940 2.249393 0.011750
-2.305212 0.021587 3.038515
-2.463788 -0.300420 3.029121
-0.048853 -2.456868 -0.060507
2.263984 1.353733 -0.005333
-1.469932 1.968526 3.058832
-1.389178 1.401830 3.052545
-1.611300 1.684461 3.060777
-1.719742 1.856130 3.053107
-1.533121 1.155090 3.051459
-2.590243 0.310566 3.039542
-0.659323 -2.835786 0.511721
-0.272444 -2.897633 -0.053882
0.197625 -2.029179 -0.037956
1.963134 2.097707 0.100407
-2.436992 0.643375 3.062154
0.015843 -2.985818 -0.054644
2.586848 0.417176 -0.013281
2.971904 1.720040 -0.004654
1.913856 1.884069 0.896119
-1.727259 -0.065729 3.037809
1.933040 -1.046611 0.032705
2.186015 1.760586 1.381031
2.739759 -2.259657 -0.036919
2.532709 -2.219566 -0.037956
2.804710 0.504210 0.856980
1.047943 1.997247 3.060711
-0.683505 0.383886 3.088430
-0.741105 -0.058929 3.016302
-0.888435 -0.462755 2.993038
1.197315 0.071123 1.372898
2.982255 2.205491 3.081095
-0.416495 -1.357210 2.980254
2.431999 1.482855 3.059819
1.834174 1.285672 3.057694
1.616369 0.835321 3.046789
-0.077674 0.077041 2.978432
-0.151921 -0.913153 2.991935
-0.411992 -0.605995 2.943638
2.798187 0.918482 3.057275
2.508243 1.040783 3.057687
1.926823 0.737892 3.042663
2.205085 0.737892 3.051745
1.372291 0.587105 3.049700
1.121967 0.670893 3.026342
2.574973 0.722822 3.054849
0.882846 0.387695 3.032458
2.778344 0.819353 3.058612
2.461788 1.102716 3.059587
2.187422 0.784007 3.056382
1.613821 0.908085 3.043424
0.897771 0.427908 3.024035
0.737412 0.782515 3.039870
0.515305 0.387283 3.044146
0.017708 0.134021 2.961714
-0.093086 -0.441205 2.987440
-0.309107 -0.319405 3.043202
2.160235 1.151923 3.053405
2.718428 1.688155 3.072203
1.797704 1.388861 3.051070
-0.861432 -0.597684 2.998592
1.598401 1.497549 3.047648
2.801756 0.484907 1.224758
2.244982 2.230005 3.068743
1.545972 2.052548 3.091496
-0.429652 0.340648 2.982228
2.746713 0.501050 0.711299
1.205375 0.067297 1.003631
1.113973 2.255923 3.055351
-1.985947 -1.786069 3.024303
2.800626 0.511384 0.119546
-1.226752 0.918377 3.049374
-0.552083 -2.832024 0.511404
0.670692 -1.783667 -0.035490
-0.804890 2.194505 3.061795
-1.073595 1.750242 3.041209
-0.859470 1.440968 3.056643
-2.785860 -1.316054 3.008884
-1.180289 -2.921656 0.577608
-0.764714 -2.957051 0.477557
-1.026305 -2.717641 0.596875
-0.385689 -2.942105 -0.052225
-0.172970 -2.518449 -0.045409
0.437854 -2.238713 -0.038527
0.366846 -1.623176 -0.026214
1.966614 0.326713 -0.002088
-1.328669 1.884844 3.129871
-1.670013 1.756922 3.046281
-1.504359 1.064498 3.060700
1.079934 -0.315134 -0.008105
2.035746 1.500422 0.005404
-1.571298 1.590223 3.053148
-2.411030 0.575856 3.043854
-2.475259 -1.044775 3.036861
-0.715220 -2.824962 0.508584
2.733418 0.460294 -0.011428
2.744027 1.193949 -0.001205
-0.040823 2.399685 3.065571
-0.363955 1.328079 3.052053
-0.716969 1.599739 3.054482
-0.890486 0.538824 3.035566
-1.125832 0.839338 3.047436
-2.139579 -0.519553 3.034472
-0.498884 -2.917978 0.690384
2.713488 0.517959 0.372060
1.214963 2.887170 3.091735
1.934251 -1.633630 -0.026213
2.639718 0.522288 0.928126
-0.630674 0.201332 2.910010
-0.840395 -0.064424 3.103021
-0.810909 -0.046369 2.954589
-1.124919 -0.516792 3.105896
-1.069671 -0.519187 2.881472
-1.041391 -0.637983 2.834395
-1.186354 -1.002261 2.994956
2.779726 0.495255 1.443177
2.432007 2.022688 3.076313
2.766641 2.061344 3.083725
2.195385 1.964126 3.079595
1.610985 1.590539 3.056872
-0.822991 -0.763850 2.964747
2.550740 1.352878 3.054760
1.985886 1.161861 3.056004
2.267033 0.836060 3.056933
1.385317 0.991474 3.045556
0.810014 0.703457 3.047942
0.581206 0.224539 3.040911
-0.411346 -1.494737 2.954524
2.553519 0.801508 3.061020
2.871088 0.593153 3.062788
1.688702 0.698350 3.044224
2.032679 0.499780 3.039849
1.391509 0.376838 3.052951
0.316197 -0.199587 3.023152
0.011300 -0.599374 2.998861
-0.176146 -1.133232 2.999399
2.320796 0.502761 3.057343
2.904214 0.474653 3.055890
2.637265 0.688669 3.057634
2.353102 0.469657 3.048699
1.739040 0.634882 3.042876
1.428663 0.332168 3.041263
1.149200 0.391814 3.027368
0.313145 -0.219948 3.023558
-0.486556 -0.284007 2.987708
-0.267718 -0.530105 2.903036
-0.422227 -0.738201 2.904635
-0.295631 -2.712651 3.034346
2.918669 1.170175 3.067416
2.622764 1.226126 3.048254
1.098504 1.098867 3.043935
1.200271 0.061216 1.421366
2.221291 1.578610 3.050486
2.522865 1.887758 3.059577
1.411004 1.454021 3.044958
0.887855 1.200760 3.038384
2.170291 -1.752317 -0.037995
2.449001 -1.971380 -0.034963
2.768443 0.525768 0.923051
2.810051 0.499504 0.938308
2.830739 2.959938 3.076881
1.931195 2.222378 3.045425
-0.483944 0.358392 3.047375
-0.853073 0.499437 3.043269
2.657089 0.537606 0.411025
1.883628 0.239018 -0.012167
2.224402 1.801305 1.016543
-0.578582 -2.998495 -0.065711
-0.283299 -2.559587 -0.053740
0.022135 -2.113636 -0.045936
2.958902 1.883149 -0.002090
-1.427859 1.015409 3.052998
-1.176101 -2.766491 0.566217
-0.610457 -2.959880 -0.054211
-0.319768 -2.569901 -0.049064
-0.054181 -2.122833 -0.037983
0.185882 -1.728108 -0.029215
0.494926 -1.292161 -0.019622
2.577549 2.114506 0.010575
-0.593791 2.790046 3.054841
-1.088805 2.024960 3.051549
-1.209962 1.944018 3.101323
2.252505 0.411508 -0.013854
2.724389 1.423969 0.000325
-0.464129 1.785905 3.053943
-1.016413 0.752907 3.040898
0.100746 -2.829819 -0.054646
2.548534 0.532673 0.285363
2.676625 0.520551 0.201396
1.105085 0.121256 1.272331
-2.228994 -2.251446 3.025085
2.802484 0.492431 0.552977
2.745758 0.516644 1.005446
2.478001 -2.064681 -0.042828
2.044524 -1.740678 -0.033199
2.372335 2.035822 3.076757
1.186138 1.350705 3.014118
-0.672955 -0.743540 2.947071
-0.991711 -1.085231 2.977900
-1.252907 -1.525212 2.982002
-1.472309 -2.642215 3.025416
1.004638 0.477827 3.039342
-0.469971 -1.540740 2.969083
2.699950 0.505095 3.064433
2.411959 0.781870 3.057744
1.842605 0.414585 3.045836
1.423938 0.578783 3.044823
0.676329 0.083184 3.027829
0.026522 -0.178209 2.941016
-0.114133 -0.434724 2.905098
2.184639 0.428279 3.045684
1.476515 0.291448 3.046124
2.671618 0.482471 3.060580
2.394892 0.302958 3.052661
2.169736 0.303479 3.052456
1.503112 0.173541 3.045060
1.313520 0.209234 3.100769
0.979338 0.468325 3.034192
0.389012 -0.345525 2.985840
-0.207966 -0.625202 2.890407
-0.732341 -0.759394 2.979075
2.121387 0.817187 3.047067
1.552031 0.707390 3.038936
1.257371 0.896545 3.047310
0.546821 0.692081 3.049147
2.905585 -2.191772 -0.021868
2.811200 0.489031 1.187041
2.667460 0.509671 1.239667
1.904447 1.658514 3.052699
2.325420 2.683884 3.077977
1.153486 1.428207 2.936014
-0.697818 0.414835 3.071582
-0.713506 -0.234720 2.973745
-0.656936 -0.226953 2.985826
2.770525 0.515152 0.592132
2.623644 0.517083 0.687470
1.885458 2.370100 3.060548
1.585487 2.533087 3.069452
2.634335 0.522595 0.111316
2.683524 0.316973 -0.013520
2.848046 0.495114 -0.008543
1.202261 0.076945 0.749522
-0.453350 -2.622983 -0.058697
-0.165991 -2.180587 -0.045560
0.435566 -1.388252 -0.026949
2.115195 0.444082 -0.001917
-1.170739 -2.826578 0.563441
1.520106 0.222629 0.001079
-0.751711 2.255150 3.066257
-1.265075 1.476028 3.057436
1.964953 1.196627 0.000058
2.796389 2.302997 0.017274
-2.167868 0.221901 3.038178
1.565678 0.237781 -0.009103
2.082097 0.420794 -0.008623
-0.906915 -2.944881 0.464504
0.022970 -2.381263 -0.050243
-2.711528 -2.385619 3.009378
0.966336 -1.800966 -0.032061
2.954551 0.492210 0.000405
1.206151 0.067203 0.864054
2.790269 0.500338 0.462842
-1.024770 -0.585355 2.798260
1.528792 -1.367224 0.226402
2.699452 0.515696 0.818163
0.761191 1.163242 3.036129
-0.746225 -0.194403 3.092030
-0.818452 -0.387307 2.960758
-1.267931 -1.630567 3.028659
2.894334 -2.233538 -0.014966
2.740329 -2.043781 -0.016590
2.805871 0.488030 1.428889
1.054574 0.398467 3.037043
-1.044321 -1.657495 3.022677
1.713850 -1.010853 1.094370
1.906443 0.370081 3.038751
-0.178947 -1.214601 2.989299
2.745525 0.414424 3.063486
2.429762 0.445275 3.062109
1.520333 0.249536 3.050155
1.345505 0.200288 3.098311
0.013132 -0.766251 3.002047
0.085257 -0.404561 2.928159
-0.110339 -0.517953 2.909575
2.734592 0.243530 3.058960
2.492447 0.185085 3.053973
2.181536 0.169320 3.049487
1.578687 0.071017 3.069581
1.301516 0.123305 3.089397
1.141547 -0.058456 3.031149
-0.053320 -0.570627 2.949493
-0.433719 -1.649388 2.996146
1.597697 0.453815 3.081714
-0.678165 -0.839197 2.943391
2.495292 1.010367 3.039615
2.900409 1.087266 3.052133
1.875280 0.876690 3.038279
1.969950 1.463190 3.047950
0.474464 0.721103 3.036036
-0.845896 -0.802744 2.997243
-1.093699 -1.194056 2.983150
-2.282799 -2.727274 3.006656
2.822579 0.498214 0.320000
1.207296 0.076402 0.930768
-2.779230 -2.471210 2.995427
-0.236932 -2.785824 -0.060230
2.273380 0.332299 -0.006302
2.292673 0.222459 -0.011009
1.200959 0.094116 0.661960
-0.422212 1.364926 3.035600
-0.527864 -2.693216 -0.054045
-0.205953 -2.276762 -0.051147
0.081069 -1.853489 -0.041725
1.973624 1.761266 0.945171
2.077881 0.952078 -0.006208
2.818761 2.328996 0.008101
2.137097 0.301600 -0.008743
-0.440327 -2.784519 -0.063496
-0.107488 -2.331272 -0.050055
0.177998 -1.960577 -0.048368
2.784673 0.495338 0.185481
1.202828 0.062478 1.272949
0.712503 1.796099 3.054226
1.892425 -1.572663 -0.028801
2.828830 0.490485 0.897934
-0.630240 -0.172076 2.951351
-1.027447 -0.683553 3.102988
-0.928870 -0.609246 2.975649
2.668300 -1.992424 -0.030242
2.249955 -1.834397 -0.031857
2.319333 -1.795912 -0.038502
2.756084 0.506081 1.421829
2.548393 1.620475 3.078019
2.342301 1.431914 3.065403
-0.719969 -0.862657 2.969591
2.505177 0.926255 3.056276
2.906363 0.917003 3.065395
1.870809 0.739723 3.051342
1.034266 0.164608 3.031353
0.443128 0.078455 3.039676
0.632132 0.300438 3.033527
2.771912 0.106741 3.054050
1.884565 0.304800 3.038105
1.495423 -0.026878 3.030165
1.426584 0.197988 3.041425
0.085078 -0.308110 2.942571
2.428852 0.062394 3.043661
1.316137 0.033797 3.090158
1.056819 0.230772 3.033505
0.066329 -0.882056 2.985352
-0.195297 -0.723064 2.907307
-0.200830 -1.361522 2.974089
-0.526388 -1.760840 2.996435
2.426211 -0.024353 3.052136
1.892070 0.196735 3.034317
2.171010 -0.024928 3.031202
1.524426 -0.106359 3.037304
1.141592 -0.195930 3.038138
-0.650506 -0.936549 2.991380
-0.331645 -0.927468 2.899557
2.513105 0.468789 3.052629
2.230142 0.576011 3.035892
1.671271 0.514912 3.063837
1.591492 0.386830 3.085894
1.339570 0.452502 3.078701
1.939519 0.841213 3.042142
2.214597 1.109730 3.046803
1.288141 0.626016 3.035235
2.479751 -1.842413 -0.024675
-0.374891 0.178014 3.006703
1.970535 -1.592926 -0.024382
2.741956 0.505678 0.872512
2.253072 2.427085 3.063183
-2.748555 -2.584721 2.997766
2.974477 0.223876 -0.001731
2.807295 0.507155 0.246895
1.232328 2.696658 3.098555
-0.913080 0.740225 3.036252
-0.892527 -2.809770 0.525845
-0.180485 -2.996558 -0.064812
0.122776 -2.562735 -0.052719
-0.962980 1.092341 3.053944
2.984765 1.648073 -0.002565
-0.925102 1.677577 3.054543
-1.255237 1.256793 3.043482
-2.166544 0.084008 3.042048
1.801009 0.392987 -0.012419
-2.079372 0.438218 3.055604
-0.502182 -2.773483 -0.069297
-0.199928 -2.416419 -0.056275
2.631567 0.512139 -0.006246
1.198450 0.079917 0.624937
-1.683464 -0.281806 3.031596
-1.077693 -2.897546 0.613498
-0.211257 -2.966944 -0.065573
2.548865 0.525237 0.628362
1.202625 0.060921 1.315854
2.804667 0.496310 1.028636
2.678838 -2.142778 -0.039337
2.387773 -1.893089 -0.032611
2.949875 -1.976335 -0.025456
1.716808 -1.002307 0.862009
1.706225 0.747024 3.051444
1.055971 0.971571 3.045645
-0.764706 -1.000447 2.971869
-1.357893 -1.718974 2.995812
2.878430 1.099671 3.080977
2.461370 0.885813 3.051772
2.207121 0.909982 3.063421
2.227623 0.388839 3.048413
0.714932 0.357285 3.027535
-0.889876 -2.163970 3.020480
1.628743 -1.037125 1.276020
2.432184 0.344864 3.049207
2.721807 0.042627 3.060401
1.848141 0.009242 3.029502
0.676649 -0.207251 3.006534
1.444801 -1.174265 1.234045
2.973620 -0.191696 3.040498
2.680415 0.136213 3.052341
2.452597 -0.206212 3.047881
2.138674 -0.113972 3.030783
1.510166 -0.211915 3.035992
1.233064 -0.047369 3.019426
2.968969 0.193525 3.042345
2.462494 0.234453 3.042562
2.180582 0.237543 3.030636
-0.617080 -1.028559 2.940550
2.700282 0.662870 3.050845
2.108747 0.528778 3.043126
1.926377 0.667545 3.045372
1.671915 0.451436 3.060991
-0.507113 -0.556872 2.970233
-0.818857 -0.987000 2.961221
-2.006553 -2.736932 2.999236
2.791934 1.286672 3.066582
2.579750 1.437122 3.057013
2.809643 0.497414 1.313876
2.205315 1.782648 3.059464
1.377750 1.658712 3.049563
-0.201856 0.440422 2.986016
-0.964126 -0.214965 3.023534
-1.641806 -0.924755 2.999170
-2.170598 -1.848761 3.021159
-2.667703 -2.707486 2.986731
2.441012 2.767263 3.090801
-1.027967 -2.720721 0.614221
-0.477794 -2.872185 -0.065365
-0.102564 -2.993453 0.104309
0.396765 -2.293962 -0.046046
2.645703 0.463388 -0.009908
-0.766884 0.746112 3.045147
-1.713608 0.128499 3.041746
-1.964852 0.437947 3.046298
2.033448 0.337197 -0.012197
2.345532 0.733451 -0.013493
-2.034992 0.597935 3.041548
-1.976182 0.556638 3.035205
-1.908747 -0.112407 3.030739
2.898133 0.547433 0.096498
-0.976119 -2.755836 0.541921
1.512964 2.874936 3.105486
-0.606266 -2.909480 0.567451
-0.573567 0.342918 3.044677
-1.129395 -0.253284 2.993711
-2.016599 -1.335257 3.024224
-2.783806 -2.693657 3.012685
2.216161 -1.950276 -0.031044
2.708974 -1.815178 -0.020832
2.759367 0.510115 1.390994
2.241011 1.638546 3.061627
2.669089 1.141790 3.063277
1.200094 1.193470 3.054230
-0.211330 0.336416 3.038756
-1.196421 -0.694598 2.991316
1.466685 -1.272602 1.261858
1.587514 -1.043351 1.290080
2.834875 1.193952 3.074883
2.984406 0.383546 3.060462
0.406791 -0.101898 3.021963
-0.757286 -1.729193 2.968027
2.739211 -0.084128 3.055417
1.811276 -0.026528 3.034294
-0.152046 -0.811356 2.893857
-0.331100 -1.453480 2.998773
-0.613936 -1.843519 2.997973
2.969233 -0.347102 3.051343
2.692428 -0.179490 3.040802
2.425019 -0.377343 3.044466
2.132643 -0.290617 3.034387
1.767332 -0.095007 3.064214
1.520207 -0.337082 3.032067
1.239497 -0.126450 3.020345
0.947654 -0.426508 3.008387
1.002012 -0.092681 3.017666
-0.301008 -0.914232 2.911682
2.656454 -0.429662 3.049850
2.435985 -0.129850 3.039752
1.532678 -0.049247 3.033406
-0.596698 -1.130722 2.954866
2.395318 0.167354 3.046347
1.901496 0.590071 3.044764
0.949399 -0.030460 3.033208
0.548551 -0.164680 3.035393
0.414342 -0.159001 2.983146
0.134449 -0.377306 2.981332
-0.502922 -0.658325 2.963160
2.470966 0.696336 3.049778
2.306535 0.847813 3.049066
2.666573 0.897175 3.048265
1.614066 0.710179 3.037088
1.097119 0.578668 3.042271
2.608631 1.393394 3.063485
-2.582487 -2.800845 3.000570
2.558630 -1.748851 -0.020945
2.765168 2.515827 3.078973
2.953172 2.764883 3.075072
1.699672 1.936070 3.056919
0.917341 1.454465 2.896125
2.804093 0.490361 0.709845
2.657770 0.509331 0.795147
-0.618687 1.379264 3.050169
-0.496638 -2.935774 -0.069155
-0.061899 -2.989656 -0.042057
0.165111 -2.195927 -0.051022
2.949160 0.505278 -0.004113
2.490975 0.496456 -0.012056
2.888268 2.449154 1.176647
-0.606614 1.983515 3.054057
-2.790874 -0.089237 3.026539
-2.054074 0.615888 3.033833
2.542557 0.378497 -0.008570
2.845805 2.457312 1.261281
2.843302 2.450541 1.436622
-2.667356 -1.573391 3.020930
-0.092146 -2.899131 0.465942
-2.780850 -2.139349 3.017020
2.275497 -1.674273 -0.033755
2.472395 -1.711953 -0.026178
1.713417 -1.002085 0.687428
2.797765 0.491692 1.395481
2.735941 1.811991 3.072121
2.966214 1.233637 3.083070
1.407830 1.328695 3.054954
-1.508958 -0.424607 3.593107
-1.301705 -0.619005 2.996003
-0.520194 -0.764285 2.964112
2.833385 0.332552 3.060608
0.991908 -0.167852 3.024599
2.695649 -0.217286 3.053709
1.756063 -0.116255 3.067112
-0.076793 -0.720523 3.024697
-0.543211 -1.510037 2.980661
2.929198 -0.565055 3.033653
2.142362 -0.467744 3.019003
2.404233 -0.639238 3.035105
2.736385 -0.772117 3.030244
1.701628 -0.334464 3.063388
1.386445 -0.516730 3.066918
0.639761 -0.460525 3.030139
0.931224 -0.335593 3.018479
0.090612 -0.637226 2.906772
-0.082641 -1.160357 2.972607
-0.239685 -1.004450 2.891129
-0.326857 -1.529089 2.962524
1.800873 -0.522485 3.029049
2.960101 -0.298709 3.043699
2.769882 -0.271876 3.048517
2.094641 -0.227149 3.032697
1.781243 -0.219805 3.042593
1.202341 -0.265793 3.026571
1.296298 0.230148 3.096000
0.518863 -0.237897 2.975410
2.248117 0.209302 3.040421
2.885039 0.890308 3.062664
1.416550 0.758870 3.037360
2.866849 -1.984123 -0.030810
2.440300 1.793513 3.056262
1.773292 1.233783 3.053627
-0.349778 0.409047 3.025431
2.735242 0.508305 1.253610
2.309580 2.202344 3.064836
0.823775 1.199864 2.908631
-2.416391 -1.141992 3.019664
0.045882 -2.855760 -0.047572
1.210983 0.069551 1.105588
1.296327 2.259726 3.070754
2.934896 0.565006 0.009018
2.253271 1.817441 1.440262
-1.825656 0.839197 3.045464
-1.883860 0.794226 3.045703
-1.542251 0.189678 3.034335
-2.416658 0.370251 3.028162
-0.201845 -2.640772 -0.046919
1.837820 -0.988122 0.043205
2.782189 0.496983 0.631246
2.360693 -1.607492 -0.029283
1.981512 -1.491198 -0.022477
2.759171 0.499714 1.169211
-1.349808 0.034183 3.242347
2.931594 -1.799037 -0.017258
1.540299 1.378357 3.050234
1.890476 0.953567 3.059514
-1.541336 -0.376055 3.624867
2.932626 -2.268948 -0.031791
2.668638 1.056229 3.062494
1.185328 0.188118 3.031679
-0.891888 -1.097272 2.973847
2.834951 -0.107697 3.060052
1.617395 0.314267 3.091117
2.524565 -0.210848 3.053023
1.670755 -0.127300 3.066409
1.974024 -0.159443 3.042410
0.994360 -0.216889 3.034313
0.557186 -0.387959 3.027133
-0.352021 -1.047295 2.899646
-0.652104 -1.505833 2.962916
-0.802765 -1.868892 2.963011
2.960540 -0.731790 3.038693
2.710233 -0.545323 3.048595
2.410884 -0.498152 3.030348
2.162343 -0.542776 3.032736
0.649868 -0.611215 3.034672
-0.285286 -1.054502 2.900520
-0.539403 -1.260932 2.913764
-0.776984 -2.037991 2.998816
2.683744 -0.958453 3.032681
2.362415 -0.818058 3.030982
1.819394 -0.682922 3.027331
1.521289 -0.659837 3.029513
0.925082 -0.696948 3.001378
1.640774 -0.335363 3.065309
1.216963 -0.505048 3.027218
0.380875 -0.297205 2.989990
-0.201918 -0.939717 2.976465
-0.892939 -1.161589 2.980851
2.265499 -0.034813 3.041571
2.669225 0.380264 3.045295
2.943844 0.576754 3.059827
1.823390 1.073032 3.043596
-2.904714 -2.726755 3.004706
2.251851 -1.580094 -0.031503
2.126585 1.811291 3.050439
1.743145 -1.415366 -0.018249
2.105406 -1.490183 -0.025987
2.739528 0.513217 1.156841
-2.790245 -1.073663 3.010653
-2.992175 -1.301822 3.017665
2.814994 0.487015 0.652126
-1.784943 0.773586 3.036512
-1.963181 0.640902 3.037301
-2.726995 0.059915 3.015806
-1.775043 0.412035 3.038540
2.131196 -1.534080 -0.023587
2.539631 -1.872544 -0.024376
2.651301 -1.649134 -0.023492
2.649956 0.519608 1.411697
2.486176 1.956560 3.065233
2.861247 1.455819 3.077559
2.547572 1.175825 3.059371
1.458996 0.840597 3.041160
1.218844 0.793660 3.052418
2.986149 0.620207 3.069728
2.034316 -0.047056 3.044606
1.158492 0.245017 3.034932
2.892261 -0.010981 3.059119
2.584615 -0.126485 3.051599
1.381289 -0.091852 3.088091
0.443413 -0.380629 3.003507
2.517864 -0.491070 3.043723
2.752757 -0.666806 3.042600
2.207513 -0.742371 3.023202
1.741799 -0.424347 3.104819
1.658390 -0.429410 3.076434
1.333430 -0.634052 3.007102
0.713414 -0.679963 3.031651
0.351172 -0.583675 2.978926
0.206617 -0.809658 2.916689
-0.186400 -1.048434 2.888245
-0.082417 -1.310857 2.994804
-0.363584 -1.674625 2.963149
-0.646255 -1.378896 2.978877
-0.526431 -1.349708 2.910150
2.749441 -1.125287 3.036985
2.422423 -0.969085 3.032320
1.537275 -0.784246 3.028042
0.974519 -0.808374 3.003288
1.844913 -0.811394 3.033291
0.447941 -0.482571 2.964031
0.100623 -0.756860 2.926677
-0.805167 -2.077469 2.997204
2.573410 -0.385784 3.044748
2.961509 -0.474188 3.047046
1.898441 -0.422565 3.037277
2.141142 -0.318202 3.032413
2.833417 0.028901 3.052367
2.509250 0.070474 3.044678
2.016600 0.099476 3.030553
0.523420 0.172118 3.038188
2.070822 0.678049 3.043342
1.547146 0.634248 3.035206
2.668101 1.590629 3.054481
-1.365659 -0.722858 3.019227
-2.037917 -0.832908 3.024170
2.588364 -1.562781 -0.023402
1.729342 1.817681 3.047484
-1.496812 0.088242 3.028039
-0.887451 -2.965515 0.433171
1.822311 -1.403746 0.000812
2.076863 -1.506577 -0.022575
1.116255 0.102280 1.399220
2.840312 0.503104 0.605246
-2.627188 -0.080893 3.017464
2.157151 -0.942992 0.002022
-1.761367 0.261414 3.039905
-2.134781 -0.045859 3.028135
-2.526707 -1.001381 3.024787
-2.802063 -1.458659 3.021801
2.142592 -1.606907 -0.026279
-1.265401 -0.799357 2.987819
2.780957 -2.311000 -0.036278
2.559857 -2.072755 -0.036133
2.353816 -2.016315 -0.037426
2.659649 -1.837065 -0.025429
0.736676 0.678333 3.045480
-1.569477 -0.465499 3.690265
2.788932 0.762246 3.069272
2.365570 0.637305 3.053099
-0.685034 -0.606919 3.168294
-0.788045 -1.314557 2.899600
1.695252 -0.003154 3.050454
1.083316 -0.135659 3.034386
0.892292 -0.175272 3.017339
2.863338 -0.402653 3.050477
2.678433 -0.806721 3.036966
2.242556 -0.382929 3.038462
1.894751 -0.713448 3.027368
1.706686 -0.403445 3.035859
1.106103 -0.446719 3.029034
0.727997 -0.771048 3.025654
-0.236408 -1.200461 2.894114
-0.337792 -1.834261 2.998632
-0.793448 -2.160870 2.987417
2.176999 -0.784386 3.029409
2.434001 -1.033384 3.032465
1.538430 -0.857368 3.027769
2.772489 -1.213641 3.000113
1.907406 -0.884374 3.028869
-0.487070 -0.961440 2.972328
2.197431 -0.658762 3.037290
1.915410 -0.561173 3.029632
0.693916 -0.731488 3.032370
0.505174 -0.516593 2.983743
-0.796323 -1.290859 2.962059
2.260796 -0.210195 3.034726
2.048401 -0.106916 3.031488
1.359588 -0.113837 3.072142
0.873204 -0.214132 3.022867
1.726683 0.256949 3.049918
1.226304 0.195564 3.025209
-1.916192 -2.312403 2.995488
1.496407 0.647324 3.036238
1.535154 0.923561 3.030704
-0.074277 -0.006274 2.998762
2.382169 -1.955778 -0.030377
2.560243 -2.140905 -0.027781
2.782030 -1.719832 -0.020803
-0.800867 -2.993828 0.559191
1.838491 -1.431527 -0.018448
2.080390 -1.656398 -0.023782
2.309204 -1.472232 -0.017728
-0.995236 -2.798960 0.615051
-1.821602 0.264626 3.028651
-2.092882 -0.153721 3.024188
-1.108367 -2.842190 0.621958
2.825198 0.484895 0.485273
-2.808011 -0.844983 3.019338
1.437590 2.687870 3.076442
2.279970 -1.477141 -0.028574
1.828633 2.289913 3.057855
-1.305018 -0.390482 3.226933
-2.511259 -1.175170 3.013592
2.948576 -1.891578 -0.021638
1.403167 1.298707 3.048540
-1.505585 -0.332683 3.576500
-1.379164 -0.915043 2.980828
2.834998 0.470340 3.070159
1.316369 0.614856 3.044252
-0.802186 -1.347174 2.904175
2.795330 0.325472 3.057682
2.038016 0.223728 3.038808
1.681541 0.199498 3.094966
2.589624 -0.639606 3.039666
1.404034 -0.275567 3.076608
-0.178426 -1.316605 2.896910
-0.701709 -2.214598 2.932988
-0.964583 -2.052408 2.895198
2.176840 -0.875918 3.028047
1.933298 -0.612572 3.035526
2.827131 -1.141610 3.031540
0.924245 -0.952821 2.992364
1.909506 -0.903966 3.021180
2.710589 -0.803434 3.042836
2.538811 -0.813072 3.039195
1.331032 -0.706406 3.015263
-0.490489 -1.800832 2.999334
2.869676 0.149441 3.049221
2.370082 0.273322 3.042520
1.663562 0.203943 3.087688
0.604764 -0.118872 3.025791
2.331200 0.724293 3.042548
2.114194 0.660670 3.043833
2.389199 0.994933 3.039337
1.513065 0.533751 3.030042
1.349005 1.318625 3.037658
0.013673 -2.794803 0.576978
-0.688161 0.662517 3.045289
-1.086857 -2.994718 0.604357
2.144934 -1.387071 -0.017778
-2.048702 -0.247154 3.030427
-2.805056 -0.957682 3.016884
-0.709416 0.676465 3.050330
-0.915854 0.955508 3.061089
-1.662632 0.018570 3.257772
-2.998548 -0.746558 3.021362
-2.753510 -0.993666 3.015368
2.731889 0.521552 0.267202
-2.836628 -1.593796 3.021620
1.589737 2.619761 3.075227
1.579562 1.852549 3.083511
-1.284788 -0.417066 3.207418
2.837375 -2.493973 -0.037224
1.595750 1.076043 3.053075
-1.414383 -2.154354 2.990504
-0.533724 -1.002414 2.986193
-0.820952 -1.427354 2.954301
-1.145553 -1.877213 2.989275
2.239683 0.003660 3.035428
1.115492 -0.509959 3.031633
0.891889 -0.302036 3.012078
0.467908 -0.713225 2.997864
-0.746793 -1.544295 2.957251
-0.542826 -2.328919 2.978917
1.957902 -0.446876 3.037842
1.411551 -0.702123 3.022915
0.157865 -0.952105 2.934305
-0.128030 -1.300358 2.905326
2.539333 -0.945976 3.035588
1.629910 -0.872031 3.029824
1.042524 -0.957598 3.007955
2.822048 -1.035869 3.036574
2.877496 -0.518174 3.043283
1.069365 -0.887475 2.987838
-0.366680 -1.708445 2.885304
0.594334 -0.697646 2.933279
0.326217 -0.431415 3.035602
2.593039 0.147998 3.034383
0.905151 -0.331853 2.992940
2.861150 0.707216 3.053419
1.494393 0.413817 3.031151
-0.952053 -1.302981 2.977056
-1.204442 -1.772871 2.999334
2.712919 1.475638 3.058432
2.096841 1.270029 3.040784
1.791627 1.007991 3.044000
1.877847 1.384339 3.040185
2.814936 0.508618 1.267615
2.506067 2.285147 3.076565
1.293256 1.377249 3.047714
-1.233131 -0.575453 3.034787
2.080114 -1.332833 -0.023320
-2.842635 -1.080929 3.019992
-0.434368 -2.934013 0.563752
-1.058071 0.899229 3.042921
1.958447 -1.353580 -0.018568
2.292405 -1.346277 -0.022512
-0.443762 0.288463 3.035043
2.825720 -1.805488 -0.019946
2.032937 0.819604 3.047524
-0.828089 -1.521868 2.976005
-1.034758 -1.915279 2.996840
1.443684 0.012493 3.039706
-0.334173 -1.193373 2.989468
2.387125 -0.215894 3.043498
2.014286 -0.638989 3.039365
1.802230 -0.310448 3.035722
0.315478 -1.117799 2.927519
-0.666574 -2.305435 2.864335
2.888014 -0.668095 3.041064
2.272609 -0.829403 3.027790
1.714531 -0.877205 3.027072
1.214725 -0.969972 3.020810
2.913815 -0.648625 3.049485
2.307501 -0.795327 3.037275
2.060040 -0.583922 3.038261
-0.069444 -1.439248 2.928297
-0.347509 -1.251274 3.012470
2.620219 -0.542551 3.045652
0.600792 -0.630003 2.952469
2.949924 -0.037037 3.043105
2.227528 0.483766 3.043840
1.088079 0.070212 3.034777
-0.493772 -1.093908 2.898073
2.945448 -2.572370 -0.033050
2.194817 1.240001 3.042761
-1.199621 -1.681690 2.979324
2.873314 -1.745972 -0.013130
2.308909 -1.365684 -0.014194
1.887042 2.623869 3.067592
1.591686 2.346915 3.073853
-0.521632 0.181146 3.035307
-0.782348 0.287270 3.093607
2.834427 0.511249 0.380653
1.796555 -0.899812 0.009244
2.778292 0.520331 0.081784
-1.123129 0.685795 3.039013
0.000099 -2.699793 0.565750
2.666781 0.528869 1.144196
-0.624353 0.136796 2.923969
-0.682272 -0.015118 3.065091
-1.505744 -1.572213 2.997608
0.047071 -0.239330 3.000458
-0.650932 -1.152404 2.907299
-0.978155 -1.453217 2.943191
-1.142449 -1.970235 2.990982
2.447611 0.597211 3.041125
1.747082 0.360569 3.060550
-0.314884 -1.324660 2.990369
2.900816 0.045048 3.053735
1.835500 -0.145236 3.041946
1.172727 -0.635203 3.030499
0.514585 -0.705513 3.002166
-0.294134 -1.816072 2.943431
-0.606400 -2.211960 2.999821
-0.065160 -1.442497 2.887059
2.865434 -0.744356 3.041913
2.897051 -0.967707 3.043826
1.700194 -0.926319 3.037092
1.403162 -0.827425 3.007599
1.131102 -1.048840 2.998112
0.214954 -1.161859 2.918750
-0.103996 -1.480154 2.904133
-0.451334 -1.911644 2.933010
0.555526 -0.888043 2.940094
2.604307 -0.388190 3.038935
1.403155 -0.142871 3.080976
2.610183 0.212467 3.034471
1.787200 0.100950 3.060474
0.811876 -0.429240 2.980845
-0.928598 -2.163127 3.036729
2.291741 0.660823 3.039254
0.898390 0.227147 3.034032
-0.362509 -0.869968 2.910510
-0.936964 -1.557062 2.970778
2.934099 -2.377293 -0.031505
2.803745 0.503425 1.110558
2.093991 -1.263327 -0.019089
-0.923984 0.851663 3.038146
-1.101990 0.493274 3.039846
2.753690 0.373728 -0.011545
1.513552 -1.353991 0.647968
1.279610 1.535793 2.932415
2.774256 -1.958798 -0.026253
-1.480405 -2.548522 3.019972
1.705278 0.543043 3.060020
0.515116 -0.234004 3.030919
-0.493856 -1.237562 2.896841
-0.854899 -1.688635 2.930541
1.676596 -1.332289 1.420157
1.909019 -0.020790 3.034596
1.086891 -0.683395 3.029708
0.460919 -0.939252 2.971554
0.313992 -0.720174 3.023901
1.939990 -0.776058 3.040174
0.163052 -1.278583 2.926878
-0.066941 -1.543769 2.915268
-0.295418 -2.047782 2.930894
2.542460 -0.797561 3.039171
1.634485 -0.995823 3.023913
1.028690 -1.158213 3.006780
-0.068067 -1.628406 2.935405
1.121125 -0.716137 3.028616
2.521697 -0.554031 3.037931
0.405733 -0.838291 2.919014
1.361320 -0.291683 3.067075
0.860340 -0.515344 2.986452
1.754815 -1.327619 1.309120
2.717210 0.502634 3.048256
2.521561 0.638941 3.045166
1.296918 0.496958 3.077283
-0.417715 -0.846308 2.946126
-2.203132 -2.733032 2.998401
1.681188 -1.325939 0.712616
2.679016 2.440806 3.086223
1.519038 -1.333322 0.499393
-0.719898 0.503018 3.047820
0.010890 -2.808665 0.569973
1.567553 -1.332293 0.377177
2.784791 0.496922 0.849786
-1.461219 -1.340498 2.999941
2.374839 1.259022 3.066686
2.179049 1.015368 3.058752
0.828342 0.159243 3.047102
-0.799548 -1.826885 2.951587
-0.787368 -1.736453 2.899984
-1.140155 -2.148760 2.980988
2.526769 0.526690 3.055017
1.914293 0.179151 3.042700
1.421333 -0.441592 3.068616
2.212247 -0.196458 3.046086
0.794072 -1.100986 3.020943
0.516288 -0.911842 2.999327
0.268749 -1.364520 2.951794
0.046087 -1.719903 2.928675
-0.294711 -2.145274 2.934137
2.254517 -0.654912 3.039508
2.915277 -0.960652 3.038066
1.386513 -0.886588 2.994613
1.128362 -1.159606 3.000064
-0.006189 -1.770500 2.917472
-0.195188 -2.131400 2.923862
1.952327 -0.311781 3.027945
1.360941 -0.442794 3.070913
0.819351 -0.671710 3.031508
1.712381 -1.338158 1.413892
1.980171 0.031032 3.030103
0.790750 -0.469497 2.981385
2.419700 0.918083 3.051318
-1.179177 -1.573096 2.998425
-1.454063 -2.009604 2.997159
2.817257 0.501773 1.446728
1.692079 -1.313290 0.496762
1.702801 -1.312628 0.557437
-0.454083 -0.224533 3.030357
-0.630522 -0.153891 3.025291
-1.434789 -1.403305 2.999492
-1.358313 -1.415147 2.994786
-1.590781 -1.628012 2.998274
2.658842 0.503674 0.505185
2.901834 2.451501 1.381423
2.902415 2.456143 1.286724
2.808824 2.472500 0.915220
2.791253 0.498864 0.455791
2.903575 2.420423 1.193862
-2.549636 -2.530144 3.002397
1.753397 -1.324036 0.647372
-0.869509 -1.773850 2.933734
-1.086726 -2.224315 2.970291
1.626217 -1.319794 1.129382
1.754483 -1.311935 1.252958
2.773044 1.028473 3.079094
-0.585837 -1.694154 2.909160
-0.798889 -2.444712 2.994687
1.413174 -0.310541 3.090488
1.734030 -0.606054 3.037470
-0.511335 -2.676180 2.983681
1.423834 -0.915356 3.014000
-0.004187 -1.820747 2.940822
-0.246139 -2.278919 2.935697
1.159847 -1.107299 2.995634
0.860618 -1.153993 3.023215
0.269614 -1.445738 2.958778
-0.152496 -2.271326 2.938532
1.723552 -1.038684 3.028596
1.175444 -1.209173 3.001594
2.305575 -0.454913 3.030128
1.781998 -0.533252 3.048120
-0.362551 -2.456037 2.993556
1.385549 -0.305683 3.088587
0.843969 -0.615765 2.982437
0.019527 -1.197800 3.037282
1.529767 -1.347558 1.041788
1.884162 0.536843 3.039031
-0.524443 -1.418356 2.921851
-1.335555 -2.129471 2.989848
1.100849 1.099620 2.772419
2.643036 0.513316 0.395242
2.684387 2.439501 1.419607
2.703322 2.438046 1.226177
-2.574788 -2.578372 2.983080
2.763094 2.456134 1.384005
2.256423 -1.765204 -0.031605
2.818271 -2.174926 -0.028083
2.933575 -2.065245 -0.024721
1.552268 -1.330144 0.984372
1.523638 -1.340382 1.124542
1.899286 0.607289 3.046862
0.820288 -0.072601 3.035888
-0.505147 -2.086454 2.989497
1.108568 -0.385004 3.025805
0.642679 -1.043896 2.995300
2.815005 -0.223245 3.053071
2.023045 -0.814240 3.041849
1.140973 -0.807610 3.031617
0.839148 -1.214932 3.022226
0.041580 -1.837808 2.942328
2.624839 -1.016406 3.042016
2.918124 -1.060414 3.038980
2.311544 -0.952742 3.030415
1.482768 -1.007258 3.001618
1.163337 -1.259277 2.992302
1.758680 -0.747565 3.024829
0.645921 -1.118297 2.994360
0.588064 -1.026400 2.991087
2.526036 0.248186 3.048063
1.640508 0.045486 3.085885
1.741393 -1.319620 1.188639
1.111252 0.411617 3.034108
1.667582 1.261599 3.051542
1.624476 -1.312642 0.285543
1.400268 1.891564 3.056241
-2.539592 -2.690615 2.999783
2.831123 0.501473 0.470225
2.798265 2.447145 1.484932
2.997401 0.618073 -0.008065
2.796022 2.446547 1.029887
2.631853 2.445008 1.278900
-0.983560 0.519594 3.046263
-2.126444 -1.213708 3.021075
1.787983 -1.275825 0.110442
-0.961146 0.494452 3.046890
1.638981 -1.305357 0.339851
1.746967 -1.298561 0.419124
2.663234 2.454454 1.380362
2.891652 -1.656400 -0.017789
-1.067673 -1.798342 2.971294
1.609058 -1.321598 1.059215
2.642792 1.494807 3.069541
2.527508 1.201441 3.058443
1.978581 0.208543 3.051033
1.190404 -0.277719 3.027127
2.047956 -0.349912 3.050423
2.669727 -0.642789 3.053876
1.430190 -0.593134 3.045778
0.407120 -1.505281 2.986297
-0.253195 -2.482914 2.987393
-0.364953 -2.696920 2.975246
0.921218 -1.235925 3.027360
0.085124 -1.979893 2.936532
-0.085790 -2.347315 2.944048
2.652236 -1.115265 3.035142
2.390296 -1.021742 3.025879
2.063101 -0.923640 3.025984
1.798964 -1.196165 3.033418
1.519829 -1.104587 3.009250
1.248276 -1.069679 3.019123
2.963552 -1.144554 3.040059
2.331849 -0.547866 3.042623
2.018171 -0.758457 3.033437
0.944288 -0.682559 2.989836
0.305019 -1.528978 2.967871
-0.713977 -2.602499 2.970087
2.604279 0.011357 3.047599
1.766074 -1.325822 1.034329
2.010147 0.371053 3.036051
-0.784891 -1.442476 2.997353
-1.297632 -2.286023 2.994139
-0.894030 -2.281607 2.983280
2.496737 1.857418 3.064403
-1.569406 -2.738187 2.998003
1.761913 -1.318134 0.749057
1.650411 -1.329321 0.808908
-2.396181 -2.848075 2.999524
1.257827 0.103613 1.455640
-0.870606 0.332801 3.043247
-2.227165 -1.790916 3.011141
-2.521578 -2.203126 3.004766
-2.806428 -2.607698 2.992079
-2.681421 -2.672823 2.994391
1.755535 -1.302567 0.315002
-0.911580 0.369745 3.042301
-2.748390 -2.715243 2.995622
2.862819 2.437418 1.009258
2.778676 -1.616775 -0.022164
1.594661 -1.335737 0.864114
1.637643 -1.326811 0.997330
2.177681 1.427780 3.056554
0.956546 0.330960 3.041926
2.871350 0.964195 3.063854
2.351474 -0.038636 3.050080
1.000431 -0.282280 3.041050
2.614427 -0.028356 3.050665
0.746570 -1.234003 2.989594
2.415346 -0.558669 3.041124
0.364277 -1.681870 2.974622
0.193026 -2.041289 2.986619
-0.062666 -2.552820 2.977306
-0.244647 -2.782949 2.987795
2.919703 -0.846387 3.050169
2.143807 -0.997832 3.034761
1.867479 -1.237895 3.031543
0.978740 -1.421401 3.022203
1.307646 -1.180425 3.018365
0.058356 -2.435090 2.959883
1.307176 -1.435580 2.996220
2.676799 -0.712016 3.045865
1.803986 -1.025999 3.025480
0.635427 -1.300135 2.980182
0.218026 -2.070395 2.958105
1.500115 -0.590122 3.029432
0.941635 -0.879840 2.993133
2.281909 0.164229 3.035997
-0.343348 -1.798191 2.900717
-0.568267 -2.169612 2.952142
2.632107 -2.096723 -0.028303
1.756394 -1.310320 0.886763
2.646551 0.499487 1.459561
1.049388 0.884933 3.026965
-1.553445 -2.835320 2.999902
-1.273198 -1.851255 2.994045
2.854957 2.444184 1.311382
-2.396823 -2.543271 2.999831
2.969155 0.314554 0.001860
1.875299 -1.275217 -0.026687
1.780602 -1.315443 0.467365
2.915153 0.320584 -0.007979
2.761244 2.455943 0.966700
2.789837 0.495507 1.009231
0.653914 1.048414 3.035727
-1.011361 -1.497921 2.999434
-1.123114 -2.033979 2.992526
2.795285 0.492794 1.274484
2.657810 0.516390 1.398081
1.438861 1.186937 3.037648
-1.156977 -2.556067 2.995957
2.926209 1.468055 3.067243
-0.450419 -1.969613 2.752462
-0.654173 -2.317137 2.947480
-0.828943 -2.594471 2.974345
0.868232 -0.761539 3.007982
0.690648 -1.265379 3.003408
1.581873 -1.213213 3.002543
1.284958 -1.143665 3.019672
0.197168 -2.208353 2.965327
0.088398 -2.520744 2.944788
2.294404 -0.489082 3.031527
1.960770 -0.264656 3.033686
0.821859 -0.902815 2.965101
2.504497 -0.001389 3.039266
2.304184 0.093659 3.036360
-0.219634 -1.470060 2.929662
-1.181716 -2.641037 2.993146
2.561682 -1.989657 -0.028485
0.991549 1.305467 2.769824
0.823646 1.146783 2.812137
-1.072295 -1.545703 2.998887
2.837888 0.381142 0.003716
2.624430 2.438139 1.138079
2.933477 2.476892 0.931778
1.950123 -1.223370 -0.025099
2.791677 0.489753 0.533897
2.895012 2.452794 0.680274
2.631962 2.438410 1.048829
2.305493 1.834954 1.015295
2.499516 -1.661634 -0.031327
2.859118 0.501458 0.910751
1.758178 -1.296596 1.020614
2.399046 1.731510 3.066648
0.483850 -0.297370 3.029356
-0.504170 -1.999406 2.936168
-0.681275 -2.515375 2.930761
1.813074 0.251056 3.049105
1.463095 -1.170522 3.011044
1.770893 -1.281608 3.031510
1.242842 -1.528459 3.006547
2.071662 -1.188046 3.026895
0.241282 -2.247871 2.943889
-0.282598 -2.594362 2.971385
0.027533 -2.722156 2.981944
0.828172 -0.892031 3.006139
-0.014476 -1.270017 2.979016
-0.126509 -1.559050 2.928179
-0.373574 -1.981775 2.919704
-0.598708 -2.287094 2.991492
-1.813829 -2.506000 2.997102
2.846346 2.458189 0.885535
2.696491 0.520702 0.015803
2.910838 2.452384 0.537627
2.674343 2.435826 0.728848
-1.106133 0.075697 3.087769
2.799063 0.491338 0.908842
0.824597 1.305950 2.916826
2.995649 -2.494941 -0.043044
1.063459 -0.599287 3.030548
-0.215703 -1.630728 2.959967
-0.338194 -2.026003 2.915272
1.667485 -0.694977 3.026933
0.367812 -1.918428 2.990720
0.084269 -2.658109 2.982220
2.592104 -1.014790 3.038324
0.315435 -2.273561 2.961486
0.144472 -2.596093 2.952752
2.351848 -0.357545 3.041517
1.679133 -1.054630 3.028709
1.447630 -1.118157 2.997076
1.591227 0.893189 3.035309
0.045778 -1.150795 2.991366
-0.786855 -1.966403 2.983288
-0.801384 -2.492292 2.977944
2.564188 2.792782 3.078276
0.825645 1.292163 2.810869
-1.734628 -2.681664 2.999616
2.440216 0.302348 -0.008973
2.821043 2.452194 0.244309
2.613418 2.449990 0.553805
-1.063348 0.693324 3.038353
1.998618 -1.159863 -0.016416
1.285118 0.115083 1.150452
2.662213 2.429729 0.977512
2.662945 0.496572 0.757134
0.550822 0.701855 3.033790
-1.036646 -2.984738 2.994558
-0.264737 -1.704484 2.940338
-0.483806 -2.551191 2.962438
2.744747 -0.491245 3.045970
1.460786 -1.214147 3.007021
0.337149 -2.378311 2.973885
0.207856 -2.888730 2.968901
2.889532 -0.880186 3.040705
1.390256 -1.217646 2.986337
0.450193 -1.958642 2.991002
0.393516 -2.410729 2.976214
0.800800 -1.014315 2.997413
1.751210 0.457351 3.051558
0.003746 -1.311058 2.980670
-0.155970 -1.651700 2.937917
-0.445998 -2.686457 2.966074
-0.443495 -2.794756 2.980166
-1.444921 -2.406844 2.994697
2.599199 2.445768 0.892850
2.806618 2.445004 0.721352
2.947709 2.512431 0.623143
1.811369 -1.275867 0.221470
2.700530 1.780811 -0.003320
2.969334 1.705286 0.003790
2.729556 2.323088 -0.002259
2.599671 2.463820 0.163343
2.867665 2.445022 0.465000
1.270187 0.113120 1.051296
2.312624 0.394168 -0.008195
2.605707 2.447754 0.876762
2.695944 -2.360878 -0.039777
1.527735 -1.349511 0.742053
2.885698 1.783051 3.070946
-0.107317 -1.889350 2.969231
0.645319 -1.140059 3.017771
-0.045361 -2.822927 2.984434
1.608862 -0.707973 3.032218
1.333556 -1.489476 3.002429
0.546204 -1.990581 2.995023
0.453667 -2.395853 2.958452
2.862960 1.622337 3.060393
2.372226 1.184474 3.047704
-0.063135 -2.299834 2.976642
-0.186327 -2.809157 2.984816
2.637684 -2.285541 -0.026455
1.650238 2.908082 3.100945
2.574579 2.493260 1.007035
2.743602 2.451685 0.653583
-0.581816 0.274932 3.033870
1.816010 -1.271082 0.191858
2.627964 1.271318 -0.001664
2.752644 1.821063 -0.003001
2.486464 2.197447 0.485115
-1.070249 0.413678 3.063607
2.428523 1.874549 -0.008451
-0.841786 2.693928 3.077769
2.625839 2.442605 0.006179
2.828269 2.460167 0.346237
2.589005 2.464872 1.103542
-0.844881 -2.161182 2.984406
1.760520 -1.306878 0.992243
2.820288 1.567227 3.074163
2.342377 1.062951 3.062055
1.946738 0.470308 3.034887
1.296896 -0.761817 3.031509
0.659714 -1.488481 2.995561
0.525194 -2.534353 2.970200
0.588812 -2.121644 2.975993
0.545009 -2.477785 2.954779
1.279632 -0.173676 3.139005
-0.215026 -2.303612 2.936912
-0.246897 -2.811664 2.972855
-0.888752 -2.699279 2.991707
1.776791 -1.285698 0.235010
1.706524 -1.308023 0.242352
2.681234 2.453157 0.123690
-1.135273 0.745100 3.049285
1.796441 -1.297556 0.367690
2.623459 2.373432 -0.001005
1.893403 1.892236 1.442213
2.307888 1.830938 1.410615
-0.129010 -1.774348 2.950616
-0.280755 -2.968283 2.945481
1.741779 0.840944 3.047171
2.647956 0.700018 3.058681
0.635135 -2.065597 2.999922
1.296338 0.343283 3.077694
-0.106865 -2.496297 2.974893
-0.515713 -2.917922 2.996145
-0.195115 -2.975766 2.983312
2.588604 2.454637 1.267552
2.926113 2.461330 0.787084
-0.870076 -2.922924 2.993365
2.724611 1.358981 -0.007446
2.814660 1.895203 -0.008718
2.930540 2.446229 0.000729
2.652012 2.443291 0.212278
-1.154089 1.105824 3.047891
-1.315026 0.239606 3.129769
1.298566 0.159515 0.708519
-1.323955 2.234965 3.094057
2.262329 0.910549 -0.009320
2.739987 1.426572 -0.004186
2.839935 2.439047 0.508822
2.306879 1.825100 0.847510
-0.769556 -2.371888 2.970716
2.775331 -2.140311 -0.035643
2.741403 2.430384 1.196990
2.576009 2.491629 1.382561
-0.013889 -2.044796 2.987008
1.454404 -0.634253 3.024587
0.620231 -2.620751 2.973028
0.569289 -2.971243 2.998301
1.573423 -0.990905 3.025199
1.314656 -1.531148 2.989076
0.632679 -2.117526 2.982666
2.558138 0.398629 3.046663
2.072267 0.167445 3.031366
1.243268 0.246573 3.103240
-0.102132 -2.099060 2.931723
-0.105711 -2.349302 2.946100
2.829369 -2.088761 -0.027633
2.592600 2.437611 1.428771
2.311603 1.827174 1.399636
2.314850 -1.562944 -0.021010
2.703052 2.446777 0.432012
1.265026 0.113936 1.325058
-0.799956 -2.993578 2.994111
2.177010 0.518533 0.001465
2.322326 1.423687 -0.004044
1.912973 1.904954 0.424575
-0.863427 2.455477 3.079690
-1.083242 1.988248 3.053846
1.297306 0.148252 0.677443
-1.438164 2.543457 3.063121
-1.424783 1.530920 3.052436
-1.244374 0.605740 3.049901
-1.415629 0.618841 3.039462
-1.511747 -2.541111 2.998556
2.038686 1.696063 0.176768
-0.920059 2.006585 3.070071
2.653197 2.176498 -0.002188
2.585304 2.507628 0.110041
2.627260 2.443510 0.415270
2.306209 1.841790 0.601025
-0.125056 2.957255 3.062045
2.485345 -1.593084 -0.026255
-0.082616 -1.977421 2.964302
1.565876 -1.329270 1.395767
1.531263 -1.337483 1.417678
2.958243 1.326010 3.073387
0.784444 -1.267828 3.011227
2.890708 0.281890 3.053867
1.386201 -1.043825 3.033182
0.687534 -2.568500 2.993704
0.741448 -2.162162 2.980083
0.401211 -2.602563 3.003328
1.855635 -0.222780 3.032604
0.681067 -1.609166 3.011745
2.045042 0.517612 3.036066
1.782658 0.291759 3.114079
2.012995 0.749804 3.042176
1.776497 1.409645 3.050495
0.031731 -1.656798 2.976946
0.014318 -2.081312 2.938782
-0.069018 -2.629160 2.970730
2.737292 2.443240 0.512472
2.594707 2.482090 0.778792
2.319199 1.824103 0.144568
2.526056 2.238714 0.009668
1.908059 1.942150 0.509046
-0.562101 2.485854 3.068934
1.884667 -1.185763 0.166430
2.069612 0.878515 0.004293
-1.272699 2.846429 3.108246
-1.671984 2.959087 3.082350
-1.628530 2.312599 3.069842
-1.613987 2.039932 3.067727
-1.578382 1.342326 3.060683
-1.396207 0.962115 3.059204
-1.557804 0.951445 3.055777
1.300666 0.122398 0.531611
-1.199916 2.350453 3.091818
-1.345668 2.480259 3.063107
-1.337835 1.935653 3.059059
-1.323387 0.891618 3.047907
-0.745977 1.426686 3.046800
2.785312 2.463977 0.106027
2.101831 1.695143 0.817750
0.796495 1.357549 2.938118
0.057128 -2.372437 2.997501
1.088508 -1.714914 3.010422
0.785750 -2.202143 2.984843
0.765176 -2.656780 2.961936
1.352838 -1.606284 3.003227
1.839382 -0.413587 3.142763
1.675693 -0.207503 3.078320
1.083734 -0.706241 3.028430
-0.022572 -2.125627 2.967988
2.574336 2.618433 1.189389
2.320678 1.831864 1.120415
2.024054 0.647650 0.006301
1.281145 0.116364 0.827137
-1.490197 2.809590 3.076178
-1.449972 2.166074 3.059028
-1.435587 1.672327 3.058805
-1.418524 1.235008 3.054346
-1.470716 0.745634 3.055729
-1.838730 2.702845 3.089187
-1.789495 2.347241 3.071126
-1.712127 1.352064 3.066474
-1.661530 0.763473 3.056822
1.265643 0.108557 0.578520
-1.479453 2.684760 3.059471
-1.540519 2.291898 3.071622
-1.491716 1.735724 3.057900
-1.495017 -0.185676 3.031380
2.425767 2.038273 0.005074
-1.135058 2.788479 3.086142
-1.143456 2.295100 3.088846
-0.365369 2.706681 3.057902
-0.289958 2.819398 3.067004
-0.310419 -2.738721 2.996515
1.291992 -0.675212 3.031525
0.809162 -2.653866 2.979769
0.782131 -2.993377 2.999248
1.690197 -1.159920 3.030635
1.399679 -1.208677 3.008242
1.157974 -1.318301 3.018044
0.665755 -1.215943 2.997394
0.682793 -2.253891 2.975983
2.999589 0.462181 -0.005448
2.590187 2.569016 0.486819
-1.658396 2.530043 3.070517
-1.266104 1.679800 3.073173
-1.618344 2.202786 3.060906
-1.578684 1.691588 3.062743
1.798758 0.266996 -0.009610
-1.771003 2.667393 3.078220
-1.710607 2.070497 3.076738
-1.632537 1.520558 3.057106
-1.216442 0.571272 3.042255
-1.343119 2.083452 3.060661
-1.300596 1.566872 3.056351
-0.833459 2.521897 3.079701
2.650061 -1.715678 -0.022953
2.565102 2.667637 0.715555
0.782513 1.548391 2.983557
0.825278 -2.346047 2.968835
0.874339 -2.743145 2.978948
1.375776 -1.688737 2.998050
0.776256 -2.347227 2.970230
0.772139 -1.306196 2.996949
0.128537 -2.307329 2.967222
0.156304 -2.704282 2.991058
1.675872 -1.313759 1.206247
2.934076 0.671409 0.068527
-0.344748 -1.800954 3.017639
-1.214899 1.943486 3.087574
-1.219660 2.466342 3.094191
-1.963634 2.888618 3.073747
-1.870178 2.481498 3.077115
-1.417900 1.817464 3.062747
-1.508972 1.423758 3.064623
-1.821628 1.913880 3.054301
-1.713164 0.955949 3.055864
-1.635138 0.433764 3.042567
1.507239 -1.346888 1.246490
0.806746 -2.276728 2.991357
2.944639 0.291184 3.059682
2.379047 -0.115236 3.052397
0.951983 -2.283028 2.964385
0.966956 -2.877577 2.976803
1.583415 -1.048527 3.023986
0.936524 -2.340066 2.958260
0.916108 -2.736118 2.977151
0.167625 -2.446767 2.970790
-0.605216 1.871390 3.056488
-1.314678 1.829687 3.064506
2.009172 1.682495 0.004239
-2.016657 2.706405 3.080675
-2.003437 2.224928 3.081085
-1.893156 1.664873 3.075660
-1.788601 1.160349 3.062389
1.691146 0.261558 -0.007925
-1.033560 2.787603 3.083152
1.771176 -1.299834 0.958677
0.801526 -2.173048 2.994268
1.492015 -1.281056 2.996571
0.932731 -2.440299 2.988090
0.867616 -2.500281 2.995419
1.014031 -2.780505 2.970617
2.289737 -0.581834 3.039547
1.431221 -1.716207 3.000665
1.896292 -0.977968 3.026902
1.409476 -1.307337 3.002164
0.780192 -1.985725 2.995681
0.944318 -0.925505 3.016573
0.220847 -2.545167 2.971301
2.654073 0.483469 0.847818
0.017631 -2.908430 2.993106
2.686236 0.495111 0.203636
-0.843574 1.892853 3.074232
2.644825 -1.184947 -0.018616
-1.206309 2.140136 3.096798
-1.591710 2.543374 3.070013
-1.396339 1.151933 3.045570
-1.529854 0.612576 3.038887
-1.580738 2.074885 3.089571
-2.465521 2.368873 3.075330
-1.931789 1.944252 3.062268
-1.883698 1.411785 3.082008
-1.352411 1.096480 3.061949
-2.335207 1.930133 3.080610
-2.240120 1.460740 3.060691
-2.107271 0.957811 3.047083
-1.889595 0.017410 3.038649
1.800365 -1.312032 0.447172
1.650571 0.305735 -0.011842
2.731186 0.487627 0.246430
1.329380 0.132494 1.154712
-0.850192 2.256565 3.068662
1.533046 -0.462099 3.032525
1.025084 -2.878621 2.977289
1.399231 -1.719340 2.993645
1.074203 -2.924455 2.999679
1.267489 -2.883762 2.995325
2.951372 0.761644 3.064493
0.117241 -2.129613 2.994219
-1.552726 2.447744 3.063346
-1.703405 2.208935 3.060633
-2.301636 2.636903 3.094477
-1.358212 1.292776 3.044617
-2.185301 2.251498 3.083561
-1.796912 1.467972 3.050962
-1.850119 1.740678 3.053148
-1.691183 0.975538 3.041462
-1.582485 0.385976 3.043244
-0.088759 1.615351 1.341784
-2.918263 2.425679 3.070807
-2.186748 1.626341 3.061125
-2.799900 2.064773 3.065438
-2.253749 1.138877 3.065699
-2.703864 1.755129 3.066284
-2.516195 1.184971 3.057220
-2.367663 0.713259 3.055499
1.585361 0.662230 0.002457
1.548134 1.158952 0.004729
1.296252 0.133030 0.471036
0.569229 2.835283 0.004566
-2.987125 2.541768 3.095721
-2.810102 1.956694 3.069419
-2.686426 1.630776 3.062320
-2.287580 1.689626 3.088058
-2.118384 1.154240 3.070462
-2.468695 1.068546 3.055403
-2.030494 0.761866 3.059455
-2.284569 0.590433 3.046099
-2.950068 1.275070 3.055666
-2.833970 0.996347 3.046280
-2.675528 0.544331 3.051616
-2.448409 -0.052809 3.043419
1.306672 0.371049 0.101576
-2.554259 2.408861 3.080676
-2.568077 2.685908 3.086568
-2.432171 2.051075 3.079608
2.599162 0.333015 0.004508
-1.505441 2.399348 3.082862
-1.457381 2.074552 3.076461
-1.216219 0.452364 3.052519
2.705748 0.509101 0.627802
1.291186 0.111489 1.230822
-0.500324 2.376979 3.064901
0.217678 -2.784382 2.995558
0.519036 -1.474902 2.998444
1.061068 -2.526417 2.956691
1.220968 -1.265405 3.012199
1.179473 -2.870745 2.963404
2.000016 -0.413292 3.036689
2.697220 0.922475 3.054903
1.636426 -0.581515 3.043933
1.265247 -1.301700 2.999749
1.238125 -1.578947 2.994569
0.786782 -2.030332 2.991359
1.082035 -2.476175 2.958079
1.238149 -0.210955 3.142534
0.490259 -2.186343 2.996991
0.279629 -2.193247 2.999150
0.297942 -2.658896 2.992767
-0.825928 0.959643 3.042669
2.329881 0.260746 0.003391
1.302168 0.159591 0.771892
-1.702492 2.890936 3.077507
-2.019396 2.672555 3.059292
-1.646675 1.894717 3.056402
-1.234044 0.825120 3.052143
-2.191957 2.428158 3.051133
-2.121710 2.110646 3.063243
-1.854011 1.190364 3.046649
-2.027637 1.778252 3.058859
1.495981 0.591758 0.004722
-2.651304 2.597876 3.078663
-2.564701 1.859168 3.056479
-2.262373 1.550426 3.076883
-2.043255 0.987765 3.066334
-2.983104 2.301721 3.074646
-2.578391 1.305134 3.070660
-1.870967 0.530996 3.062990
-2.993149 1.662056 3.063036
-2.847145 1.338349 3.056093
1.344655 0.528331 0.009411
0.970708 1.029292 0.006860
0.668942 1.383708 0.009503
0.000662 2.774286 0.022697
-0.109018 1.545438 0.421906
-0.203051 1.312163 1.121217
-2.706671 1.164773 3.071555
-2.898706 1.227389 3.076602
-2.563468 0.881372 3.066331
-2.762514 0.801447 3.067305
-2.338137 0.412869 3.066178
-2.814409 0.058238 3.046850
-2.628942 -0.316497 3.053797
0.991604 0.348554 -0.000326
0.962457 0.616309 0.002844
0.737713 0.817086 0.002952
0.527694 1.197699 0.007572
0.270345 1.657926 0.013739
-0.049216 2.232653 0.022690
-0.244174 2.587243 0.024732
-2.387682 -0.153021 3.054814
-0.306265 1.299808 1.448275
-2.785485 2.897388 3.098797
-2.614906 2.449718 3.089609
-2.488262 1.941198 3.080939
-2.622021 2.609513 3.086597
-2.114818 1.018488 3.068940
-2.500711 2.234511 3.088926
2.475093 0.546326 -0.005546
1.311654 0.145549 0.622618
-1.861018 2.694381 3.070120
-1.554545 2.773216 3.071351
-0.194453 -2.503089 2.998971
2.773925 0.494638 0.764000
0.920295 -2.078218 2.999502
2.553371 1.732993 3.069815
2.045134 0.975695 3.050995
1.262192 -2.916031 2.977200
2.954725 0.868651 3.066343
1.065484 -2.372373 2.953743
1.238469 1.021153 3.037094
2.926085 2.422093 1.079585
0.467088 -2.864846 2.996859
0.205742 -2.940566 2.994288
2.935084 2.521745 0.029357
-0.934892 2.732071 3.074286
2.316783 0.414587 0.001967
-1.641150 2.489691 3.070800
-1.923765 2.276999 3.060043
-2.141648 2.344280 3.039433
-2.055942 2.018179 3.050318
-1.758031 1.095652 3.036597
-1.944243 1.673817 3.044548
1.309861 0.223282 0.245686
1.453855 0.706413 0.002301
0.420565 2.988759 -0.008711
-0.080176 1.393674 0.877710
-2.915028 2.845416 3.079350
-2.698009 2.369421 3.063606
-2.535938 1.987070 3.062989
-2.257052 1.336803 3.060514
-2.802448 1.670270 3.041254
-2.546782 1.086566 3.052462
-2.197762 0.789628 3.041587
-2.961201 1.422755 3.042711
-2.832741 1.136786 3.052187
-2.543537 0.578038 3.040714
1.376706 0.105367 -0.006720
0.305526 1.784125 0.014890
-0.227246 2.668405 0.019533
-0.051752 1.593636 0.457356
-2.874889 1.089645 3.064433
-2.477756 0.052152 3.048563
-2.965419 0.402246 3.052039
0.760342 0.321310 -0.004940
0.462229 0.763213 0.001385
0.615860 0.761092 0.002634
0.210991 1.142077 0.003452
0.140850 1.732518 0.015557
-0.138294 2.121699 0.012166
-0.404479 1.303641 0.456737
-0.318281 2.592571 0.009393
-0.110756 1.313458 1.058340
-2.883097 2.800694 3.090149
-2.261856 1.880316 3.078217
-2.519309 2.817370 3.078066
-2.015373 1.387339 3.067039
-1.903342 0.968959 3.062511
-1.744755 0.629279 3.061614
1.781881 -1.299120 0.699344
-1.375393 2.321854 3.063842
-1.147955 2.014012 3.086617
2.916308 2.462830 0.420280
1.795748 -1.297885 1.330899
1.212614 -2.557162 2.956746
1.327194 -2.863607 3.103961
1.124794 -2.609627 2.978289
1.325606 -2.934479 3.108417
2.604742 0.497627 0.637094
1.253799 0.103575 0.924547
-1.565259 2.824812 3.064779
-1.484437 2.460712 3.068671
-1.314995 1.780953 3.057060
-1.543915 2.158492 3.050592
-1.838844 2.007268 3.051539
-1.947326 2.376490 3.057713
-1.503833 0.863385 3.040100
1.788907 -1.296938 0.501452
1.370830 1.090360 0.002136
1.307226 0.197418 0.381117
-0.102724 1.426008 1.123182
-0.094342 1.601226 0.972188
-2.819450 2.766277 3.084089
-2.866886 2.001124 3.053077
-2.522604 1.643825 3.067510
-2.157501 1.264890 3.057668
-1.931471 0.741841 3.055082
2.079514 -1.110530 0.004084
1.942136 -0.748058 0.009020
1.394120 -0.290512 0.008981
1.263126 0.125061 0.148269
0.926325 0.506958 0.018445
0.745756 0.956757 0.026690
0.871958 1.042870 0.021507
0.344813 1.277086 0.027320
-0.223151 2.747183 0.045374
-0.057177 1.337152 0.554800
-2.904645 0.707539 3.066367
-2.554382 0.467289 3.066827
-2.834356 0.183711 3.055459
0.903389 -0.026193 0.007375
0.640678 0.329934 0.009041
-0.066171 1.646525 0.052212
-0.378669 1.327530 0.246726
-0.077521 1.341562 0.198200
-2.186649 -1.712841 3.021048
1.400337 -0.712428 0.002653
-1.006765 2.505512 0.037354
-1.317993 2.917182 0.039252
-0.140999 2.003484 0.031281
-0.116699 2.291330 0.042737
1.185966 0.099011 0.137118
0.764791 1.141555 -0.009733
0.714647 1.636424 -0.010072
0.636685 2.220842 -0.002067
0.551096 2.911365 -0.000190
0.019363 2.434987 -0.002588
-0.194155 2.807292 -0.000723
-0.089154 1.555852 0.510368
-0.417386 1.291368 0.917144
-2.828124 1.766217 3.051389
-2.916262 1.388560 3.065601
-2.700408 1.461360 3.063672
-2.540856 0.758504 3.052984
-2.262355 0.494728 3.054369
1.781603 -1.296771 0.717382
-2.451763 2.849499 3.078418
-2.315841 2.973490 3.061935
-2.246268 2.358530 3.060399
-2.110040 1.988241 3.066110
-1.732193 1.601152 3.062045
-2.008807 2.827420 3.070249
-1.378896 0.705230 3.049605
2.594593 2.390469 0.002419
2.793143 2.462528 0.209514
-0.863439 1.501451 3.069474
2.724846 2.454933 0.718937
2.600516 2.653840 0.990446
2.595376 2.686179 1.336265
1.287996 -1.714314 3.003392
1.349848 -1.767889 3.001932
1.151247 -2.562066 2.975093
0.930075 -2.164876 2.995232
2.740553 2.435214 0.858193
0.348006 -2.560334 2.975487
2.510189 1.670138 -0.001463
2.606267 1.658050 -0.003766
1.300077 0.164250 1.075641
-1.658949 2.807691 3.058037
-1.122676 2.171298 3.067612
-1.270023 1.180052 3.041728
-1.117129 0.526346 3.048450
-0.096562 1.581095 1.109025
-0.343661 1.286191 1.381568
-2.535833 2.787717 3.078389
-2.343312 2.330359 3.064380
-2.081719 1.648056 3.070529
-2.766470 2.479209 3.059524
-2.965525 2.942618 3.064945
-1.946257 1.327960 3.061506
-2.592014 2.069568 3.055706
-1.995215 1.067822 3.048901
-2.478537 1.758046 3.070346
-2.889909 2.199810 3.057615
-2.289249 0.879091 3.046738
-2.573553 1.487578 3.057480
2.272134 -0.870694 0.002675
2.040843 -1.076602 0.001501
1.920502 -0.695309 0.002582
1.991819 -0.444023 0.004919
1.352930 0.364344 0.015817
0.855898 1.124643 0.022452
-0.227430 2.256104 0.029562
-0.205578 2.996200 0.036492
-0.072408 1.540161 0.272281
-0.068922 1.322009 0.634080
-2.919152 0.988065 3.061176
-2.420957 0.464677 3.067281
-2.805711 0.438579 3.061118
-2.645432 0.187191 3.052718
0.859171 0.495395 0.018293
0.253126 0.741057 0.014808
0.537419 0.940511 0.018621
-0.042507 1.107454 0.018706
-0.303486 1.324304 0.090106
-0.369254 1.310678 0.400158
-2.646865 -0.564612 3.040464
1.176100 -0.414939 0.000450
0.882049 -0.042293 0.004317
-0.615063 1.807445 0.030017
-0.934699 2.309130 0.026736
-1.227079 2.671303 0.033478
0.894870 0.689647 0.017145
0.860477 1.193766 -0.002065
0.652926 0.859258 -0.009007
0.117638 2.026379 -0.001769
-0.078895 2.338736 -0.003518
-0.081810 1.390085 0.298383
-0.357456 1.312017 0.728348
-2.500774 0.096306 3.043459
1.806061 -1.296472 0.700752
0.462532 2.630722 0.000533
-2.806316 2.551099 3.052954
-2.705577 1.986926 3.057652
-2.664905 2.856766 3.071020
-2.354464 2.054396 3.068094
-2.358278 1.289395 3.058248
2.520079 2.535680 0.010687
2.307068 1.837955 0.237553
2.627773 0.509665 1.067055
1.293445 -2.653767 2.958826
1.558497 -2.990351 2.976230
1.030592 -2.260314 2.973408
1.801313 -1.317331 1.086077
1.805504 -1.299729 1.365962
2.582836 2.536151 0.245807
2.922367 2.484705 0.109805
2.618402 2.458276 0.378555
1.311449 0.157414 1.319572
2.268517 1.085852 -0.010587
-2.090812 2.331227 3.062442
-2.704661 2.985398 3.059024
-2.383100 2.140644 3.052940
-1.808173 0.655270 3.045564
1.276548 0.204135 0.279021
-0.351792 1.316993 0.578245
-2.981630 1.996232 3.076857
-2.614252 1.299989 3.071390
-2.885785 0.308310 3.051185
2.433327 -1.465564 0.001490
2.107030 -1.031733 0.005848
1.807485 -1.287061 0.390674
1.006987 0.630051 0.035680
0.567558 0.891870 0.014048
0.671501 1.116592 0.018131
-0.059831 1.610804 0.243575
-2.900963 -0.836510 3.040391
1.218231 -0.401157 0.001673
1.351312 -0.189308 0.006962
0.632421 0.295241 0.011035
-0.034517 1.082655 0.017617
-1.157670 2.958583 0.028626
-2.664973 -1.420703 3.024383
-1.467700 -2.901310 2.998389
1.409006 -0.689103 0.035773
-0.632043 1.784521 0.021104
2.445862 -1.434044 -0.010256
0.432796 1.164449 0.001863
0.095238 1.309471 -0.003084
-0.062057 2.180326 0.007794
-0.262836 2.831584 0.011620
0.723113 1.857897 -0.001828
2.274093 1.025929 0.004302
-2.154558 2.953014 3.082126
-2.062040 1.877563 3.068628
-1.996331 2.503231 3.068960
-1.958251 2.006003 3.060274
-1.781477 1.213328 3.057736
-0.754551 2.644686 3.104979
0.490180 -2.647433 2.996401
1.708694 -2.966460 2.998127
1.413802 -1.805255 2.999887
1.376954 -2.644628 2.959659
1.806500 -1.302693 0.948525
1.647699 -1.324958 1.314900
-2.250833 2.820148 3.064047
-1.763113 1.923699 3.056863
1.962793 0.469913 0.001583
-0.267666 1.305455 1.263444
-2.630825 1.789407 3.058934
-2.494658 1.486159 3.071342
-2.927045 1.546993 3.054624
-2.369026 0.894503 3.048557
-2.752970 1.223603 3.054161
-2.103489 0.393393 3.043998
-2.694656 0.676094 3.040611
-2.413501 0.183206 3.040776
0.567902 1.372226 0.004793
-0.396017 2.613397 0.020177
-2.550189 -0.031067 3.057147
0.736667 0.263781 -0.011374
0.387143 0.649635 -0.009036
0.110913 1.113604 -0.000334
-0.236552 1.326388 -0.002539
-0.351018 1.319893 0.180665
-0.863857 2.202305 0.010733
-1.113297 2.584011 0.001171
-1.449654 2.972831 0.001678
0.377863 0.488745 -0.005051
-0.067053 0.978097 -0.006556
-0.669622 1.625558 0.000873
-0.671105 1.804754 -0.003271
-1.215212 2.215095 0.002159
-1.526517 2.538879 0.010881
-1.920270 2.965213 0.011119
1.818287 -1.273359 0.438491
1.611121 -1.329763 0.683577
0.714724 0.887198 -0.006033
0.444898 1.294828 0.007649
-0.050173 1.612809 0.171068
-0.235774 1.328267 0.019341
-0.253486 2.159973 0.017867
-0.202065 1.313235 0.452831
-0.969588 2.172668 0.014611
-1.281592 2.524343 0.017758
-1.319586 2.885461 0.012429
0.650792 1.644813 -0.001782
0.313776 1.787893 -0.003624
-2.872388 0.506585 3.047887
2.388153 0.302891 0.001805
1.975310 0.378113 0.001038
1.801503 -1.298390 1.026317
-2.411472 2.108097 3.065984
-2.336018 1.464194 3.064274
-2.206467 0.983251 3.062185
-2.004325 1.147339 3.061428
-2.270644 1.764868 3.067908
2.976366 0.135758 0.000721
2.701227 0.506770 0.193990
2.734509 2.466079 0.034570
2.348742 1.854871 0.344605
-1.314822 2.908348 3.085357
2.846773 0.517000 0.579280
2.797904 2.461713 0.382947
2.609702 2.454521 0.669390
1.310309 -2.541446 2.984877
1.643682 -2.984527 2.956129
1.510805 -1.779592 2.997514
1.388045 -1.998019 3.070275
1.096006 -2.147674 2.981618
2.690710 2.082210 -0.000385
-1.121683 2.474747 3.064151
-0.104324 1.386950 1.389970
-0.142007 1.309348 1.256528
-2.246440 2.088995 3.068006
-2.114367 1.764311 3.077080
-1.951254 1.418040 3.065429
-1.996315 1.150947 3.053881
-2.362815 1.516351 3.066677
-2.459549 1.251590 3.059312
0.167031 2.309495 -0.001997
-0.119564 2.663526 -0.005910
-0.356607 2.991206 -0.002627
-0.085479 1.468754 0.523606
1.169230 0.097771 0.057962
0.335552 1.167408 -0.004383
-0.000051 1.560703 -0.009409
0.819397 0.168697 -0.010497
0.696415 0.178130 -0.010329
0.325872 0.589620 -0.010478
-0.125366 1.326048 -0.002324
-0.573814 1.566394 -0.001092
-1.109085 2.140998 0.005346
-1.431088 2.486090 0.009919
-1.815718 2.900416 0.013189
-1.018121 2.376743 0.000277
1.808416 -1.180623 0.090209
0.996063 0.406220 0.006519
0.846636 0.221814 -0.002875
0.715992 0.183602 -0.005110
0.793042 0.733356 0.001567
-0.081405 1.417522 0.036052
-0.550543 1.562285 0.003186
-1.084835 2.137819 0.007365
-0.078659 1.361646 0.439100
-1.428082 2.514889 0.005556
-1.110780 2.628316 0.015972
-1.440477 2.768998 0.006198
-0.162216 1.961230 0.008556
0.075001 2.280118 0.014671
-0.376094 2.906336 0.021408
-2.975262 0.310470 3.047470
2.604002 -0.899488 0.000158
2.221035 0.042413 0.006813
-2.848136 1.443300 3.067303
-2.639606 1.109822 3.067039
-2.438286 0.798854 3.061648
-2.094066 0.267035 3.052970
2.969369 0.079267 0.003447
2.841892 -0.069635 0.004030
-2.217349 2.758096 3.090359
2.765072 2.458666 -0.016622
2.566733 2.649469 0.085742
2.576484 2.574795 0.597253
2.310397 1.848687 0.799113
1.786701 -1.278786 1.132272
1.517761 -2.525470 2.971541
1.178343 0.493901 3.123138
1.153626 -2.204107 2.976137
1.290659 -2.448306 2.979959
2.579245 2.591154 1.330095
0.846824 -2.974928 2.996285
1.984788 1.723706 0.101166
-2.563976 2.950402 3.052413
-2.197275 2.071374 3.040432
-2.371551 2.487398 3.046780
-1.300333 0.340201 3.033130
2.087192 -0.132725 -0.012697
0.346230 2.936374 -0.005070
0.412599 2.724978 -0.003879
-2.446962 1.306795 3.073007
-2.705709 1.022523 3.061017
-2.976168 1.039916 3.044532
-2.625988 0.472140 3.049942
-2.313076 -0.015036 3.047314
0.233339 1.663971 -0.009296
-0.033962 1.972812 -0.000517
-0.323757 2.404531 -0.001336
-2.897565 0.269281 3.029237
-1.127903 2.573926 -0.001845
-1.537985 2.940927 0.011509
0.900168 0.292031 -0.013283
0.537057 0.717036 -0.011591
0.417982 0.576879 -0.002845
-0.274257 1.328499 0.119618
-0.725827 1.802107 0.011531
-1.336284 2.453860 0.017881
-1.714492 2.854006 0.023791
-0.117172 1.750221 0.001437
-0.192542 2.590146 -0.000376
-0.366616 2.363763 0.001338
-0.466402 2.986020 0.000198
-2.348231 -0.673636 3.049309
1.756299 0.343127 -0.009305
0.286322 2.312297 -0.007303
-2.689306 1.028606 3.054800
1.697262 2.788315 0.016039
-2.533653 2.572043 3.070059
-2.101993 2.606097 3.061646
-1.573793 1.229179 3.051026
-1.474511 0.967283 3.050658
2.647451 1.503784 -0.007801
2.440521 2.248863 -0.012524
0.719254 -2.711943 2.992905
2.593725 2.538489 1.014577
1.608360 -2.582071 2.961345
1.763929 -0.181760 3.122925
1.686414 -1.776008 2.996655
1.296815 -2.235059 2.979347
2.566818 2.655519 1.025363
2.824363 0.491923 0.221614
-1.254355 2.873705 3.076027
-1.867442 1.285664 3.060804
-2.948481 2.195823 3.051200
-2.397258 1.125640 3.049435
-0.004696 2.762432 -0.002152
-2.671306 0.905661 3.047028
-2.507252 0.636217 3.055283
-2.870885 0.881482 3.031613
-0.083022 1.817963 -0.001537
-0.372509 2.319292 -0.001441
-0.124182 1.791696 -0.002053
-0.221844 2.398976 0.005175
1.983625 1.135302 -0.004385
1.779865 2.089376 -0.000012
1.546669 2.632024 -0.000966
1.802497 -1.295746 0.976161
-2.655965 2.039830 3.054548
-2.453215 2.500327 3.059916
-2.438233 1.644864 3.053400
-2.362093 1.791467 3.045000
-1.061958 2.972586 2.792855
-1.309168 2.731468 3.088093
-1.194335 2.825445 3.077006
1.442995 -2.111161 3.051744
1.583999 -2.732207 2.979976
2.173076 -2.894715 3.004106
1.596690 -1.452182 3.006910
1.765607 -1.762994 3.002369
1.533983 -1.746261 3.012081
1.350021 -2.325868 2.979633
1.682488 -2.721494 2.972978
2.809639 0.500303 1.083925
2.539018 2.476365 0.454061
-1.823886 2.393427 3.050506
-2.247930 2.580128 3.044879
-2.172361 1.889670 3.026644
-2.354238 2.294344 3.035194
-0.074855 1.633258 0.884409
-0.150364 1.315035 1.124040
-0.153887 1.324634 0.965615
-0.368049 1.296821 1.191691
-2.236540 0.753932 3.060884
-2.693803 0.777950 3.056022
-2.577582 0.217063 3.026024
-0.430638 2.548702 0.009840
-0.261359 2.422283 0.007508
-0.536333 2.760373 0.007431
1.777458 -1.198478 0.368292
0.624091 0.644459 0.000084
-0.025628 1.454311 -0.005820
-1.028354 2.279237 0.011189
-1.369663 2.628045 0.018119
-0.102928 2.702950 0.012635
-0.073197 1.412344 0.902543
-2.904231 1.774436 3.063757
-2.695261 1.410277 3.060867
-2.754260 0.993747 3.065731
2.375050 0.452013 -0.014066
2.378186 2.003791 -0.012091
1.789499 1.635087 -0.016100
1.737381 2.301250 -0.012801
1.676352 1.859003 -0.011432
1.608765 2.586885 -0.009382
1.408056 2.428010 -0.012989
-2.118341 2.775274 3.060753
-1.742676 2.124664 3.051985
-1.376252 0.510363 3.046903
2.573773 2.645205 0.290329
2.594404 2.545242 1.415031
1.569348 -2.635775 2.991891
1.621086 -1.445217 3.001150
1.731986 -2.670696 2.968779
1.839872 -2.832936 3.110658
1.768695 -1.760087 2.991574
1.618146 -1.234256 3.019416
1.562573 -1.452802 2.999592
1.343217 -2.271201 2.986517
1.747741 -2.719321 2.975075
1.985415 -2.965614 2.968931
0.758036 1.462066 2.922660
0.818929 -2.878514 2.994051
2.568156 1.200611 0.011742
1.785138 -1.123805 1.100563
-2.133914 2.506458 3.052956
-1.972589 2.113770 3.052191
-2.460750 2.703356 3.067988
-2.227494 2.218632 3.047369
-1.350732 0.636179 3.049796
-1.938116 1.526723 3.055307
2.877329 -1.493302 0.001310
2.352705 0.097270 0.001686
2.079258 0.439102 0.009587
-0.088773 1.322454 1.069934
-2.734890 1.569672 3.058090
-2.340281 0.927369 3.060736
-2.568347 0.944155 3.053579
-2.853669 0.645898 3.025618
-0.041383 1.862038 0.014016
-0.103030 1.329153 0.354801
0.781493 0.254804 0.002805
0.507020 0.525710 0.002019
0.689704 0.506622 0.004904
0.525533 0.591405 -0.003510
0.181253 0.839115 0.004004
0.206246 0.894470 -0.001224
-0.219418 1.227716 0.005665
-0.094790 1.281737 0.002416
-0.990985 1.950484 0.022966
-1.190737 2.246284 0.016328
1.773317 -1.093282 0.320209
1.712341 -0.740126 0.028713
0.450027 0.317935 -0.005147
0.593305 0.457135 -0.001708
0.128116 0.606330 -0.006436
-0.256268 0.940476 -0.002677
-0.735042 1.359062 0.000737
-1.024234 1.613655 0.000220
-1.370800 2.065389 -0.008440
-1.749408 2.389857 -0.002893
-2.148321 2.856771 0.017575
-0.093318 1.348833 0.315044
-0.888125 2.117681 0.007017
-1.220606 2.439631 0.007508
-1.598324 2.805575 0.007947
-0.004844 1.793550 -0.009308
-0.359776 1.299695 1.054941
-2.567018 1.515539 3.054718
-1.865641 0.338347 3.040801
2.491344 2.430131 0.011084
-1.559067 1.764588 3.053827
1.766411 -1.113213 1.444046
1.130256 1.230075 2.778401
1.905755 -2.655105 2.935492
2.120837 -2.957585 2.957848
2.957565 2.807885 3.091400
1.709211 -1.682938 3.008669
1.819902 -2.654936 2.982678
2.608305 2.530663 0.780914
2.424640 2.036338 -0.011716
1.768100 -1.127902 0.832601
-1.739925 2.563215 3.056858
-1.251187 0.743434 3.040241
-2.384911 2.882896 3.055041
-1.679956 1.319945 3.040640
-0.262957 1.319525 1.081181
-2.985362 2.017803 3.060679
-2.942677 0.203370 3.043478
-2.189248 -0.123833 3.035311
1.761232 -1.112367 0.241056
1.618062 -1.325712 0.580219
-0.101534 1.670616 0.012117
0.412933 0.415672 -0.013382
0.069419 0.719164 -0.014450
0.214437 0.700053 -0.016062
-0.956344 1.631594 -0.000409
-1.128338 1.752783 -0.008669
-1.464782 2.023181 -0.011663
-2.239297 2.616713 0.001070
-1.824754 2.300735 -0.005930
-2.725821 2.992010 0.005418
0.682477 -0.161607 -0.016724
0.263336 0.162364 -0.017176
0.766279 0.064147 -0.018234
0.436053 0.247027 -0.007743
-0.087900 0.435872 -0.020637
0.074421 0.618796 -0.010383
-0.495007 0.736035 -0.011856
-1.024588 1.138213 -0.011459
-1.319114 1.402440 -0.002608
-1.659431 1.755708 -0.010690
-2.003189 2.089255 0.000085
-2.329006 2.364924 0.004646
-2.162119 1.832319 0.224460
-2.699591 2.783032 0.005526
0.322193 0.878635 -0.012487
-0.059696 1.236123 -0.013518
-0.493689 1.396310 -0.020648
-0.783335 1.894978 -0.001891
-1.108212 2.202124 -0.004333
-1.474225 2.542855 -0.004299
-0.427465 2.453897 -0.020651
-0.381981 1.285422 0.923430
-2.905777 0.648750 3.043537
2.599853 0.512612 -0.010793
1.881914 1.761237 -0.006021
1.368541 2.205185 -0.004503
1.380227 2.682138 -0.001049
1.217989 2.463757 -0.001172
1.068754 2.265432 -0.004982
-2.796353 2.574395 3.071912
-2.777836 2.797914 3.076095
-2.526126 2.330471 3.069206
-1.928853 1.225857 3.056468
2.951917 0.820138 -0.017335
2.497659 1.759736 -0.007969
2.546329 2.311754 -0.005613
2.304763 1.847760 0.934741
-1.117892 1.545785 3.065622
1.069869 -2.054336 2.999825
2.091513 -2.448981 3.010668
1.616385 -1.478981 2.998813
1.833353 -1.844733 2.997293
1.902172 -2.767093 2.973270
1.598399 -1.505275 2.995646
1.532559 -2.452622 2.993656
2.351923 1.844573 1.234132
1.763014 -1.141885 0.993097
-1.209955 2.328898 3.100208
-0.925005 1.595230 3.064686
-1.286179 2.007261 3.061226
-0.067218 1.336214 1.194663
-2.033482 1.003105 3.041111
-2.671798 1.396023 3.029464
1.786785 -1.134491 0.409274
0.231377 0.899020 0.001716
-0.097755 1.127733 -0.002328
-0.457664 1.427019 0.033792
-0.871423 1.818630 0.012798
-1.278427 2.197096 0.010792
-1.615823 2.498111 0.016137
-2.039298 2.868906 0.030375
0.374887 0.252024 -0.014698
-0.082884 0.534934 -0.016160
-0.393826 0.844413 -0.013292
0.153582 0.842798 -0.010433
-0.821836 1.200036 -0.015873
-1.245963 1.501570 -0.011430
-2.025091 2.096030 -0.006420
-2.148912 2.483959 -0.013080
-2.642316 2.870518 -0.007077
-2.938973 -1.432738 3.034090
0.589651 -0.111191 -0.008568
0.301474 0.098484 -0.007181
-0.250803 0.503134 -0.009460
-0.464371 0.651984 -0.004590
-0.990931 1.029505 -0.003616
-1.297228 1.247112 -0.000457
-1.658290 1.505546 0.000094
-2.158786 1.704591 0.247692
-2.604708 2.347748 0.002300
-2.452015 1.708226 0.302907
-0.255725 1.182705 -0.007583
-1.046679 1.832639 0.000935
-1.325508 2.467293 -0.004401
-1.401845 2.133610 -0.002185
-1.466652 2.440623 -0.001631
-1.794519 2.459772 -0.001700
-1.750568 2.868129 -0.002240
-2.245373 2.831661 0.001596
-0.949272 2.107660 -0.002510
1.772032 -1.052091 0.726123
1.057356 1.691720 -0.015161
0.834127 2.856600 -0.005066
-2.935407 1.837465 3.048533
-2.066804 0.365678 3.040725
2.338645 2.357235 0.012204
-1.861337 2.170362 3.053285
-1.847896 2.831411 3.074365
2.617949 2.500253 0.943544
1.733151 0.060064 3.026960
2.028792 -2.807051 2.955191
2.309594 -2.998385 2.966387
1.616224 -1.654617 2.997012
1.757820 -1.850060 2.989069
1.963697 -2.817511 2.967586
2.864784 0.505282 1.320157
1.158995 -2.198419 2.995251
1.185990 -2.419796 2.999086
-1.786093 1.728647 3.060265
-1.460990 0.843333 3.041398
-2.079132 0.106391 3.059010
-2.682950 0.361089 3.056871
-2.684090 0.067622 3.033713
1.410755 0.206536 -0.008397
1.773011 -1.041722 0.503582
-0.093188 1.374326 0.092172
-1.475983 2.893471 -0.006427
1.776778 -1.057667 0.402040
0.205132 0.248120 -0.016100
-0.174297 0.519890 -0.013334
-0.554073 0.735397 -0.012477
-0.413095 1.034651 -0.010318
-0.821904 1.390119 -0.014285
-1.237385 1.628846 -0.011832
-1.714379 1.871936 -0.012459
-0.590083 1.461416 -0.009281
-1.969233 2.212216 -0.002454
-2.452988 2.586488 0.002960
-2.801393 2.933346 0.007178
0.826705 -0.247221 -0.015914
0.574310 -0.074332 -0.009087
-1.118388 1.129707 -0.009594
-1.448610 1.358081 -0.005489
-1.865183 1.661901 -0.013255
-2.233279 1.886935 0.014225
-2.193680 1.529456 0.287670
-2.238580 1.686851 0.282085
-1.170380 1.914944 -0.004163
-1.518720 2.187984 -0.002124
-1.920461 2.501680 0.001505
-0.358366 1.294671 0.433860
-1.588983 2.897563 -0.009646
1.042393 1.372921 -0.006488
1.091263 2.327820 -0.001126
0.895430 2.626392 0.003873
-0.259180 1.295750 1.426408
-2.742225 2.236092 3.077050
-2.111359 1.537611 3.061101
-2.356103 2.591244 3.077908
-1.833659 1.313925 3.069264
2.598392 2.837490 0.117516
1.267259 -2.197718 2.994405
1.879471 1.997290 3.053753
1.847559 -2.238887 3.031896
1.832455 -1.393588 3.019674
1.748013 -0.389928 3.128952
1.797732 -1.412162 3.016293
1.925793 -1.994287 2.994872
1.823375 -2.318558 3.080846
2.051048 -2.769573 2.948478
2.332672 2.167888 0.071281
-1.923032 2.974495 3.076332
-1.993791 2.665521 3.064498
0.618974 2.706230 -0.007003
-0.340520 1.298154 1.287360
-2.346582 1.008794 3.060508
0.045767 0.864959 -0.014021
-0.384348 1.182624 -0.016094
-0.849287 1.536606 -0.003248
-1.153243 1.765273 0.003933
-1.522958 2.058038 -0.000257
-1.940016 2.380268 0.001163
-2.476959 2.669355 -0.005965
0.464261 -0.143969 -0.006637
0.530915 0.130375 -0.007060
0.130191 0.080342 -0.014445
0.210483 0.354380 -0.010431
-0.257074 0.328594 -0.013453
-0.733012 0.630194 -0.011308
-0.624615 1.001139 -0.015172
-1.128807 1.014915 -0.011890
-0.946465 1.305669 -0.005643
-1.466619 1.237516 -0.009767
-2.173161 1.502430 0.162937
-1.491309 1.561789 -0.010019
-1.857111 1.798667 -0.008178
-2.422662 1.491065 0.173888
-2.299765 2.091021 -0.010381
-2.460387 2.338361 -0.005895
-2.073192 2.780599 0.007363
-1.015334 2.026153 -0.006365
-1.385421 2.344463 -0.001501
-1.829791 2.733093 -0.001333
-0.389253 1.284577 0.663181
2.352674 0.623409 0.003392
-2.575668 1.293153 3.052158
2.449243 2.252405 0.013091
-1.672876 1.422115 3.075544
-1.076519 0.330292 3.083499
1.168401 -2.321919 2.995514
2.135206 -2.806851 2.931760
1.607011 -1.719520 3.002204
1.932420 -2.048872 3.004892
1.463170 -2.310963 3.041697
1.262722 -2.336043 2.988629
1.085917 -2.637290 2.991456
1.764039 -1.191943 1.067823
-1.394246 1.611393 3.060948
2.821166 0.496545 0.018519
2.357670 0.947252 0.002085
1.431256 2.249034 0.005597
1.118020 0.898540 -0.010624
-0.166051 0.858212 -0.008615
-0.628389 0.999155 -0.012952
-0.971782 1.457623 -0.002987
-1.517575 1.565346 -0.007829
-1.271918 1.742099 -0.017852
-1.731348 2.033392 -0.004450
-2.204943 2.391443 -0.005605
-2.525319 2.649328 -0.015346
-2.993137 2.903666 -0.002638
0.426467 -0.317010 -0.013753
0.144083 0.234881 -0.010901
-0.084581 -0.030777 -0.018187
0.200472 0.464427 -0.014597
-0.510425 0.206011 -0.021116
-0.269977 0.486747 -0.016985
-0.868428 0.521363 -0.018318
-0.734159 0.760757 -0.016639
-1.227245 1.020858 -0.016721
-1.315465 0.635589 -0.012016
-1.768858 1.042219 -0.022562
-1.591038 1.315421 -0.018047
-1.975286 1.539893 -0.021700
-2.175282 1.263679 -0.020725
-2.585350 1.462045 0.218650
1.772379 -1.067033 -0.025247
-1.909522 1.820017 -0.010265
-2.329778 2.082659 -0.005081
-0.201615 0.899734 -0.012617
-0.907662 1.133139 -0.017596
-0.355972 1.292997 0.329161
-0.840783 1.650640 -0.009955
-0.947611 2.023698 -0.001660
-1.369673 1.759081 -0.017977
-1.595424 1.600801 -0.015570
-1.294416 2.309756 -0.003557
-2.037552 1.904402 -0.015886
-1.945349 2.496162 -0.001972
-2.527224 2.233220 -0.011186
-2.107114 2.955860 0.008846
-2.431660 2.866705 0.002048
1.317806 0.231855 0.300610
2.609474 0.498358 0.179827
1.488851 2.280079 -0.001679
0.904947 2.670086 -0.002654
0.687415 2.984718 -0.004036
-2.853454 1.576213 3.058306
-2.074929 1.226635 3.051986
1.307036 0.142854 1.298514
1.758116 -1.036135 1.441972
1.841778 -2.028788 3.012233
1.794409 0.983972 3.043156
1.650795 -2.614656 2.994011
-1.389851 2.174805 3.052977
1.122105 -2.706479 2.994338
-2.776220 1.694101 3.051449
-2.754584 1.388201 3.041516
0.912663 -2.982486 2.999316
-0.811372 0.732075 -0.013494
-0.340098 0.479132 -0.009208
-0.880971 1.457829 0.002903
-0.641067 1.337076 -0.000775
-0.919457 1.526206 0.003290
-1.831632 2.174140 -0.005109
-0.500947 1.240831 -0.007988
-2.060246 2.327736 0.005111
-2.536542 2.661804 0.020369
0.104262 0.177078 -0.004496
-0.409428 0.285499 -0.002776
0.041009 0.284052 -0.011143
-0.704413 0.594670 0.000335
-1.220023 0.802574 0.000866
-1.138894 0.866272 -0.003062
-1.589755 1.020469 -0.005901
-1.714250 1.202196 -0.013436
-2.012216 1.264978 -0.011152
-2.579340 1.531009 0.057148
-2.967640 1.785378 0.004917
-2.114965 1.414775 -0.017641
0.759403 -0.369865 -0.005622
0.288020 -0.376668 -0.006135
-0.064740 -0.199726 -0.013120
-0.526588 0.157745 -0.014829
-0.965359 0.248163 -0.002051
-1.358150 0.588862 -0.008063
-1.954275 0.712677 0.006578
-2.422282 0.946996 -0.003765
-2.904185 1.166874 0.004936
-0.023601 0.089746 -0.021258
0.192378 0.375771 -0.016644
-0.451961 0.322374 -0.023810
-0.193932 0.608502 -0.015968
-0.659299 0.888945 -0.014142
-0.698985 0.455851 -0.024648
-1.275032 0.759446 -0.018410
-1.578587 1.441460 -0.010920
-1.637968 0.959585 -0.023065
-2.052376 1.186581 -0.026540
-1.984030 1.690193 -0.014535
-2.506598 1.424984 -0.022884
-2.151696 2.065902 -0.010410
-2.971377 1.651458 -0.003120
-2.631896 2.370246 -0.010043
-2.281709 1.481708 0.272304
1.304125 0.216823 0.158832
-0.886604 1.720375 -0.012475
-1.055833 1.517727 -0.006877
-1.219025 1.965102 -0.006524
-1.611283 2.263206 -0.007198
-1.838941 2.789597 0.004173
-2.067798 2.611449 -0.006189
-2.917491 -0.951721 3.030925
0.741522 1.704462 -0.002442
-2.739236 0.145413 3.052156
-2.209749 -0.208244 3.041585
2.341963 2.267424 0.010213
-2.860195 2.483060 3.101099
-2.065903 2.170010 3.085164
-1.552654 0.749213 3.073413
-1.718775 1.503243 3.081899
-1.626637 1.100111 3.076243
-0.750361 1.373068 3.056048
1.811764 -2.556329 2.999208
2.229105 -2.753432 2.954678
1.590337 -1.689600 3.002257
1.874606 -1.913045 2.982797
2.111862 -2.737679 2.960412
2.329683 2.414739 0.025321
-2.698917 2.271515 3.062376
-0.940419 1.516117 -0.004319
-1.809988 2.091148 -0.000472
-2.618407 2.664818 -0.001279
-2.314229 2.348895 -0.008229
0.551581 -0.231029 -0.007457
0.045505 0.036657 -0.012125
-0.369135 0.253672 -0.012926
-1.771821 0.969879 -0.010546
-2.160997 1.188678 -0.015254
-2.656519 1.441197 -0.020529
0.766852 -0.465520 -0.009236
0.285782 -0.490251 -0.012356
-0.178543 -0.319192 -0.017198
-0.598556 -0.153827 -0.020196
-0.961862 0.108438 -0.020814
-1.552718 0.342955 -0.018504
-1.918928 0.559728 -0.019872
-2.356355 0.674320 -0.027489
-2.831606 0.865610 -0.027448
1.788302 -1.202669 -0.023122
1.219556 -1.015523 0.019777
0.224342 -0.595217 -0.016023
-0.112037 -0.471630 -0.011374
-0.760625 -0.223042 -0.017276
-1.011772 -0.132023 -0.014276
-1.609211 0.082414 -0.005037
-2.003561 0.234535 -0.012239
-2.445268 0.400612 -0.014794
-2.931278 0.577585 -0.011551
0.477485 -0.260805 -0.013712
-0.238701 -0.265928 -0.023686
-0.408164 0.150076 -0.020177
-0.686522 -0.082429 -0.025420
-0.876044 0.356467 -0.015794
-0.939724 0.018298 -0.022680
-1.475694 0.631691 -0.018649
-1.551061 0.265200 -0.022213
-1.825745 0.787974 -0.017575
-1.936884 0.428201 -0.027833
-2.237718 0.975267 -0.019707
-2.852009 0.795289 -0.025949
-2.699000 1.181918 -0.018248
-2.703129 1.522420 -0.023685
-0.354896 0.515174 -0.023918
-0.229059 0.655842 -0.018069
-0.554314 1.079007 -0.012641
-1.172954 0.972412 -0.023968
-1.449991 1.638456 -0.008986
-1.671129 1.505273 -0.009698
-1.836922 1.883075 -0.009477
-2.132270 1.632458 0.103667
-2.273915 2.157313 -0.008350
-2.372283 1.532562 0.288915
-1.051904 1.726007 0.000303
-1.636729 2.503944 -0.000494
-2.396907 2.712141 0.004057
-2.708695 0.697000 3.066657
2.995382 2.754334 0.011835
2.416980 2.362332 -0.002554
1.303045 0.202434 1.182984
1.761628 -1.263200 1.437554
-2.321095 2.747505 3.060022
-1.986772 1.864467 3.059339
2.802999 0.501248 0.762878
0.749568 1.435641 2.831477
2.203237 -2.657845 2.938877
2.631375 -2.855455 2.967766
1.175856 -0.206182 3.103327
1.625251 -1.595695 2.992738
1.941060 -1.852031 2.981568
1.929680 -2.145256 3.011073
2.348084 -2.345045 3.009129
2.315300 -2.655001 2.946293
2.826330 -2.638588 3.022971
2.619041 -2.922331 2.923104
1.831104 -2.468511 2.984085
2.907819 0.538727 0.951389
1.272684 -2.073255 2.988532
-2.728040 2.669284 3.068195
-2.614856 1.967585 3.050524
0.671444 1.769719 -0.005970
1.205157 0.095935 0.567179
0.585461 -2.698601 2.999559
-0.972772 1.468514 0.004548
-1.510319 1.862269 0.001545
-1.949022 2.166435 0.003508
-2.156757 2.248125 0.002285
-2.665011 2.575226 0.006789
-1.356022 1.672155 -0.008615
1.505341 -1.348040 0.582080
-0.905375 0.451658 -0.003904
-1.677168 0.779315 -0.015382
-2.211616 1.103608 -0.020672
-2.705852 1.341706 -0.021104
0.352824 -0.639958 -0.009348
-0.689136 -0.472682 -0.019420
-0.540871 -0.218446 -0.025514
-1.214945 -0.308237 -0.015784
-1.560764 -0.107142 -0.018805
-0.978344 -0.031287 -0.012818
-1.952350 0.028341 -0.029258
-2.338202 0.223884 -0.010087
-2.990018 0.674632 -0.026270
0.268481 -0.785228 -0.016155
-0.256801 -0.611633 -0.019373
-2.756574 -0.052079 0.233781
-0.285331 -0.560178 -0.018284
0.048834 -0.191148 -0.015606
-0.728145 -0.415614 -0.019195
-0.632819 -0.171222 -0.010992
-1.264258 -0.245344 -0.014547
-1.135889 0.002687 -0.007172
-0.847497 0.200793 -0.022691
-1.441965 0.111122 -0.009192
-1.993484 -0.002123 -0.026426
-1.438179 0.449763 -0.017777
-1.793973 0.239344 -0.013321
-2.529945 0.338867 -0.025669
-1.813649 0.614818 -0.021225
-2.252781 0.809167 -0.027080
-2.717548 1.004101 -0.022175
-2.982500 -0.258494 0.815110
1.561694 -0.626259 0.026891
-2.174018 1.469249 0.032032
-2.360860 1.475737 0.118602
-2.961252 1.561812 0.007606
-0.046189 0.338539 -0.016056
-0.355666 0.735551 -0.015380
-1.524618 1.968304 -0.003406
-1.929101 2.237123 0.000612
-2.708444 2.429345 0.009166
1.881413 0.587770 0.001861
1.216039 0.092902 0.348404
1.703377 1.394784 -0.006505
1.109334 2.442283 -0.004850
-2.895991 2.447444 3.059387
-2.422865 1.544976 3.063824
-2.200934 1.070414 3.046416
-2.355911 1.666168 3.054630
-2.125914 1.337773 3.052118
2.871307 -2.867378 3.015630
2.862411 0.654703 1.313605
2.413481 -2.690321 2.913245
2.868055 -2.567854 3.018649
2.704460 -2.676035 2.903367
1.937965 -1.812062 3.000147
1.868133 -2.395553 2.982503
-1.828184 1.565577 3.034331
0.816325 2.169208 -0.016076
0.767006 2.388291 -0.008085
0.152442 2.861633 -0.017071
1.164842 -2.971759 2.992718
1.288578 0.449272 0.000864
-0.023602 0.258722 -0.006759
-0.904322 0.740467 -0.018707
-1.215793 0.898242 -0.018535
-0.127570 0.344596 -0.011610
-1.710212 1.131846 -0.012308
-2.125046 1.335985 -0.012777
-2.486076 1.485157 0.061849
0.371334 -0.372870 -0.004003
-0.133083 -0.191942 -0.012760
-0.541801 -0.052926 -0.015018
-1.020262 0.104960 -0.013280
-1.445762 0.258686 -0.013888
-2.407870 0.578954 -0.022088
-2.992159 -0.257804 0.920352
0.229792 -0.650450 -0.017184
-0.762668 -0.339897 -0.023568
-1.943960 0.124852 -0.011461
-2.869432 0.205286 -0.002987
-2.770841 0.357136 -0.009783
1.791515 -1.278348 0.012700
-0.250323 -0.405580 -0.014093
-0.695347 -0.500592 -0.020955
-0.431592 -0.003023 -0.007492
-1.548080 -0.254994 -0.019321
-2.115157 0.187598 -0.011079
-2.349081 -0.021858 -0.023242
-1.519852 0.416020 -0.003685
-1.533345 0.761621 -0.013147
-1.897596 0.566735 -0.007367
-1.954199 0.963290 -0.014978
-2.324012 0.732399 -0.006063
-2.799408 0.912442 -0.001911
-2.990447 1.212565 -0.007378
-0.453999 0.480429 -0.018424
-0.847894 0.901837 -0.010053
-0.868934 0.451178 -0.015026
-1.303972 1.398452 -0.006766
-1.668733 1.607162 -0.005090
-2.094399 1.853541 -0.005359
-2.255386 1.474815 0.142084
-2.425054 1.463666 0.224938
1.594692 0.307420 -0.003883
-2.202394 2.481268 -0.003948
-2.758363 2.854617 0.005188
2.872242 0.699214 -0.009365
1.670862 1.907003 -0.005926
1.243483 2.392658 -0.006070
0.897774 2.791023 -0.004016
0.715152 2.565612 -0.003782
0.505991 2.792420 -0.001242
0.729215 2.189521 -0.012594
0.279428 2.659852 -0.012015
0.276956 2.271141 -0.006723
-2.221494 0.397445 3.037575
-2.433730 0.971525 3.049323
1.248514 -2.795479 2.996753
2.798679 0.494416 0.362772
2.359236 2.283114 -0.008177
-2.447029 2.648208 3.077536
-1.732806 2.465120 3.068605
1.653810 -1.930957 3.059415
2.018142 -2.189917 3.010390
2.076657 -2.458586 2.960257
2.966693 -2.592709 3.023141
2.840795 -2.831194 2.930701
2.443802 -2.772051 3.003654
2.828348 -2.960856 3.015946
1.737122 -1.388359 3.016847
1.646400 -1.641588 3.003543
2.027850 -1.885249 3.005816
2.876069 0.646038 1.452465
2.117406 1.699838 1.391768
1.499323 -1.822473 3.011272
2.034011 -2.539606 2.958025
2.450167 -2.779231 2.941742
-1.941813 0.844105 3.061460
2.145417 0.541946 -0.000017
0.872983 1.236819 -0.007284
1.311690 0.184020 0.451410
-1.725818 1.700580 -0.018141
-2.148004 1.929093 -0.017869
-2.411653 2.069285 0.030572
0.227724 -0.165867 -0.013373
-1.035748 0.424395 -0.010568
-1.481929 0.593486 -0.026215
-2.010479 0.789346 -0.020315
-2.797286 1.135556 -0.029400
0.129809 -0.695896 -0.026750
-0.083778 -0.261070 -0.018410
-0.662962 -0.284994 -0.022014
-0.701052 -0.076141 -0.020764
-1.195314 -0.123779 -0.014120
-1.538147 -0.012599 -0.017618
-2.843672 0.399515 -0.017894
1.800192 -1.178707 -0.032255
-1.661510 -0.061789 -0.020169
-2.213592 0.117257 -0.015479
-2.709064 0.268720 -0.019419
-2.657692 0.463673 -0.010703
-2.780373 -0.132881 0.231411
-0.135699 0.118620 -0.013331
-0.602843 0.323621 -0.016891
-1.002979 0.257844 -0.013359
-1.931190 0.616342 -0.003974
-2.815792 0.933642 -0.003167
-0.905780 0.903667 -0.008101
-1.379663 0.896830 -0.013133
-1.965659 1.435309 -0.012133
-2.381831 1.094403 -0.021405
-2.917526 1.328645 -0.024034
-2.550802 1.454375 0.193103
-2.635437 -2.157125 3.030292
1.263760 0.507756 0.000544
0.821701 0.576905 0.001479
-2.035050 1.798678 -0.000617
-2.921862 2.687892 0.000786
1.279645 1.735665 -0.011647
0.774360 1.292886 -0.021471
1.246583 0.097398 0.445247
0.159045 2.450623 -0.007838
-0.713999 2.896011 -0.013738
-2.956871 0.182772 3.036505
-1.931367 1.720450 3.060169
-1.674036 1.078226 3.059483
-1.699500 0.677469 3.056501
1.885711 -2.925210 2.997041
2.900276 2.438436 0.330909
1.911109 -2.581034 2.988067
2.431592 -2.587479 3.011880
2.526506 -2.614116 2.941729
2.578523 -2.358375 3.028732
2.929402 -2.810975 2.933867
1.142885 0.260354 3.101301
2.120476 -1.946715 3.004741
2.094090 -2.202384 3.019227
2.449376 -2.623952 3.014396
2.546211 -2.751578 2.905086
-1.168616 2.963509 3.084972
1.316325 0.201871 1.273750
2.478206 0.820906 0.005121
1.324995 1.883998 -0.010774
0.454465 2.265768 -0.012036
0.473390 2.510640 -0.006949
0.836451 2.284710 -0.006062
0.424489 2.660822 -0.012175
1.613698 -0.788254 0.086963
-1.062687 0.683142 0.007787
-1.558937 0.886502 -0.006728
-0.669053 0.536592 -0.001117
-1.955212 1.057839 -0.006784
-2.431543 1.269653 -0.010651
-0.225960 -0.324293 -0.007370
0.276493 -0.286389 -0.005278
-0.260212 -0.125589 -0.011825
-0.730144 -0.172881 -0.010766
-1.169699 0.117546 -0.000753
-1.248574 -0.008493 -0.002630
-1.605945 0.107764 -0.006803
-2.672875 0.298109 -0.004499
-2.218328 0.424596 -0.011715
1.753359 -1.132242 -0.002486
0.559859 -0.807747 -0.012714
-1.722268 -0.134711 -0.012646
-2.441195 -0.073863 -0.009836
0.095886 -0.686110 -0.013668
-0.181923 0.051289 -0.006948
-0.311030 -0.284086 -0.008557
-0.634981 0.218299 -0.008098
-1.165698 0.403697 -0.003297
-1.626367 -0.271822 -0.016891
-1.636856 0.352669 -0.014586
-1.798297 0.167161 -0.016944
-2.212364 0.291686 -0.017839
-2.040062 0.493001 -0.019751
-2.852988 0.016590 0.163670
-2.613019 0.529661 -0.016458
-1.067833 0.712799 -0.014937
-1.449429 0.876805 -0.019520
-2.109607 0.996837 -0.006739
-2.549611 1.167932 -0.006561
1.312957 0.210444 -0.010222
0.986191 0.346853 0.016643
-0.755107 0.571152 -0.012070
-1.312619 1.088897 -0.014558
-1.814197 1.025357 -0.009313
-1.990552 1.711066 -0.004038
-2.345789 1.504702 0.050129
-2.829059 1.484731 -0.017191
-2.856180 2.524143 -0.005500
1.118488 0.097257 0.265438
-0.230430 1.996013 -0.005353
-0.521959 2.578001 -0.003363
1.257355 2.267543 -0.002270
0.516503 2.590178 -0.005560
2.101634 -2.572526 2.974319
1.752959 -1.524918 3.018065
2.113052 -2.006972 3.004199
2.146984 -2.285766 3.014686
1.880110 -2.110129 3.011153
2.629768 -2.410256 3.024936
0.881526 1.904239 2.876292
0.763758 1.669395 2.859600
2.202451 -2.333051 3.012447
2.063504 -2.632240 2.985897
2.533845 -2.574909 3.023041
2.924874 2.442534 1.427314
2.529466 0.499802 0.423904
1.680260 2.053267 -0.010521
1.316603 2.129304 -0.008704
0.765478 2.627626 -0.005091
1.754141 -1.272255 1.253938
-2.525347 1.380476 -0.004678
-0.335924 -0.152379 -0.017638
-1.260769 0.050185 -0.013015
-2.766931 0.004024 0.273321
0.171671 -0.808506 -0.011994
0.175225 -0.558612 -0.002027
-0.386553 -0.708051 -0.013047
-0.313782 -0.545082 -0.010436
-0.860551 -0.620590 -0.015543
-1.435067 -0.520810 -0.014832
-1.772287 -0.462540 -0.014089
-2.168716 -0.392063 -0.015844
-1.904515 -0.201612 -0.016436
-2.229237 -0.163171 -0.006494
-2.674369 -0.082926 -0.013861
0.129251 -0.914339 -0.014109
-0.445381 -0.823506 -0.021810
-0.910671 -0.758134 -0.020821
-0.822755 -0.071431 -0.007957
-1.479503 -0.678507 -0.020822
-1.812952 -0.634004 -0.019971
-2.425903 -0.379149 -0.032581
-1.945610 -0.173829 -0.016908
-2.907375 -0.425143 0.072502
-2.877498 -0.018563 -0.010130
0.126616 -0.278012 -0.007305
-0.801196 -0.414291 -0.017832
-2.285486 0.089559 -0.009610
-2.728050 0.185194 -0.008298
-0.904890 0.641744 0.000764
-1.192758 0.751055 -0.000283
-1.345306 0.324039 -0.011950
-1.583560 0.635174 0.002192
-1.676392 0.421682 -0.007228
-1.968549 0.772590 -0.000481
-2.073325 0.548128 -0.008875
-2.261482 1.149726 0.004789
-2.397283 0.920246 0.000672
-2.533043 0.695189 -0.012244
-2.706772 1.312244 0.009253
-2.881746 1.087057 0.002354
1.289366 0.269820 0.013997
0.862967 0.324625 -0.019531
-1.853589 1.307898 -0.026034
-2.503479 1.529215 0.269979
-2.789152 -1.402374 2.798481
2.887115 0.738400 0.000009
0.521648 2.099074 -0.005535
-0.592244 2.572814 0.000360
-0.083895 1.475579 0.368052
2.874225 0.650986 0.587595
-0.103466 1.679772 1.036067
-2.799613 2.105066 3.070902
-2.551010 1.762100 3.065731
-2.478023 0.846085 3.056819
-2.084161 0.876423 3.059684
-2.240259 2.948504 3.081777
-2.004582 2.531957 3.079580
-1.578640 1.808109 3.070307
2.361583 -2.790200 2.961512
1.606318 -1.949429 2.995165
2.622369 -2.669722 2.960495
2.092208 -2.024113 2.996014
1.517489 -1.304332 3.014420
1.642112 -1.824095 2.998078
1.994406 -2.067811 2.997667
2.910434 2.462163 0.833898
1.295419 0.211269 1.429752
-2.425247 2.465770 3.059341
-1.604145 1.204296 3.039055
0.677970 -1.819099 2.999365
0.811941 2.985621 -0.002762
1.313482 0.185723 0.894651
1.751325 -1.131494 1.239978
2.706686 0.306074 0.004287
1.737990 0.433109 0.000104
1.732068 0.772329 0.006660
1.164873 1.018485 0.006913
0.313424 1.184383 0.004855
-1.882070 0.890563 -0.010642
-1.395779 0.720839 -0.012072
-2.815998 1.229044 -0.013681
0.505880 -0.581277 -0.006941
0.079442 -0.470295 -0.014328
-0.377428 -0.450235 -0.019695
-0.898964 -0.388321 -0.012804
-1.412440 -0.249647 -0.020017
-1.871434 -0.187436 -0.012548
-2.854235 -0.094195 0.089372
-2.857645 -0.424644 0.315349
0.067650 -0.910385 -0.003569
-0.436339 -0.984004 -0.013452
-0.911302 -0.934983 -0.014214
-1.486261 -0.880845 -0.011796
-1.467599 -0.729533 -0.014357
-1.841570 -0.843149 -0.014683
-2.648284 -0.775125 -0.004127
-1.781743 -0.705838 -0.015366
-2.852867 -0.822633 0.063596
0.059314 -1.218942 -0.024063
-0.521786 -1.182523 -0.028891
-0.986706 -1.161652 -0.023699
-0.891885 -0.813627 -0.023470
-1.399043 -1.021524 -0.034578
-1.936979 -1.110189 -0.027552
-2.452583 -0.970776 -0.030795
-2.930280 -1.015352 -0.014157
-1.363998 -0.293361 -0.017284
-1.819601 -0.412454 -0.026595
-2.204520 -0.351771 -0.024836
-2.985384 -0.269474 0.015686
0.510431 -0.653267 -0.007909
0.023649 -0.554014 -0.015838
-2.449099 0.368491 -0.013440
-2.835531 -0.015517 0.180686
-2.978541 -0.359299 0.312731
1.785297 -1.114961 0.550170
-0.416631 -0.183395 -0.013637
-1.478869 0.343135 -0.011527
-1.670730 0.891021 0.000782
-1.847124 0.453788 -0.009178
-2.074499 1.047975 -0.003507
-2.648849 0.977802 -0.006696
-2.797585 0.755484 -0.016019
2.719412 0.502177 -0.015497
1.285906 0.348131 0.029144
1.067048 0.736522 -0.010181
-2.319172 1.477312 0.098390
-2.799534 -1.234389 2.815286
1.758455 1.835606 -0.004060
0.736939 2.210596 -0.001671
0.303187 2.182003 -0.005933
0.340484 2.518245 -0.001085
-0.567143 2.427555 0.000444
2.875708 2.448760 0.088685
2.891203 0.736125 0.605067
-2.869145 2.349822 3.082113
-2.053926 1.571676 3.070483
-0.768564 2.480011 3.082701
2.656185 -2.309372 3.024951
2.111576 -2.692801 2.963207
2.857544 0.717567 1.356339
-2.262355 2.150557 3.052259
2.873536 0.701177 0.303560
1.804842 2.162748 -0.009306
1.549613 2.702460 -0.006229
1.240579 2.905126 -0.007269
-2.751540 0.427003 3.011773
2.875772 0.641690 0.033209
1.057970 1.101451 0.003176
0.774300 1.228078 0.004761
0.720797 1.354792 0.004436
-1.177223 0.589814 -0.008189
-2.930855 1.131016 -0.006510
-2.693599 1.028907 -0.020152
-2.823414 -2.607454 3.028022
0.470962 -0.624313 -0.010775
-0.559095 -0.568374 -0.010080
-0.426165 -0.532560 -0.014682
-0.961589 -0.474333 -0.017035
-1.423361 -0.402575 -0.017933
-1.925489 -0.335855 -0.022140
-2.501241 -0.261128 -0.019060
-2.865857 -0.363473 0.143564
0.002939 -1.040608 -0.015972
-0.540112 -1.033070 -0.026051
-0.969825 -1.030900 -0.029543
-1.481622 -1.033080 -0.030153
-1.909253 -1.035381 -0.029686
-2.458125 -1.046682 -0.026155
0.022943 -1.351748 -0.027026
-0.537555 -1.361425 -0.036490
-0.392234 -1.120435 -0.027751
-0.968453 -1.381198 -0.030786
-1.015990 -0.934612 -0.029231
-1.517842 -1.398579 -0.034001
-1.975009 -1.286859 -0.023101
-2.356894 -1.294899 -0.026051
-2.876088 -1.604806 -0.030148
-0.617038 -1.493882 -0.032185
-1.093309 -1.515615 -0.032399
-1.380134 -1.526371 -0.035349
-2.038912 -1.558470 -0.035221
-2.034924 -1.076649 -0.037560
-2.461143 -1.575189 -0.039664
-0.466781 -0.776070 -0.025886
-1.549698 -0.657103 -0.026904
-1.911398 -0.615443 -0.029481
-2.462875 -0.686959 -0.025668
-2.822500 -0.686127 -0.006933
1.711566 -0.897472 0.198430
0.492354 -0.585135 -0.004524
0.027787 -0.324178 -0.013784
-0.010358 -0.660211 -0.016080
-1.073503 -0.315178 -0.016167
-2.316759 0.131680 -0.016362
-2.603447 -0.287379 -0.029825
-2.902305 -0.006501 -0.015072
-2.955437 -0.359176 0.299961
0.979757 0.114331 -0.012855
1.786667 -1.181666 0.608294
-0.235198 -0.092080 -0.026680
-0.946149 0.306633 -0.021872
-1.240546 0.620284 -0.015095
-1.624245 0.256886 -0.023563
-1.935521 1.126170 -0.017473
-2.382300 1.305942 -0.029128
-2.369586 0.999877 -0.021954
-2.514442 0.504853 -0.035126
1.083509 0.698568 -0.007129
-0.122198 1.267098 -0.013911
-0.186946 1.881765 -0.005096
0.099518 1.153835 -0.010848
-2.994804 -0.777635 2.875532
0.204293 2.564105 -0.000156
-2.844516 0.780545 3.059111
2.855560 0.627478 1.046457
2.638960 -2.571417 2.953259
2.040510 -1.992923 2.985479
2.253028 -2.283641 3.017942
2.716956 -2.990480 3.007265
2.935082 2.958145 0.016158
2.912404 2.477059 0.276714
2.866004 0.634255 0.658087
-2.951084 0.892337 3.033162
-2.578772 1.246575 -0.016620
-1.692853 -2.843329 2.999444
-2.235838 -2.679513 2.998814
1.611641 -0.817375 0.045455
0.340361 -0.559438 -0.006954
-0.100665 -0.565299 -0.015872
-0.532063 -0.493732 -0.020194
-1.134679 -0.364566 -0.019809
-2.069912 -0.254006 -0.024533
-2.480587 -0.198474 -0.030716
-2.780840 -0.463176 0.278296
1.362677 -1.264590 0.045605
0.491188 -1.177887 -0.020534
-0.138629 -1.164956 -0.016845
-0.098293 -1.052466 -0.020190
-0.674423 -1.048659 -0.029901
-1.146489 -1.052012 -0.035422
-1.609640 -1.084829 -0.035162
-2.580510 -1.067169 -0.024539
-0.054744 -1.305461 -0.021928
-0.076528 -1.647975 -0.032110
-0.497971 -1.288966 -0.023059
-0.575189 -1.578965 -0.037181
-1.042382 -1.617601 -0.039892
-1.037387 -1.369270 -0.032932
-1.604366 -1.666345 -0.041389
-2.081743 -1.700667 -0.031624
-1.457079 -1.330590 -0.016557
-2.511158 -1.731281 -0.034349
-1.660441 -0.963591 -0.038484
-2.017766 -0.949401 -0.039175
-2.148469 -1.350131 -0.023215
-2.566205 -1.166176 -0.034423
0.368731 -0.758967 -0.019340
-0.110313 -0.711243 -0.025592
-0.129613 -0.875161 -0.024785
-0.494998 -0.675064 -0.027262
-1.210088 -0.605542 -0.031985
-1.812372 -0.551624 -0.030080
-2.154006 -0.524687 -0.026735
-2.571333 -0.482339 -0.030738
-2.736034 -0.692618 -0.033261
-2.899429 -0.485094 -0.002111
-0.172988 -0.239987 -0.020281
-0.619919 0.064402 -0.027867
-0.609928 -0.335334 -0.031017
-1.131201 -0.244800 -0.031261
-1.116510 -0.042743 -0.026524
-1.515859 -0.398004 -0.037308
-1.731915 0.326234 -0.028395
-2.213091 -0.041779 -0.042458
-2.277279 -0.289702 -0.035928
-2.768368 -0.455807 0.191427
1.307544 0.217707 0.002381
0.663488 0.452929 -0.010318
-1.781254 0.850256 -0.017830
-2.229419 1.008435 -0.022473
2.942200 0.990623 -0.001513
2.853718 2.464870 0.135962
2.882586 0.605426 0.764163
2.863377 0.614771 0.457566
2.812484 2.349868 -0.019504
1.625474 2.736617 -0.010181
1.487267 2.798419 -0.005516
-1.453019 2.292302 3.054467
-1.687523 2.133176 3.057775
-1.086801 0.556709 3.042136
2.717777 -2.264608 3.029671
2.142912 -2.035880 2.996207
2.859701 0.756732 1.263626
2.732542 -2.360662 3.031714
2.791568 -2.577327 2.915798
2.907734 2.516983 0.228906
-0.280567 1.293920 1.357199
-2.261067 0.675024 3.036995
1.819556 -2.732742 2.983287
2.865630 0.646285 0.243200
0.453238 2.162874 -0.011243
0.234371 2.042436 -0.021124
-0.348463 2.887235 0.023906
-0.070790 1.591274 0.306905
1.674331 -2.873632 2.996440
1.779198 -1.188849 0.765771
-0.804319 -0.225396 -0.028915
-1.743476 -0.012775 -0.031104
-0.889657 -0.138196 -0.024885
-1.406741 -0.071832 -0.022089
-2.786701 -0.288126 0.297797
1.383715 -1.289590 0.164682
-0.123957 -1.066259 -0.016087
-1.067221 -1.023236 -0.029267
-2.786100 -0.940840 -0.047204
-2.878024 -1.030684 0.040491
-0.087305 -1.433047 -0.034334
-0.746123 -1.170817 -0.037871
-1.689134 -1.584652 -0.044170
-1.225822 -1.185644 -0.034635
-1.516868 -1.191725 -0.033781
-1.485042 -1.906063 -0.049105
-2.159492 -1.636926 -0.041798
-2.234773 -1.198834 -0.043377
-2.599619 -1.610322 -0.061347
-2.627522 -1.213007 -0.037899
-0.091584 -1.725078 -0.042630
-0.657632 -1.802166 -0.042726
-1.139918 -1.868467 -0.039936
-2.141086 -1.997250 -0.047615
-2.551786 -2.054724 -0.046702
-2.897559 -1.009259 -0.032601
1.785944 -1.174096 0.119267
0.145674 -0.487576 -0.018540
-0.200617 -0.968029 -0.026846
-0.618881 -0.755422 -0.032782
-0.640029 -0.947233 -0.031835
-1.393455 -0.495258 -0.028603
-1.170729 -0.922592 -0.035675
-1.482787 -0.908106 -0.037276
-1.749377 -0.672165 -0.034314
-2.137730 -0.638467 -0.039356
-2.664647 -0.858552 -0.035582
-2.874773 -0.354771 -0.013923
-2.831414 -0.453598 0.283475
-1.189051 0.254039 -0.021164
-1.582378 0.590023 -0.017473
-1.874707 0.173960 -0.028439
-2.436668 1.126212 -0.019450
-2.370401 0.819942 -0.023631
-2.804169 0.668730 -0.032978
1.029413 1.237492 0.004852
-0.548156 2.985730 -0.023702
-0.351467 1.295623 0.879498
-2.989739 2.689667 3.064159
-2.716011 2.324461 3.060048
2.830235 -2.497717 2.934009
-1.345958 2.633771 3.052423
-2.026412 2.466561 3.056228
1.443955 -1.553697 3.006115
2.300099 -2.293954 3.023118
2.793829 -2.538152 2.896220
-1.956953 2.453445 3.060808
0.848018 -1.995066 2.999990
1.812081 2.074576 -0.006491
1.247043 2.710907 -0.000776
0.987015 2.419253 -0.010690
0.777186 2.930082 -0.001145
0.825954 2.495697 -0.009643
0.262097 2.810179 -0.011257
-0.059600 1.099417 -0.014805
-0.921470 1.789065 0.004116
-1.399037 0.199660 -0.022374
-1.934951 0.370570 -0.031967
-0.235356 -0.788386 -0.022986
-0.768112 -0.839441 -0.027192
-1.218441 -0.760167 -0.030909
-0.746157 -0.761956 -0.029156
-2.232096 -0.737692 -0.038928
-2.840784 -0.782602 0.024501
0.363815 -1.386020 -0.020373
-1.236397 -1.242918 -0.028152
-2.136799 -1.430230 -0.029049
-2.693794 -1.483210 -0.028422
-1.104505 -1.946264 -0.037667
-1.571587 -1.883512 -0.043478
-2.061136 -2.109678 -0.041037
-2.474139 -2.180488 -0.043444
-2.934084 -2.261959 -0.043258
-2.144380 -1.761968 -0.036478
-2.646982 -1.775333 -0.040481
0.533074 -1.175793 -0.023090
-0.273701 -1.023046 -0.029122
-0.727206 -1.211337 -0.032944
-0.693517 -0.841242 -0.027794
-1.162052 -0.630378 -0.026754
-1.559891 -1.238775 -0.033459
-1.756694 -0.593683 -0.031124
-1.844273 -1.020434 -0.036211
-2.152393 -0.800681 -0.030275
-2.221699 -1.019843 -0.038009
-2.655054 -1.018317 -0.040156
-2.764715 -1.274873 -0.036522
-2.881194 -0.542915 -0.020326
-1.381456 0.081483 -0.013845
-1.754627 0.405520 -0.015572
-2.497128 0.298221 -0.017604
-2.522608 0.057538 -0.033774
-2.984687 0.395971 -0.020969
1.580240 0.598600 0.000133
0.691514 0.263392 -0.008862
0.316119 0.791043 -0.000033
0.272648 0.591749 -0.004920
2.882681 0.832951 0.165303
1.861388 -2.841400 2.996216
1.284607 0.214516 1.266311
-0.199129 1.298866 1.391323
-2.789287 1.889039 3.063275
-2.308212 1.317717 3.048369
1.408341 -2.293224 3.053173
-1.190627 1.496641 3.064525
2.812679 -2.272843 3.038050
2.857836 0.720641 1.431468
-0.829895 1.954288 3.073106
1.803638 -2.018566 2.996459
2.798360 -2.623590 2.899958
2.862839 0.751390 1.008734
2.969740 -2.788610 3.013991
2.579632 -2.725941 3.023098
1.310445 0.230212 1.023818
1.297599 0.267912 1.161486
0.165674 -1.623427 2.995996
0.448009 -2.005858 2.996377
0.261669 -1.876897 2.998208
-0.378405 1.299284 0.542334
1.159530 0.530931 0.002534
-2.160802 -2.665154 2.995980
1.140693 -0.337640 -0.015749
-0.329532 -0.358954 -0.024711
-0.981408 -0.176676 -0.023133
-1.395848 -0.155924 -0.014457
-2.940552 -0.102712 0.081599
-2.533535 -0.005492 -0.032875
-2.792226 -0.407839 0.308280
-2.745540 -0.342527 0.223455
1.786483 -1.144352 0.084412
-1.159047 -1.228419 -0.030293
-1.223085 -0.941082 -0.040423
-1.772118 -0.972309 -0.036739
-2.292281 -0.991456 -0.040274
-2.800611 -0.981313 -0.063111
-0.153051 -1.426045 -0.028983
-0.666771 -1.729259 -0.041462
-1.140155 -1.488388 -0.049439
-1.717825 -1.276636 -0.033005
1.791078 -1.383137 -0.024511
-1.436471 -1.853615 -0.042073
-2.023933 -1.309572 -0.030567
-2.789409 -1.381863 -0.030734
0.288949 -0.895159 -0.020903
-1.356788 -0.896554 -0.037862
-1.097240 -1.298934 -0.041957
-1.694865 -1.340354 -0.042583
-2.349194 -0.912079 -0.034407
-2.297884 -0.679567 -0.031132
-2.470058 -1.393193 -0.044605
-2.880580 -1.152409 -0.051516
-1.328929 -0.089969 -0.020659
-1.308904 -0.535878 -0.039095
-1.626715 -0.515899 -0.037042
-2.397032 -0.189811 -0.037126
-2.911607 0.435398 -0.030521
-2.769301 -0.161546 0.198254
-0.497257 1.134512 -0.006722
2.903374 0.779399 0.253230
1.373513 1.702467 -0.001254
-1.382118 2.311049 0.000383
-1.787009 2.519121 -0.001656
-2.196019 2.709940 0.007231
2.956048 2.862771 -0.000339
2.503486 -2.595540 2.967624
2.935626 2.528764 0.934746
2.860433 0.711288 1.181444
2.866044 -2.337091 3.038881
2.904400 -2.534365 2.968638
-1.120272 2.593564 3.070091
2.220960 -2.160558 3.001042
-0.427508 2.364364 3.053832
2.217861 -2.027829 2.999360
2.829392 -2.599470 2.902789
-1.222570 1.575254 3.037152
-1.881356 0.939975 3.035910
0.296597 -1.518095 2.998000
0.787749 -1.824021 2.997867
2.417243 -2.828937 2.973347
2.723176 -2.714817 2.972442
2.886716 0.746432 0.551766
0.956780 -2.515117 2.999776
-0.355680 1.298259 0.160775
-1.545500 2.363858 0.002192
-1.898199 2.515646 -0.000961
-0.054691 -2.947554 2.998728
0.516515 0.240730 -0.016382
0.485656 0.176771 -0.015164
-2.354559 0.586406 -0.022687
-0.002967 -0.517798 -0.022188
-0.751811 -0.509133 -0.033034
-2.295231 -0.507966 -0.031606
0.398708 -1.247845 -0.016211
-2.938565 -1.331007 -0.030992
-0.075826 -1.569893 -0.028609
-0.672031 -1.663042 -0.037083
-1.135782 -1.564490 -0.038033
-1.152017 -1.744984 -0.038092
-1.709120 -1.651492 -0.042019
-1.425974 -1.794763 -0.036231
1.675477 -1.324222 0.004838
0.312260 -0.867049 -0.020425
-0.145519 -1.366941 -0.028929
-0.776988 -1.065699 -0.029176
-0.773144 -1.437488 -0.038094
-1.280022 -1.503625 -0.037086
-1.585305 -1.540147 -0.040271
-2.275773 -1.633699 -0.034925
-2.154681 -0.951613 -0.027994
-2.253183 -1.389965 -0.042010
-2.738190 -1.685315 -0.043236
-0.917121 -0.651452 -0.038468
-1.196468 -0.435741 -0.028980
-2.581998 -0.354028 -0.035290
1.305265 0.184214 0.248958
1.123630 0.696375 0.000118
-2.113364 0.502730 -0.026671
-2.898759 -0.081121 0.315611
-2.975895 -0.153602 0.821636
2.393592 0.833011 0.005917
1.589739 0.795230 0.006198
0.643416 1.626985 0.008003
-0.697420 1.578058 -0.000958
-0.951625 1.664428 0.007253
-1.972736 2.446191 0.010296
-1.597416 2.274263 0.010923
2.476106 -2.920033 2.999907
2.881955 0.751210 0.813953
2.877792 0.771378 0.442647
-0.056960 2.894859 -0.000100
-0.375585 1.294687 0.772259
1.505400 -2.624170 3.010173
2.859386 0.690422 1.183650
2.402526 -2.250179 3.016997
2.382020 -2.560033 2.982001
2.038293 1.704504 1.213053
2.248399 -1.989211 2.997106
2.854254 -2.183965 3.037814
2.824883 -2.445679 2.895723
-1.673413 2.656587 3.053060
2.467479 -2.588869 2.941881
2.907275 2.524575 0.861244
1.899958 1.868451 1.279699
0.891668 -1.786590 2.999082
1.019729 -1.888930 2.997619
1.581781 -2.276269 2.989085
2.557604 -2.699763 3.018704
0.492385 1.601512 -0.000590
-1.801332 2.576311 0.008643
-2.200377 2.756919 0.013851
0.110263 0.457111 -0.021222
-0.429615 -0.459912 -0.019399
-0.468412 -0.346204 -0.023560
-1.703158 -0.345704 -0.029611
-2.851605 -0.294682 -0.021252
-2.318235 -0.319376 -0.025350
-0.155245 -0.974569 -0.021793
-2.155672 -1.199333 -0.031926
-0.033537 -1.255474 -0.022749
-0.451369 -1.715451 -0.035877
-0.514814 -1.400005 -0.035715
-1.062193 -1.708996 -0.041088
-1.928797 -1.884608 -0.041771
-2.501145 -2.145315 -0.040404
-2.034291 -1.615339 -0.037424
-0.808175 -1.496360 -0.034758
-1.667362 -1.827354 -0.038955
-1.477115 -1.259129 -0.024516
-2.382060 -1.966549 -0.037250
-2.515789 -1.383637 -0.037518
-2.729120 -1.810248 -0.045129
-2.842708 -2.052373 -0.039688
-0.654023 -0.641789 -0.021087
-1.621421 -0.430496 -0.026616
-1.683799 -0.868658 -0.027465
-2.346597 -0.658424 -0.026284
-2.012035 -0.882358 -0.026455
0.677075 -0.032925 -0.003925
-2.024956 0.091191 -0.019789
-2.008008 -0.148738 -0.032068
-2.413361 0.137229 -0.020059
-2.888642 0.482066 -0.017335
0.055683 1.120572 0.002518
0.037294 0.866673 0.002313
-0.210268 0.706547 -0.003945
-1.009784 1.457056 0.009569
-1.300900 1.563281 0.006523
-2.790228 -2.022175 2.794986
-2.778784 -1.753586 2.804461
2.857711 2.053473 -0.003591
2.897066 1.762166 -0.009307
1.866303 1.878799 -0.007986
1.104883 1.784922 -0.011526
0.191423 2.521850 -0.011103
0.297379 2.112841 -0.020102
-0.216757 2.716207 -0.008395
-0.088380 2.267812 -0.015671
1.288401 0.216954 0.811488
-0.139406 1.311660 0.586961
-2.095591 2.775242 -0.006353
-2.907631 0.538815 3.045284
2.206659 -1.895040 3.005326
2.326185 -2.151752 3.023834
2.845742 -2.079677 3.035900
2.863260 -2.385640 2.919491
2.464036 -2.476594 2.933230
2.602489 -2.538941 3.029267
2.927509 2.676766 0.940415
2.929780 2.603303 0.011419
-0.501681 2.919491 0.009695
1.315907 0.211683 0.831196
-0.413899 1.295800 0.681980
0.859674 -2.468778 2.997784
1.595915 0.800134 0.003565
1.263759 0.277855 0.106451
0.192785 0.709959 -0.010278
0.811255 -0.159364 -0.014536
-1.250624 -0.122767 -0.022533
0.402615 -0.870568 -0.026284
-0.061351 -0.900744 -0.028292
-1.527955 -1.007440 -0.036903
-2.704310 -1.061257 -0.041197
-1.024623 -1.446729 -0.031165
-0.930345 -1.820961 -0.037780
-1.508380 -1.940529 -0.044451
-1.958669 -1.932406 -0.048065
-2.456898 -1.937801 -0.043447
-1.880129 -1.590946 -0.037306
-2.902638 -2.027869 -0.049459
-2.962267 -1.763193 -0.050961
0.063797 -1.609310 -0.036184
0.042915 -1.577419 -0.033462
-0.518131 -1.689011 -0.038238
-0.470016 -1.373313 -0.036760
-0.966352 -1.785248 -0.035695
-1.671443 -1.145570 -0.026410
-1.874154 -1.974148 -0.038802
-2.032520 -1.171494 -0.032882
-2.531490 -1.926945 -0.049122
-2.543932 -1.426126 -0.047939
-0.052496 -0.848034 -0.017845
-1.489827 -1.520396 -0.038335
-2.668941 -1.675429 -0.049348
-2.948681 -1.486679 -0.035902
-0.146666 -0.603325 -0.025633
-1.325082 -0.377239 -0.026167
-1.632369 -0.363008 -0.025394
-2.005630 -0.093538 -0.037185
-2.004063 -0.569734 -0.034542
-2.268022 0.363592 -0.027818
-2.759957 -0.046704 -0.028141
0.156229 0.573660 -0.009149
-2.733947 0.439473 -0.026351
-2.967502 -0.218986 0.788144
-2.782911 -2.233275 2.783543
0.873706 1.632121 -0.008308
0.272915 1.856464 -0.001222
0.671554 1.165722 -0.011592
-0.100345 2.016231 -0.002098
-0.110514 1.317581 0.198866
-0.531674 1.310732 -0.024525
-0.096960 1.322444 0.739003
-0.358716 1.298154 0.266645
-1.018392 1.776751 -0.019028
-0.787115 1.392269 -0.022346
-1.657022 2.360837 -0.011152
-2.097464 2.214376 -0.024798
-1.686089 2.041651 -0.020966
-2.459641 2.717219 -0.009384
-2.537570 2.390520 -0.023422
0.917205 -2.654653 2.991969
2.974886 -2.680998 3.006614
2.902851 2.139135 -0.000945
1.755569 2.246447 -0.006916
1.373779 2.362174 -0.006325
0.586963 2.690890 -0.005057
0.386507 2.798631 -0.008389
1.297621 0.206971 0.929891
1.931098 -2.486393 2.988276
2.504415 -2.357396 2.967014
-1.859846 2.214546 3.063349
2.938257 2.636314 1.277910
-1.007108 1.001468 3.051937
1.827371 -1.792591 2.991517
2.375357 -2.071136 3.018810
2.842679 -1.991068 3.035923
2.485580 -2.307959 2.961705
2.902719 2.513278 1.160090
2.251445 -1.837805 2.996024
1.448188 -1.727227 2.999891
1.315791 0.202707 1.441089
-2.680076 1.553612 3.069659
-2.658619 1.849490 3.070843
2.226907 -2.298442 2.998322
2.365766 -2.448142 2.943500
2.524737 -2.821284 3.014292
2.774001 -2.415432 2.919050
1.303422 0.163869 0.920135
0.361645 1.667617 0.002969
-0.193615 1.317334 0.044524
-1.460201 1.864271 -0.008448
-1.265112 2.070083 -0.005561
-2.382536 2.566537 0.001891
-2.736512 2.612823 -0.000098
0.447532 -2.761477 2.999705
0.432474 0.085429 -0.013360
0.079811 0.316190 -0.018609
-1.238943 -0.532851 -0.024110
-2.633816 -0.592094 -0.015382
-0.039758 -1.166749 -0.015934
-1.098263 -1.160090 -0.029727
-1.614269 -1.243348 -0.027662
-0.415924 -1.552243 -0.034021
-0.864394 -1.638413 -0.034894
-2.104816 -1.879852 -0.037880
-0.493159 -1.673026 -0.037412
-0.534036 -1.299415 -0.030095
-1.738248 -1.136299 -0.028753
-1.739275 -1.531412 -0.031080
-2.458664 -1.663238 -0.040945
1.547870 -0.814628 0.072042
-1.745035 -0.867059 -0.036608
-2.062466 -0.661370 -0.026125
-2.522898 -0.901688 -0.037418
-1.638984 -0.170787 -0.018084
-2.033735 0.118201 -0.018670
-0.176951 1.193817 -0.020984
-0.872076 1.412242 -0.022519
-2.114402 2.177672 -0.024718
-2.216406 1.869613 -0.027710
2.112032 -2.677131 3.001111
0.209975 2.913236 -0.008793
0.389226 2.395866 -0.002229
-0.138428 2.264343 -0.014369
-0.635133 2.487921 -0.011871
1.299128 0.207847 0.750631
2.941993 2.579612 0.724961
1.918447 -2.209413 3.006679
2.258650 -2.023507 3.016307
2.000723 -1.988627 3.009516
2.457564 -2.016237 3.022204
2.929682 -1.927763 3.028875
2.513599 -2.209242 2.982937
2.950576 -2.263091 2.921957
1.822731 -1.487920 3.014856
2.243547 -1.732043 2.994885
2.899418 2.706083 1.285384
2.428504 -2.161894 3.016272
2.604765 -2.681532 3.021870
2.967720 -2.319172 2.909328
2.877723 0.824996 0.657322
-2.700713 0.565573 3.050558
2.110160 -2.743248 3.001866
-0.312369 2.105824 -0.005594
-0.525651 2.614913 0.012591
-0.775275 2.719428 0.013189
-0.695445 2.903216 0.013360
1.312610 0.230698 0.737994
-0.940919 2.999757 0.017597
-0.039522 0.807082 -0.011559
0.720907 -0.198151 -0.015668
-2.620360 -0.119248 -0.044519
-2.169262 -1.049049 -0.042339
-2.797760 -1.105682 -0.041171
0.020663 -1.478006 -0.025149
-1.956512 -1.687041 -0.041282
-2.621915 -1.855647 -0.040594
-1.047279 -0.697471 -0.029961
-1.592149 -0.555255 -0.031550
-2.334999 -0.294278 -0.030206
0.577795 0.345406 -0.020521
-1.757079 1.362986 -0.027936
1.643600 1.739527 -0.005541
0.855639 1.737754 -0.011408
0.090714 2.383062 -0.005731
-0.184249 2.139520 -0.000190
-0.815657 2.824271 -0.003357
-1.078022 2.946527 0.001891
-1.901869 2.570396 -0.009115
-2.421244 2.430751 -0.021958
-2.967741 2.660354 -0.024300
1.748860 -1.111093 1.320374
2.076764 -2.339841 2.989124
2.633049 -2.713119 3.011299
-2.324881 0.641286 3.050874
1.483032 -1.693985 3.017797
2.056583 -2.032058 3.011815
-2.612533 2.719447 3.077434
-2.581606 2.195522 3.064486
-1.844134 1.038625 3.056994
-1.608389 0.807466 3.052017
2.900054 -2.141286 3.021913
2.975180 -2.190161 2.980122
-1.139099 2.642317 3.062425
1.907007 -1.686251 2.996062
2.287305 -1.674596 2.992021
2.499246 -1.963935 3.029432
2.169709 -1.856497 2.988767
2.939107 -1.839118 3.031621
2.902652 2.684918 1.378394
2.726784 -2.084233 2.929892
-2.231232 2.468277 3.071183
-1.836534 2.940278 3.092441
1.866588 -1.725118 3.001952
2.962498 -2.214279 2.888315
2.948844 -2.094842 3.029168
1.303333 0.189976 1.485718
1.488523 2.161099 -0.000819
0.601025 2.480354 -0.002459
0.017172 2.738448 -0.000134
-0.107632 1.096656 -0.020993
-1.106023 1.383860 -0.018705
-0.761810 1.585122 -0.009838
-2.245399 1.950959 -0.016585
-1.967268 1.944108 -0.021392
-1.077239 -2.166686 2.989476
0.699029 0.036711 -0.014443
0.241625 0.082438 -0.020910
-2.499784 -2.973182 2.995969
-0.610212 -1.132742 -0.029010
-1.160128 -0.736564 -0.028147
-2.757670 -0.752466 -0.039645
0.252934 -0.987726 -0.016582
-1.972158 -1.407799 -0.027175
-2.412761 -1.737952 -0.031505
-2.664548 -1.504835 -0.038709
-2.803308 -1.835629 -0.025773
-0.396227 -1.564388 -0.031708
-0.908816 -1.402666 -0.025501
-1.873112 -1.791276 -0.039361
-0.597852 -0.863449 -0.032230
-1.302144 -1.811994 -0.043849
-2.023015 -1.217651 -0.039026
-2.412449 -2.070558 -0.054206
-2.881246 -2.184179 -0.055572
-2.958493 -1.844632 -0.053006
-1.308068 -0.650197 -0.043965
-2.366972 -0.446241 -0.042795
-2.752615 -0.193546 -0.040271
-2.850414 -0.700607 -0.048119
0.348418 0.100358 -0.024374
-0.379694 0.600671 -0.024881
-0.852225 0.696676 -0.031662
-1.963987 -2.858571 2.995880
0.105777 1.768098 -0.007888
-0.558400 1.180469 -0.019576
-1.653688 2.112193 -0.010965
-2.446427 2.806140 -0.013087
-1.466634 1.440627 -0.019208
-2.895070 2.990223 -0.007837
-2.559905 2.112142 -0.016775
2.586854 -2.865257 2.986307
1.294968 2.198299 -0.006067
0.095141 2.685502 -0.005090
2.536565 -2.178322 2.970961
2.911034 2.604497 1.012873
1.849827 -1.639737 3.000883
2.923891 -2.039247 2.920759
2.370556 -1.658104 2.993345
1.865213 -1.660694 2.997500
2.179922 -1.715634 2.986952
2.494125 -1.852234 3.028161
2.651439 -2.246257 2.907579
2.900556 -2.080795 2.883933
2.900587 2.466582 0.643467
2.882051 0.804300 0.804748
-2.308338 1.801389 3.056869
2.916968 2.536199 0.500456
-2.725656 0.267453 3.019787
2.871106 0.766122 0.207549
0.800051 2.130969 0.003052
-0.083860 2.029161 -0.007404
1.310465 0.237805 0.571485
-0.540222 2.196921 -0.009663
-0.396189 2.468470 0.004510
-0.863552 2.625941 0.005014
-2.265513 2.697624 -0.008510
-2.572502 2.996395 -0.008639
-2.736086 -1.408051 2.997011
0.513906 -2.314078 2.997006
0.217256 -2.472908 2.989485
2.242121 -2.927755 2.985684
2.250894 0.604188 0.009055
2.216334 0.388057 0.001094
1.267614 0.602431 0.008559
0.286142 0.490371 0.000563
0.494434 0.615757 0.000346
0.108745 0.716395 0.003311
-1.475818 0.953920 -0.007543
-1.788743 -2.923097 2.997613
-2.140228 -0.270771 -0.029761
-2.804111 -0.401448 0.092590
-2.723459 -0.250289 -0.034835
-2.501229 -1.211247 -0.016666
-2.995296 -1.272777 -0.031439
0.125743 -1.296161 -0.022690
-0.433481 -1.410335 -0.024125
-0.416671 -1.195232 -0.018439
-0.898504 -1.508461 -0.022327
-0.824244 -1.285527 -0.020536
-1.482144 -1.628790 -0.024758
-2.220822 -1.782233 -0.028024
-0.375174 -1.211483 -0.027659
-0.953300 -1.227047 -0.027772
-1.273005 -1.408759 -0.036553
-2.274923 -1.888622 -0.049611
-2.735981 -1.994322 -0.057276
-1.433505 -1.140483 -0.030612
-2.870585 -1.383821 -0.028455
-1.958166 -0.568762 -0.020979
-2.022337 -0.787855 -0.026205
-2.401333 -0.819895 -0.022629
0.389218 -0.037742 -0.017501
0.043675 -0.009753 -0.025465
-2.957110 -0.340734 -0.041049
-2.826029 -0.191703 0.289414
-2.888765 -2.901703 2.791516
2.892426 0.719521 -0.009841
-0.303189 1.029091 -0.015323
-1.051677 1.214696 -0.018087
-1.887501 1.164971 -0.031349
-2.293980 1.256015 -0.030249
-2.547565 1.480845 0.066961
-2.348393 1.468572 0.248921
0.159435 2.857153 0.006698
0.095572 1.834212 -0.006811
-0.447441 2.392615 -0.011379
-0.358445 1.998837 -0.006205
2.084043 -2.157729 2.999771
2.944067 2.518596 0.346725
-2.651097 2.128786 3.054406
1.941685 -1.532125 3.008852
2.495968 -1.795839 3.017419
2.955120 -1.691571 3.033628
2.547943 -2.024183 2.995895
2.357130 -1.539462 3.004877
2.263800 -1.580637 2.992986
2.960001 -1.782999 3.028014
2.902629 2.705647 1.096836
2.908640 2.719119 1.472625
2.584319 2.425555 0.388336
-2.677047 0.821647 3.035259
0.947139 -1.708289 2.998636
2.063209 -2.251253 2.984297
2.710709 1.674679 -0.004999
2.861319 0.641765 0.380398
2.655012 2.303975 0.002484
0.037395 2.211396 -0.006090
-0.653686 2.706493 -0.001837
-0.959743 2.617347 -0.006552
-1.234105 2.959084 -0.003493
1.058114 0.914006 0.000007
-0.309597 0.987673 -0.012416
-1.379626 1.230253 -0.018836
-0.970166 1.235198 -0.008365
-1.906163 1.274296 -0.011788
-1.870620 1.418442 -0.010431
-2.965437 1.588691 -0.007141
-2.593721 1.535969 -0.034065
-2.508463 -2.333411 2.997255
0.144952 -2.632030 2.995733
0.646036 -2.811898 2.995865
0.107240 -0.099702 -0.015894
0.245707 -0.040509 -0.013654
-2.754409 -0.239715 0.199007
-0.953061 -0.865705 -0.039934
-1.892563 -0.960105 -0.046537
-2.986867 -1.148408 -0.034899
-1.315262 -1.448459 -0.027016
-2.311132 -1.676637 -0.022421
0.190935 -1.368255 -0.027626
-0.823313 -1.191106 -0.042110
-1.347981 -1.756340 -0.046236
-1.235466 -1.827340 -0.038787
-1.749012 -1.788751 -0.044987
-2.353671 -2.115801 -0.051333
-2.841062 -2.243013 -0.056234
-1.386536 -1.285411 -0.046905
-2.130053 -1.580945 -0.038704
-2.926995 -1.564609 -0.041141
-1.008709 -0.866507 -0.043555
-1.551266 -0.940305 -0.042584
-1.034779 -0.770711 -0.042055
-1.336642 -0.794037 -0.043905
1.302413 0.205089 0.410915
-0.164690 0.291235 -0.017434
-0.794343 0.800381 -0.015979
-1.530787 0.669960 -0.014679
0.570619 1.839224 -0.000357
0.661925 1.291079 -0.005406
-0.052334 1.733586 0.003101
-0.537101 2.211484 0.004015
-0.284758 1.280723 -0.009630
-0.780878 1.405723 -0.006263
-1.623784 2.265246 0.003184
-1.323066 1.859524 -0.006902
-2.404280 2.941378 0.005878
-1.391174 1.568559 -0.002871
-2.469949 2.228009 -0.001060
-2.175415 1.799718 -0.002305
-2.986413 2.405388 -0.003754
-2.165974 1.490799 0.208611
-2.295233 -1.167734 2.795489
2.940719 2.802639 0.030924
-0.081139 1.628589 0.616081
2.309564 -2.255670 2.988744
-0.073180 1.619165 1.423447
-2.111519 0.829693 3.045063
2.463477 -2.107730 2.955954
2.917918 2.709126 0.872844
-2.651756 2.927119 3.076492
1.843332 -1.579646 2.995757
2.310127 -1.538789 2.996925
2.138206 -2.153131 2.984330
2.888158 2.812322 0.048705
2.915434 2.676288 0.488731
0.395659 -1.838439 2.993037
0.584306 -2.067190 2.993969
-1.001723 1.644879 -0.003121
-1.213207 1.834107 -0.010083
-2.295195 1.732912 0.297389
-2.015182 2.142097 0.004253
-2.692310 2.252945 -0.011296
-1.731197 2.137282 0.004999
-2.084640 2.232660 0.002209
-2.431427 1.589922 0.296630
2.235957 -2.841499 2.987582
2.644473 -2.721031 2.977588
0.672541 -0.407667 -0.014099
-1.970318 -0.731061 -0.028156
-2.544102 -0.789086 -0.030963
-2.377281 -0.764708 -0.031826
-2.812807 -0.807204 -0.029594
-1.320989 -1.358886 -0.030534
-2.265451 -1.594935 -0.021004
0.127015 -1.194789 -0.022155
-0.257157 -1.464668 -0.037174
-0.772362 -1.678212 -0.047757
-1.222163 -1.725537 -0.044127
-1.742638 -1.851108 -0.041264
-2.664471 -1.996804 -0.056477
0.166996 -1.523539 -0.030851
-0.197000 -1.629844 -0.039215
-1.738981 -2.118713 -0.043462
-2.148600 -2.241126 -0.053217
-2.601033 -2.382159 -0.058913
-1.659198 -1.479212 -0.033294
-2.447577 -1.118702 -0.045714
-2.796228 -1.753674 -0.028893
0.598218 -0.409861 -0.013870
-1.351192 -0.969585 -0.041468
-1.968963 -0.841156 -0.035471
-2.343791 -0.885578 -0.035123
-2.683207 -0.687328 -0.036426
-0.210158 0.284282 -0.017696
-0.107402 -0.088201 -0.027078
-1.105629 0.346063 -0.021182
1.785258 -1.251440 0.854116
-0.426888 0.975080 -0.012995
-0.616875 1.254570 -0.014696
-0.804573 0.812301 -0.020186
-1.248825 1.147343 -0.022120
-1.088760 0.859537 -0.020652
-2.151595 1.618519 -0.016980
-2.323063 1.950788 0.004462
0.569472 1.914847 -0.004415
-0.207328 2.157952 -0.003103
-0.822588 2.759242 0.001745
-0.711473 2.337706 -0.001982
-1.127143 2.893031 -0.001273
2.590353 2.440112 0.603615
2.859487 0.652865 0.992483
-2.499615 1.177044 3.046354
2.749439 -2.151296 3.021090
1.930769 -1.407552 3.001615
2.517257 -1.709129 3.016294
1.836644 -1.181173 3.018315
2.327626 -1.430660 2.999774
2.520895 -1.676647 3.028225
2.976124 -1.829825 2.889022
2.871069 0.805181 1.360554
2.226097 -1.491471 3.011561
2.611192 -1.962742 2.941007
2.897185 2.750090 0.779749
-2.174084 1.413569 3.044801
2.984115 2.313866 -0.005954
1.295078 0.254291 1.094679
-2.709056 0.349958 3.022346
0.044060 1.771932 0.000341
-0.377259 2.085233 -0.005502
-0.642210 2.452864 0.015172
-2.230076 2.718716 -0.005253
-2.882824 2.795718 -0.004521
2.214073 -2.497427 3.004909
-1.744987 0.765960 -0.013325
-1.924864 0.851821 -0.024868
-0.474635 -1.012965 -0.032165
-0.883703 -1.062863 -0.027235
-2.335948 -1.321347 -0.042361
-2.786703 -1.400089 -0.040463
-0.264210 -1.536342 -0.030374
-2.229785 -1.902565 -0.036038
-2.718442 -2.024058 -0.044850
-1.878579 -1.492280 -0.022417
0.036155 -0.221947 -0.021395
-0.368533 -0.044871 -0.021325
-1.465175 1.124770 -0.018673
-2.068797 0.981865 -0.020275
-2.613677 1.363085 -0.019537
-2.983165 1.409612 0.004101
-0.461108 2.083109 0.003101
-1.034278 2.620406 0.016288
-1.704482 1.906932 -0.003517
-2.030318 2.342193 -0.002534
-2.180880 1.627293 0.305807
1.750095 -0.995473 1.380533
2.920981 2.618407 0.579933
2.863519 2.970778 0.119048
2.963913 2.548633 -0.008202
2.505237 2.443879 -0.001105
1.270798 2.630566 -0.011846
1.547356 2.532363 -0.002749
2.060376 -1.664513 3.003380
2.692307 -2.133491 3.017430
1.974098 -1.363752 3.002345
2.364806 -1.333100 2.996029
1.978164 -1.371269 2.999230
2.083658 -1.676361 2.995099
2.898870 2.721829 0.939071
1.450317 -1.565783 2.998743
2.582530 -1.936828 2.960481
1.300037 0.226967 1.339657
0.409759 -1.061164 2.997254
0.576736 -1.278342 2.994054
1.021051 -1.535713 2.996170
1.675604 2.338403 -0.002648
0.640566 2.317286 -0.011852
-0.595059 2.825270 0.016110
1.319876 0.261240 0.989501
2.126408 -2.186019 3.010795
2.783075 -2.610482 3.017875
1.140326 1.178260 0.002477
1.221297 1.066516 0.002508
0.640278 1.236649 0.001835
1.297482 0.201118 0.394638
-1.095443 1.540834 0.003294
0.963829 0.052361 -0.015576
0.555862 0.061628 -0.013034
-0.655634 0.197899 -0.019961
-0.210813 0.179030 -0.014589
-2.530998 -0.875408 -0.036315
-2.201064 -0.812941 -0.029356
-1.789430 -1.490579 -0.031008
-2.314420 -1.589012 -0.029315
0.036404 -1.139299 -0.018777
-0.744849 -1.598613 -0.031354
-2.667630 -2.001271 -0.054035
-1.988824 -0.904040 -0.047521
0.673240 0.470880 0.002131
-0.630380 0.654600 -0.015270
-0.489550 0.050768 -0.026772
-1.481498 0.783825 -0.020471
-1.762372 0.579338 -0.020747
-2.172632 0.632408 -0.025811
-1.826146 -2.660740 2.999242
0.318358 -2.759068 2.999834
0.641525 -2.763924 2.995994
2.366611 -2.808694 2.986051
0.653325 1.302086 -0.000532
-0.648532 1.176286 -0.008849
-2.021086 2.421108 -0.001056
-1.262731 1.320001 -0.008002
-2.147987 1.800534 0.017962
-2.938119 2.758253 -0.004774
-2.987050 2.378561 0.016588
-2.271288 1.495669 0.048459
-2.921049 1.691735 0.027099
2.773584 -2.430423 3.005369
2.504865 2.431644 0.017317
-0.280869 2.952135 -0.011822
2.930792 2.644381 0.609156
2.588428 2.437192 0.520247
2.869474 0.779306 0.927668
2.100133 -1.661895 3.012030
2.614085 -1.523652 3.023465
2.630564 -1.838165 2.978703
2.913464 2.667483 0.856424
2.403009 -1.290171 3.002041
2.896184 2.618814 1.252687
1.920196 -1.011166 3.017812
2.024202 -1.298035 3.000782
2.377298 -1.253814 2.992359
2.593997 -1.476517 3.025757
2.878544 0.800226 1.284011
0.987365 -1.151075 2.998045
1.214495 -1.297036 2.994486
2.892931 2.708348 0.023892
2.393072 2.721056 -0.001183
2.176414 -1.979894 2.970157
2.325186 -2.320496 2.997586
1.939702 1.699682 0.002733
0.094429 1.625617 -0.004668
-0.277499 1.866692 0.002093
-0.545132 2.194858 0.005019
-2.740484 2.731226 -0.010886
-2.975228 2.998019 0.006710
2.368001 -2.679443 3.001636
-2.902318 0.992891 -0.038401
1.659224 -0.557110 0.000554
-1.788096 -1.022233 -0.020516
-2.388684 -1.112335 -0.018250
0.226091 -1.275230 -0.012066
-0.297144 -1.284759 -0.020177
-0.290897 -1.125513 -0.006094
-0.781496 -1.398053 -0.026832
-2.881059 -1.226875 -0.044965
0.015115 0.129116 -0.020800
-0.070747 0.676506 -0.016138
-0.413858 -0.204405 -0.030443
-1.201493 0.198453 -0.020154
-1.223347 0.417955 -0.024935
-2.814103 0.577223 -0.036244
2.472397 0.699937 0.045946
-0.756536 1.225919 -0.008642
-1.630792 1.206736 -0.024196
-1.538052 0.936581 -0.020767
-2.958389 1.475603 -0.003973
-2.692398 -1.334691 2.802171
-0.560606 2.095485 -0.000176
-0.930027 2.886644 0.008595
-0.283433 1.988816 0.001403
-0.868266 2.534710 0.000199
2.925189 2.587040 0.456571
2.871625 0.808014 0.945385
-0.080083 1.619454 1.183778
2.158515 -1.449590 3.002668
2.927756 2.670538 1.101246
2.653400 -1.429575 3.024152
2.384829 -1.230517 3.000765
2.013102 -1.194720 2.999539
2.470372 -1.168811 3.008395
2.639030 -1.393715 3.027255
2.734792 -1.743014 2.947555
2.908830 2.751314 0.964583
1.071092 -1.403069 2.997050
2.780351 -1.830546 2.941983
2.768058 -2.026604 3.022727
2.697147 2.241927 0.013051
2.869815 0.741081 0.158177
1.340923 1.951622 -0.001273
-0.770951 2.989214 0.004377
-0.068789 1.411461 0.726439
0.322190 1.224003 -0.007227
-1.647363 1.488104 -0.016842
-2.903771 -1.736320 2.998500
-2.066447 0.334746 -0.031524
-2.670423 0.354737 -0.030734
0.593385 -0.336601 -0.015280
0.141612 -0.384627 -0.017015
-1.166209 -1.315806 -0.038128
-2.759314 -1.592620 -0.014944
-2.435939 -1.238726 -0.040353
0.668525 -0.299662 -0.020235
-1.970230 0.297136 -0.030187
-2.380953 0.318054 -0.027972
-2.764678 -2.712580 2.784942
-0.558355 0.926980 -0.010289
-1.186626 1.281681 -0.009182
-1.048638 0.587380 -0.014181
-2.821796 1.390812 -0.022349
-0.623361 2.552305 0.011092
-0.908544 2.679831 0.009794
-0.630503 2.252129 0.009005
-2.993995 2.523902 0.010709
-2.868700 -0.356175 2.880770
2.760882 -1.951895 3.013052
2.952436 -2.283519 3.029588
2.779131 2.128144 -0.001362
2.511335 2.150805 -0.002985
0.554209 2.846790 -0.011137
2.649490 -1.643913 2.990016
-2.847352 2.654731 3.056118
2.061732 -1.079436 3.007510
2.905048 2.532069 1.256964
2.882748 2.714845 1.166966
2.200013 -1.418986 2.999069
2.571137 -1.666539 2.944307
2.889879 2.555963 0.539465
-2.055780 1.985375 3.050253
-2.875532 2.936126 3.059171
-1.068029 0.937692 3.038818
2.821530 -1.817385 3.018514
1.298412 0.217065 1.355876
2.147346 -1.771105 3.002528
2.795480 -2.295159 2.967859
2.867148 -2.652559 2.999482
-1.549755 1.104973 -0.018481
-2.473721 1.301251 -0.024158
-2.288611 1.309853 -0.019683
-0.384829 0.083195 -0.015411
-0.835186 0.044666 -0.017068
2.851085 -2.979161 2.999627
-2.290444 -1.296902 -0.041326
-0.915524 -0.239083 -0.031019
0.674507 0.395312 -0.009685
-0.944952 0.612601 -0.020184
-0.793607 0.143345 -0.019956
0.185881 -2.987261 2.997390
-1.641299 1.187785 -0.016238
-2.161710 0.788103 -0.025979
-2.073967 1.545856 -0.020693
-2.703821 1.603455 0.054024
2.877025 0.808810 0.218992
-0.750705 2.257652 0.003838
-0.465604 2.145954 0.001582
1.412570 2.615768 -0.001231
0.376219 2.821592 -0.010017
2.336920 -1.853197 2.996289
2.159162 -1.373403 3.005923
2.712035 -1.611229 2.974831
2.660701 -1.263144 3.011790
2.899791 2.703249 1.370889
2.218060 -1.235185 3.011604
2.720146 -1.467200 2.926384
2.899146 2.702706 0.817563
2.409220 -1.407719 2.997459
2.885556 0.803038 1.009444
-2.963348 2.766327 3.074292
2.351388 -1.937006 3.010294
1.264626 -1.663277 2.999831
2.835129 -2.165072 2.989108
2.839352 0.921636 0.101348
2.455633 -2.467227 3.001212
-0.071925 0.747029 -0.014562
-0.302874 0.823045 0.004920
-0.890118 0.940546 0.003477
-1.393038 1.107465 -0.005771
-0.911328 1.003708 0.012548
-2.622061 1.292279 0.001637
-2.552194 1.313859 0.001907
-2.623776 -2.172179 2.999756
1.318646 -2.423981 2.999478
-0.814117 0.154859 -0.008981
-1.817321 0.250877 -0.016767
0.796783 -0.236181 -0.002598
0.350748 -0.262555 0.000877
-2.837914 0.063982 -0.020467
-0.918041 0.589000 -0.013420
-1.311694 0.424376 -0.015868
-2.422174 0.038649 -0.032079
-2.477067 0.767717 -0.021044
-0.776495 1.169516 -0.006078
-2.581685 1.046237 -0.022912
0.630221 1.757223 0.001553
-0.232542 1.785571 0.069508
-0.963131 2.708543 0.010200
-0.868020 2.386727 0.003278
-2.866028 -0.291055 2.894851
2.328311 -2.175826 2.997139
2.869870 0.804444 0.769476
2.872223 0.807543 0.376497
0.008272 2.974637 -0.000009
-2.959542 1.142876 3.035602
-2.736812 0.789957 3.043750
1.736021 -1.564349 2.999214
2.336880 -1.452226 3.000883
2.711442 -1.556602 2.976765
2.374063 -1.141857 3.016307
2.916193 -1.416507 2.945077
2.876791 0.777071 0.783491
2.271078 -1.184491 3.005950
1.941081 -1.147814 2.999702
2.383469 -1.764401 3.011643
2.430672 2.306799 0.016176
0.855162 -1.525708 2.999004
0.384743 -1.393959 2.997270
2.297529 -2.191325 2.986956
2.773374 -2.116205 2.976352
0.278574 1.747064 -0.000533
1.851527 -2.233213 2.996943
2.822320 0.176839 0.000051
2.889303 0.589223 -0.008609
0.433412 0.891157 -0.003080
-2.715177 1.493508 -0.017704
-2.125045 -2.360840 2.990803
0.333435 -2.611554 2.999230
0.779983 -2.549491 2.989389
0.334806 -2.934406 2.995758
1.331573 -2.926984 2.997413
-0.134943 0.449639 -0.008104
-2.129914 0.365823 -0.019093
-0.306727 0.114238 -0.020580
-0.702164 0.012418 -0.020066
-1.729143 0.026263 -0.021191
-2.169261 0.031389 -0.021726
-0.792908 0.921489 -0.018620
-2.055298 0.821227 -0.017877
-2.532258 0.876889 -0.018579
1.371975 0.847758 0.000641
0.134268 1.607960 0.005809
1.925199 -2.606705 3.004635
-0.893014 2.806074 0.021835
-0.813847 2.475050 0.017482
-1.254333 2.978940 0.022328
2.446527 2.117395 0.003034
1.916895 -1.267296 3.020585
1.939929 -1.740636 3.010587
2.335973 -1.870526 3.006764
2.883665 -2.039189 2.980712
2.893974 2.702198 0.105149
2.857402 -1.395255 2.967409
2.300811 -0.688469 3.014457
2.891373 -1.209322 2.976002
2.805231 -0.791934 2.999045
2.891634 2.664813 1.397657
2.937932 2.597656 1.307710
2.297310 -1.339051 2.988247
-1.766179 2.778989 3.068227
-1.476655 2.381529 3.060021
1.672559 -0.971995 2.998743
2.879523 0.847840 -0.012798
2.792220 1.233035 -0.003933
0.744485 -1.631743 2.996587
1.298233 0.243267 0.644752
-2.195020 1.694449 0.295004
-0.173831 0.794062 -0.002973
-1.273661 0.993338 -0.014833
-0.524231 0.515852 -0.006661
-2.219148 0.622104 -0.011602
0.884633 0.261280 0.015080
-0.490639 0.582512 -0.011516
-1.278433 0.275670 -0.025291
-2.045908 0.601104 -0.019006
-1.094936 1.011053 -0.022036
-1.079126 0.642960 -0.012112
0.945679 1.236981 0.000659
-2.146923 1.738554 0.193483
-2.254879 1.468314 -0.011115
0.762977 -2.407176 2.993671
-0.368835 2.131438 0.005145
2.140492 -2.250151 2.991001
2.948949 1.582317 -0.008229
2.554194 1.773496 -0.012274
1.311514 2.446859 -0.012305
-0.169357 2.748155 -0.013674
-0.088271 2.431029 -0.010962
-0.486154 2.920175 -0.015301
-1.137178 2.947146 -0.012439
-0.297290 1.298783 0.919892
-2.713739 0.427367 2.874625
-2.775781 0.887095 2.838803
2.298078 -1.912958 3.010878
2.725544 -1.996243 2.970956
2.994402 2.987596 -0.006020
2.906757 2.710257 -0.001802
2.475005 2.410028 -0.009914
2.358764 -1.149484 2.999527
2.815297 -1.651987 3.023199
2.784032 -0.646925 2.999676
2.114530 0.017271 3.024133
2.887908 0.800899 1.424145
2.768164 -0.957722 3.025564
2.265362 -1.163612 2.975534
2.915766 2.660222 0.322101
1.417264 -1.692104 2.999599
1.781475 -1.671692 2.999697
1.946023 -1.652712 3.004666
2.816186 -1.952612 2.989513
-0.133437 1.852580 0.003956
-0.385930 1.928615 0.007140
0.823613 -1.824517 2.995605
1.242350 -1.850421 2.998168
2.244113 -2.578536 2.994279
-2.027869 1.307254 -0.004115
-2.231125 -2.131543 2.998925
-2.291186 0.702510 -0.030697
-2.558038 -2.760378 2.986385
-2.193720 -2.788450 2.991196
-1.876705 -2.817134 2.996485
-1.279834 -2.853929 2.994094
-0.371913 -2.921366 2.998362
0.940775 0.222468 0.055043
-0.744827 0.416008 -0.013428
0.761025 -2.865222 2.989935
0.089174 0.532814 -0.016027
2.688554 -2.463606 2.991970
0.820942 1.268559 0.001773
1.088483 1.768304 -0.007022
0.523556 2.234092 -0.002849
0.562611 1.799129 -0.012400
0.095461 1.769101 -0.012724
-0.454373 2.216011 -0.011877
-0.485067 2.727836 -0.004021
-0.803036 2.365975 -0.015077
-1.588966 2.967988 -0.001748
-2.739927 0.360609 2.885361
2.278140 -1.528948 3.005128
2.798452 -1.421373 3.002226
2.912752 2.746933 0.429258
2.638192 -1.270513 2.997905
-0.311756 2.845356 3.080982
2.749882 -1.097113 3.001290
2.892710 2.607512 1.115740
2.753644 -1.192952 2.921295
2.691615 0.499828 1.352605
2.852593 -1.461886 3.023770
2.885354 2.572351 0.266913
2.278509 -1.730749 3.001799
2.811139 -1.813592 2.955182
2.967839 -1.795040 2.947072
-0.789907 2.478236 0.012156
-1.628420 2.848384 0.015698
-1.487576 2.855099 0.012261
0.141210 1.224337 -0.001158
0.834939 -2.035470 2.998046
2.270332 -2.438002 2.992214
0.029971 0.432812 -0.008458
-0.540263 0.814925 -0.009839
-2.819448 -2.553733 2.997254
-0.008840 2.120836 -0.005144
-0.272494 2.227941 -0.003525
-0.896460 2.485579 -0.000413
-1.282723 2.652208 -0.003867
2.375189 2.009106 0.000436
-0.006406 2.621123 0.004202
-2.952477 1.251614 2.831888
-1.858597 1.879125 3.070887
2.805026 -1.070785 2.989717
2.919264 -0.949421 2.980995
2.720924 -0.384976 3.007526
2.818549 -1.361004 3.011782
2.347266 -1.035968 2.982575
2.410087 -1.423558 3.013826
1.870521 -1.299077 2.997897
2.809305 -1.660352 2.938581
-2.932805 2.580217 -0.023612
1.203670 0.091446 0.162502
-1.379960 0.277843 -0.024608
-2.799178 -0.073653 0.305830
-1.586080 -2.932892 2.995160
-2.461589 1.078839 -0.026936
-1.536392 1.864500 -0.024675
0.775451 -1.777998 2.999887
-0.285712 2.348681 -0.005487
-2.587442 0.599183 2.839810
-0.921070 -0.106269 2.804596
2.361537 -1.376405 3.008537
2.924208 2.745259 0.560106
2.783280 -0.903698 2.987601
2.916054 2.727072 1.224608
2.936282 -1.027980 2.936451
2.446429 -0.972959 2.984550
2.900483 2.634630 0.270676
2.400593 -1.683205 2.988996
2.886709 -1.703713 2.996456
1.050265 1.713916 0.000502
-0.962680 2.443978 0.008465
-1.376773 2.599873 0.008182
-1.711408 2.781648 0.010410
0.402824 -1.678074 2.999053
0.019125 1.275354 -0.008686
-0.423345 1.326738 0.005034
-1.705432 -2.017433 2.999889
2.839562 -2.460882 3.012365
-2.448436 0.877402 -0.023494
-1.580223 -2.696730 2.993757
-0.102273 -2.717635 2.999611
2.882095 -2.778805 3.008359
-2.387158 1.251089 -0.027684
2.483069 0.603427 0.112898
1.098459 1.295590 -0.006911
-0.389748 1.258442 -0.024821
1.898918 -2.143595 2.999550
2.918634 -2.332831 3.001702
-1.030113 2.408914 -0.004462
-0.072891 1.635567 0.343708
2.301812 2.154746 -0.003122
0.494817 2.828911 -0.000317
2.980633 -1.325606 3.014468
2.935695 -1.611994 2.963484
2.877636 2.953206 0.024990
2.882490 -0.968661 2.992390
2.899827 2.575515 1.456269
1.740183 1.111819 3.036266
2.805322 -0.343025 3.020619
2.909783 2.709520 0.719647
1.415736 -0.974751 2.999930
2.181527 -1.204650 2.997136
2.499404 -1.351339 3.016332
0.042364 1.670207 0.000273
-1.952836 2.095637 0.001404
-2.496461 2.221912 0.001309
0.344798 -2.034196 2.996197
2.987277 -2.490212 3.009617
1.284291 0.234508 0.561005
0.491513 -2.478924 2.998756
-2.489641 0.666031 -0.020017
-2.027228 -2.802137 2.999156
1.206243 0.085390 0.245585
-2.921454 1.092636 -0.024213
-0.658428 1.464028 0.049880
-1.165701 1.616125 -0.002720
0.509343 -2.239476 2.996609
1.498985 -2.377391 2.998751
0.039507 2.013466 -0.014768
-0.503273 2.422959 -0.011517
-0.477154 1.932038 -0.018890
-1.161065 2.644564 -0.012575
-0.835531 2.284005 -0.024582
-1.548231 2.774660 -0.013192
-1.989254 2.925936 -0.014607
1.376559 -1.831785 2.999059
-0.387184 2.881837 -0.000443
-2.579127 0.397488 2.860678
-2.393538 0.524838 2.829270
2.457471 -0.893268 3.010178
2.896440 2.706551 1.409308
2.910450 2.629918 1.430723
2.942520 2.734665 0.601328
2.981850 -1.413529 3.022762
1.142681 -1.432012 2.999132
1.437108 -1.439105 2.999841
1.977304 -1.714994 2.998658
2.517491 -2.111044 3.002574
2.879972 0.806917 0.446349
-0.576298 2.304458 0.004080
-1.178181 2.444557 0.007865
-0.443897 -1.735792 2.996696
2.870955 0.692748 0.125077
-2.017408 -2.422171 2.994236
-1.390933 -2.474964 2.997591
2.499537 0.588786 0.156491
-0.563074 0.445153 -0.011110
1.563678 -2.827793 2.989896
-0.460270 1.212848 -0.001206
2.877261 0.809295 0.545241
-2.652268 2.143266 -0.017544
0.924957 -1.992361 2.993934
-0.753400 2.657249 -0.001495
-0.382892 2.276625 -0.006315
-0.081736 1.607497 0.428939
2.474938 -1.768352 2.993885
2.972445 -1.518589 2.965589
-0.985635 0.276815 2.844028
1.906039 -1.173734 3.002753
2.102372 -1.258165 3.011709
2.505434 -1.371782 3.011492
2.970822 -0.875916 2.974558
2.889850 2.629848 1.008792
2.905969 0.815855 1.159674
2.484172 -1.004658 2.990089
2.975853 -1.264204 3.030774
-1.092115 0.132244 3.065918
1.638214 -1.345425 2.994134
-0.410344 2.378561 0.003336
-1.163951 2.739144 -0.001438
-2.088645 2.933321 0.012828
1.011829 -1.780639 2.999401
2.533989 -2.067541 3.016505
-0.063921 1.381837 -0.003874
-1.093901 1.462887 -0.001756
-2.076108 1.611110 -0.047539
-1.712255 1.538446 -0.004509
-1.885926 -2.177983 2.996014
0.615746 -2.373172 2.990921
1.600308 -2.439651 2.991433
0.054999 0.797599 0.000554
2.566344 -2.459150 3.016134
-0.712440 0.372541 -0.013344
-2.969598 0.142061 -0.020094
-2.867199 -0.210445 0.170185
-1.633072 0.835779 -0.025286
-1.810258 1.572989 -0.016858
-2.100461 0.852890 -0.030697
-2.627996 0.869422 -0.033281
1.608316 -2.272748 2.996032
-0.615361 2.113898 0.010066
-2.728576 2.357348 -0.007396
2.158545 -1.861931 3.009241
2.552131 -1.931646 3.019871
-2.907306 0.831040 2.875145
-1.021461 -0.111157 2.827932
2.008415 -1.357921 3.015829
2.563796 -1.497278 2.990039
-1.778706 2.967593 3.058780
2.905985 2.739636 1.373342
2.415887 -0.866633 2.984855
2.479368 -1.608356 3.001573
0.287059 2.493729 -0.002119
-0.662940 2.894881 0.002264
-0.400963 1.295509 0.208478
2.560472 -2.212592 3.012601
2.480280 0.592671 0.012788
-2.562704 -2.292151 2.993794
-2.110411 -2.289586 2.986621
-2.425448 -2.708570 2.991665
-2.003138 -2.693701 2.987918
-1.200475 0.323896 -0.012181
2.048527 -2.949719 2.989310
2.575455 -2.923135 2.998832
-2.647288 0.625233 -0.038412
-2.992471 0.858453 -0.026979
-2.413849 -2.222132 2.997664
-2.986396 2.181576 0.013441
2.558534 -1.895244 3.018263
-0.632234 2.626666 0.022878
-0.904154 2.233548 0.011827
2.506496 -1.514433 2.997345
-2.246214 1.259290 3.045104
2.253624 1.977479 0.935160
-2.102118 2.886361 3.067504
2.836317 -0.852294 2.983534
2.898330 2.659764 0.719391
2.461463 -0.658412 2.990102
2.906144 -0.771535 2.938581
2.328121 1.906035 0.744635
2.188475 2.134533 -0.000282
2.438133 -1.501400 3.008528
-0.481295 1.869125 -0.002550
1.531458 -1.834562 3.003125
-0.824994 1.047038 -0.002658
1.008992 -1.931087 2.999391
1.566993 -2.197206 2.991149
1.952335 -2.205735 2.992558
-1.871336 0.367224 -0.029589
-1.328845 -2.773539 2.999849
1.289436 0.257986 -0.010360
-1.255807 0.552671 -0.021114
-2.606066 0.086482 -0.046028
-2.913030 -2.585753 2.998123
0.148217 1.306088 -0.005927
-2.123878 1.578714 -0.039375
-0.713523 2.133441 0.004536
-1.028964 2.447963 0.006762
-1.818074 2.669410 0.004099
-2.647135 2.069618 -0.011204
-2.984764 2.400929 0.010658
-2.367188 1.699605 0.287044
2.206197 2.155505 0.008100
-1.242053 0.374826 2.860804
2.959025 -1.288453 2.980174
2.293086 1.903244 0.748162
2.909608 2.572895 1.010850
2.860891 -0.640801 2.996165
2.400929 -0.733546 2.992720
2.877039 0.695085 1.232545
2.912996 -1.352178 2.974875
0.542152 -1.366086 2.995177
2.857663 0.863228 0.030964
1.100900 1.265407 0.008735
-1.262483 1.414898 0.001437
1.942941 -2.101886 2.998382
2.284269 0.459077 0.001738
-0.785703 0.241244 -0.016246
-2.795768 0.055146 -0.008326
-2.157893 -0.005399 -0.035369
-2.864377 -0.379742 0.297546
-1.256689 1.443914 -0.010028
-0.651770 1.982535 0.000240
-1.546457 1.716561 -0.015930
-2.924787 2.183357 -0.007559
-2.217269 1.508555 0.277369
0.942001 -1.506469 2.996116
2.135686 2.181109 0.018469
-0.417389 2.839915 0.018882
-1.050402 2.827913 0.007966
-1.949058 2.846402 0.008180
2.429782 -1.265414 2.995182
2.264479 1.936716 0.374386
-2.460833 1.800936 3.057356
2.257760 1.971597 1.299112
2.852479 -0.516199 2.975145
2.995753 -0.559293 2.948489
2.302361 1.905859 1.047478
2.909420 2.739309 0.272869
2.291286 1.944779 0.677348
2.211709 2.231672 0.007646
-0.121587 1.660568 0.908106
-0.304714 1.833189 -0.002229
-2.948494 2.361134 -0.001430
-2.471080 2.154027 0.003616
0.855996 -1.310297 2.997262
0.929031 -1.668541 2.982728
0.222794 0.638301 -0.009494
-0.261169 1.027951 -0.002666
-2.045751 -2.240882 2.990202
-2.166379 0.417046 -0.024638
-1.689748 -2.459148 2.989337
-1.477901 -2.732292 2.996593
-1.128288 -2.805292 2.990700
-0.094595 -2.722032 2.995310
-2.842694 -0.335639 0.312732
-2.773662 0.687998 -0.032427
-2.172005 1.517316 0.015270
-2.641667 1.549175 0.035624
-1.227673 -0.229224 2.849535
2.146138 2.283524 -0.000059
2.292458 1.910285 0.298878
2.955090 -0.448463 2.997667
2.308637 1.913154 1.432550
2.301609 1.940472 0.957400
2.463513 -0.710734 3.022037
2.848805 -1.104585 2.967499
-0.197515 2.428033 0.012052
-1.812008 2.884903 0.016110
-1.548784 2.788583 0.004606
0.489807 -1.125025 2.998269
2.892145 -1.491102 2.996538
0.947301 1.335427 0.005092
-2.138491 1.660530 0.099357
0.431380 -1.489591 2.999394
0.904606 -1.420058 2.999937
0.959614 -1.815991 2.991990
-0.164015 0.929590 0.006397
-1.053063 0.933015 -0.000400
-1.451145 -2.522415 2.997878
0.484334 -2.572807 2.991983
-1.666228 0.586877 -0.019230
1.483255 -2.517286 2.995641
2.269664 0.583947 0.000392
-2.704049 0.582559 -0.020578
-1.622213 1.379477 -0.018360
-2.153168 1.751541 0.091862
-0.722582 2.360860 0.016733
-1.364245 2.766816 0.020705
-1.936589 2.680139 0.016719
1.781535 -1.271007 2.999410
2.784778 2.066818 -0.003964
2.737923 1.929963 -0.004725
2.222678 2.015004 0.326068
-2.890847 1.197605 2.818515
-2.827105 1.336633 2.812088
2.204791 2.064614 1.058913
-1.027576 1.561893 3.051177
2.889030 2.696950 1.464359
2.271096 1.954193 1.069633
2.492948 -0.382037 2.997593
2.883779 2.678622 0.262917
2.234689 1.972873 0.172720
1.474159 -1.080522 2.999691
-1.497730 -1.236653 2.999182
0.873868 -1.415438 2.994886
1.465224 -1.389937 2.996533
-0.225687 1.141101 0.001442
-2.712712 1.290709 -0.009684
1.975559 -2.381154 2.990221
-0.771936 1.046301 -0.020655
-1.107569 1.401872 -0.006818
-1.721107 1.677049 -0.011241
-2.530833 2.035803 -0.010800
-1.431204 2.741557 -0.006861
-2.596005 0.657250 2.838861
-2.648093 0.809567 2.824266
2.242097 2.014105 0.953666
2.982720 -0.381646 2.933611
2.912770 2.755800 0.352667
2.249695 2.002922 0.794601
2.501697 -0.941698 2.989316
-1.220497 2.383885 0.004338
-1.121228 -0.422723 2.999781
1.930828 -1.257567 2.998605
0.395963 0.856169 0.001644
-1.049919 1.383785 0.008121
-0.639560 0.792165 -0.003718
-1.526692 -2.369410 2.991005
0.490883 -2.233746 2.992378
2.488983 0.579059 0.278607
1.671086 0.956065 0.000765
1.348495 0.745192 0.002568
0.369089 0.502050 0.000463
0.254560 0.679448 0.000391
1.296839 0.201728 0.440909
-0.159062 1.058025 0.001783
-0.561748 0.690185 -0.003544
2.950466 -1.563302 3.009883
-1.037751 1.371614 -0.004227
-1.663143 1.617817 0.000334
-0.913730 2.247203 -0.002330
-0.683651 1.993026 -0.003297
-1.622053 2.629930 0.001399
-2.679964 2.899298 0.004024
2.214478 2.040552 0.091936
2.187351 2.118307 0.782555
2.889603 2.668387 0.862992
2.221752 2.045594 0.879948
-2.245212 2.642541 3.060825
-0.060121 1.609968 -0.001948
-2.524150 1.504220 0.313697
-2.094184 -1.406715 2.996680
0.743980 1.042223 0.001746
-1.663811 -2.251567 2.996624
-2.651052 0.185697 -0.036035
-2.009521 -2.556590 2.980419
1.601002 -2.355050 2.986689
-1.829243 1.281839 -0.010691
-2.105554 1.091660 -0.027049
-2.063340 1.489200 -0.012759
1.012846 -1.674362 2.997539
1.508477 -1.688339 2.997977
-0.223446 1.749406 -0.016854
-0.724360 1.996819 -0.005204
-2.443713 1.754924 0.268699
-1.109364 0.234948 2.862815
-2.293432 1.959762 3.061423
2.898850 2.583921 0.923804
2.894801 -0.295453 2.982583
2.899502 2.571820 0.471044
2.859019 0.822085 1.132019
2.513967 -1.275990 3.019920
-0.714484 1.963189 0.009089
-2.262169 -1.238354 2.998791
1.520034 -1.391236 2.995676
2.796356 0.898247 0.233840
0.707970 1.131588 0.006501
-1.898211 1.094407 0.002959
-2.866705 1.033236 -0.006779
1.147391 -2.065968 2.992609
2.023911 -1.742450 3.003070
-2.833133 -2.707751 2.971834
-1.213449 -2.501241 2.997548
-1.272733 -2.903643 2.985934
2.131751 -2.359999 2.998914
2.634770 -2.016189 3.028826
-2.910046 0.202477 -0.031712
-0.303847 1.323383 -0.002949
2.041928 -1.486619 3.011572
-2.624084 1.249691 2.823010
-1.222059 0.425206 2.869451
-2.418953 2.261415 3.064805
2.944052 -0.190988 2.976292
2.891576 2.633858 0.566997
2.539649 -0.556006 2.996391
1.039398 -1.231754 2.992448
2.759343 0.920357 0.193964
-0.887136 1.113044 -0.008314
-1.494970 1.094712 -0.010347
-2.132940 -2.045828 2.994189
-2.303435 -2.284626 2.989373
-1.842042 -2.236192 2.981231
1.221993 -1.938992 2.978669
2.738873 -1.669616 3.000120
2.711657 -1.799739 3.009172
-2.794801 -0.212584 0.305456
0.883750 0.353628 0.022733
-2.708618 -0.461688 -0.028949
-0.997987 0.837895 -0.024511
1.244970 0.300757 0.842795
-1.240119 -2.102522 2.999032
1.177958 -1.790149 2.994919
2.268754 -1.687003 3.007768
1.995944 1.703548 -0.001735
2.173941 2.105184 0.822822
-1.140524 1.601784 3.058991
2.229465 1.990676 1.420823
2.528107 -0.383896 2.999139
2.143845 -1.119480 3.009382
2.222387 -1.374905 3.016680
2.720245 -1.321323 3.022074
-1.857875 0.088683 -0.046070
-2.857566 -0.134885 -0.048209
-2.128652 -2.830704 2.986682
-1.682265 -2.731862 2.988036
-0.468159 -2.851624 2.999970
1.095227 0.765195 0.003012
0.714534 0.382506 0.008186
0.221079 0.107030 0.000537
-0.249229 0.054010 -0.006549
-1.092040 -0.504024 -0.018980
0.613363 -2.949907 2.994190
-0.434696 0.572924 0.001854
-1.981215 -2.970544 2.983377
1.467163 -2.072028 2.999517
0.404405 1.130108 -0.008848
-2.745702 0.818502 -0.025116
2.208890 2.061235 0.195693
1.228571 0.303987 1.422501
2.176049 -1.049920 3.013998
-2.644782 0.514334 2.877821
2.192807 2.063343 0.886972
2.189033 2.078773 1.414404
2.221570 2.043231 1.394500
0.527025 1.254588 2.988204
2.896252 2.758820 0.630228
2.239554 2.029343 0.694056
2.243313 -1.026407 3.012523
1.890112 -1.551033 3.004739
2.831831 -1.226743 3.020745
-2.306569 -2.754329 2.988950
1.495950 -2.172417 2.999472
-1.870605 -0.389131 -0.027012
-2.321306 -0.535503 -0.028540
-1.171036 -0.822055 -0.029112
-2.629609 -1.148701 -0.040277
-2.971060 -0.575468 0.000749
1.600291 -2.185751 2.997381
2.615744 -1.998743 3.020385
1.227648 0.314476 0.414229
-2.889161 -0.396344 0.018482
2.787568 -1.077771 2.995860
2.192433 2.098938 0.045001
2.181898 2.092839 1.377712
2.290915 1.914663 0.456183
-2.881500 1.536194 -0.033503
-2.102294 -2.916223 2.994355
2.605384 -1.740185 3.019081
1.394608 0.678613 0.001138
-0.944374 -0.364440 -0.017145
2.643780 -1.865958 3.011925
1.871563 0.691523 0.001116
0.103377 -0.198662 -0.011205
2.091470 0.540701 0.002270
-1.269702 -0.496350 -0.018270
-1.631321 -0.642700 -0.018654
-2.433614 -0.496082 -0.047904
-2.745356 -0.370362 -0.031850
-2.910302 -0.666162 -0.033490
-2.282636 0.517574 -0.044255
2.287442 -0.937534 3.026826
2.144974 2.562371 -0.007791
0.895110 2.526044 -0.005342
-0.230675 2.862287 -0.006142
0.032934 2.591290 -0.006018
-0.740154 2.944016 -0.011674
2.172706 2.102703 1.024659
-2.090976 1.476531 3.046249
2.901099 2.775556 1.189081
-2.431962 2.909377 3.066988
2.890101 2.802068 0.591215
2.896647 2.649148 0.452210
2.289771 1.914699 0.556815
-1.782154 -2.542412 2.986258
-2.022583 -0.343220 -0.006570
-2.986813 -0.672895 0.017479
1.776074 0.658050 0.003571
-0.702131 -0.685313 -0.023117
-1.257896 -1.014923 -0.031225
-1.098081 -0.091501 -0.026259
-1.561606 -0.441579 -0.033225
-2.439207 -0.776748 -0.035603
-2.859274 -1.426601 -0.035962
1.218438 0.325924 0.657472
-2.960798 -0.482695 0.199474
2.071194 -1.587621 3.012050
-1.308460 0.925648 -0.012118
-1.699628 1.093691 -0.016697
-2.673138 0.737860 -0.014033
-0.093378 2.631890 -0.001258
0.329293 2.203066 -0.002092
-0.489025 2.660826 0.001893
2.898402 2.736472 0.485445
2.190855 2.092057 0.951602
-2.820598 1.885237 3.059399
2.201297 2.085955 1.435566
-2.602081 -1.894525 2.991719
-2.914513 -2.278754 2.997069
-1.926700 -2.121610 2.996246
0.600137 -1.691135 2.996538
-1.008506 0.320634 -0.011440
-2.935692 -0.334064 0.119573
-2.791515 -0.374557 0.172787
2.100853 -1.553915 3.017788
-0.324379 -0.602177 -0.024192
-0.591681 -0.738762 -0.027001
1.249194 0.311947 0.390417
0.358831 0.377546 -0.010316
0.446839 -0.015691 -0.016949
-1.914594 -0.422534 -0.027207
0.392187 -2.854875 2.993814
-0.418219 0.854491 -0.004797
-2.556400 0.921897 -0.011147
1.228702 0.310436 1.133338
2.563375 -1.155944 3.019969
2.102098 1.699035 0.987646
2.925480 0.054015 2.964882
2.226964 2.027244 0.563582
-2.940034 0.713629 -0.016584
1.221968 0.316357 0.998433
-2.594935 -2.179869 2.992942
-2.210228 -2.275867 2.993801
-1.497820 -2.334876 2.988353
1.949666 -1.475653 2.997930
0.324523 0.629421 0.002207
-0.554219 0.369983 -0.003098
-1.008171 -0.418331 -0.030302
-2.907209 -0.927149 0.052891
1.529720 -1.903368 2.998636
-2.786645 -0.557796 -0.044935
2.527235 -1.566400 3.017605
1.194458 0.312193 1.020038
-0.682461 2.371985 0.005744
2.194567 2.074786 0.595222
-1.201745 2.487279 3.102797
2.893389 2.742456 1.048480
2.960512 0.254607 2.966223
2.218466 2.058455 1.241240
-0.377526 2.792739 0.007318
1.209708 0.308604 0.774271
-1.620461 -2.344796 2.998578
-1.098768 0.352865 0.000863
-1.261060 0.399175 0.000425
0.686687 -2.419621 2.998945
0.315127 0.458286 0.000329
-2.543388 -0.512266 -0.009274
-2.420654 -0.507219 -0.049958
-2.303411 -2.653397 2.991380
-1.135870 -2.394845 2.998964
-2.659791 -1.941073 2.996956
-1.552619 2.413933 0.000989
2.197919 2.066211 0.736415
0.125975 2.924557 -0.002099
0.265844 2.704785 -0.002504
-1.384334 2.942778 -0.006877
-1.771284 2.999117 -0.003730
-2.577483 0.791549 2.807724
1.015246 1.245032 2.821471
2.852420 0.335378 2.961208
-2.802085 2.236314 3.055578
2.890777 2.718737 0.333548
-2.337786 2.747137 -0.004543
-1.997459 -1.767382 2.999196
-0.781013 -2.811869 2.995596
-2.022832 -2.919699 2.998671
1.576674 -1.867602 2.997186
2.388649 -1.643906 3.009949
-0.633051 -1.715905 2.999402
0.102075 1.815857 -0.003281
-0.858847 1.960439 0.006483
-1.497484 2.174682 0.004021
2.894458 2.737822 0.234716
-1.270901 2.831059 -0.006362
-1.575585 2.635083 -0.004854
-2.058152 2.936440 -0.003605
-2.534530 2.744120 -0.008029
-1.116190 0.196188 2.851542
2.174497 2.112360 0.686055
2.896860 2.582536 1.221670
2.789536 0.442550 2.994376
2.208123 2.022989 0.447211
-0.865498 2.087855 -0.004452
1.212598 -1.154195 2.998752
-1.932198 -1.897331 2.990024
0.238760 -1.736387 2.996981
1.226711 -1.403337 2.995153
-1.679812 -2.527140 2.997546
2.648526 -1.625693 3.012355
-0.309098 1.789285 0.002687
-1.044496 1.933115 0.009347
2.220110 2.029482 0.242803
0.117663 2.223641 -0.001479
-0.722193 2.850055 0.004483
-0.328041 2.233871 0.003072
-1.656844 2.971366 0.005502
-2.047750 2.559880 -0.009362
2.857087 0.419453 2.957847
2.150469 2.139801 0.253227
-2.991100 2.824862 -0.007419
-0.105433 1.670590 0.770931
-0.341973 1.773796 -0.006279
-2.272591 -2.073667 2.994782
-2.917625 -2.632181 2.998858
-1.199635 -2.240086 2.992018
0.504853 -1.869250 2.998857
-1.200603 -2.312479 2.998350
-1.674200 -2.655082 2.988768
0.287499 -1.681645 2.999883
-2.635560 -2.298866 2.994780
-1.912641 1.332535 -0.017446
-0.415231 2.050259 -0.015870
-0.407789 2.591628 -0.005490
-0.673988 2.044689 -0.012089
-0.929870 2.432605 -0.006834
-1.602268 2.699592 -0.014713
-1.257487 2.455178 -0.011511
-2.126728 2.296515 -0.031097
-2.527394 2.541984 -0.021429
-2.772275 1.041976 2.822138
2.845733 0.619220 2.998643
2.199853 2.078048 0.217825
-1.401613 2.232268 -0.001076
-1.796856 2.232330 0.004891
-2.547992 -1.029605 2.997717
1.162711 -0.910136 2.999752
-2.676698 1.228838 -0.013900
-1.811278 -1.910040 2.992805
-2.223532 -1.978284 2.994178
2.289449 1.942214 0.020689
-0.726638 1.292381 0.000652
-2.708211 -2.368102 2.999299
-0.827232 -1.990393 2.999278
2.722137 -1.522828 3.014194
-0.214357 2.090727 -0.013060
-1.004553 2.270944 -0.013281
-1.343898 2.280223 -0.019420
2.662108 0.825917 1.321428
-1.847537 2.947477 -0.007596
2.191890 2.100890 0.939305
2.284008 1.922225 1.350822
2.700083 0.652240 2.995161
2.188537 2.098906 1.068511
-0.470168 2.740418 0.010808
2.649092 0.823872 1.280117
-1.710257 -1.568006 2.992333
-0.613204 1.322329 0.001575
-0.581342 1.341201 0.008658
0.847781 1.747313 0.002063
2.665356 0.829863 1.141245
2.288362 2.048417 -0.003551
-2.396141 2.246113 -0.016315
-0.844364 2.944665 0.006673
-0.844455 2.547467 -0.001903
-1.997265 2.621418 -0.012303
-2.395157 2.897109 -0.011590
2.821260 0.647815 3.036836
2.906299 2.523323 1.473590
2.712237 0.869528 2.967789
2.905021 0.161614 2.983867
-1.315991 2.211444 0.003181
-2.920574 2.230650 -0.020177
1.314476 1.878500 0.001914
-1.791776 1.429889 -0.011808
-2.942126 -1.611906 2.995675
-2.428874 -1.530473 2.988668
-1.984356 -1.462146 2.984170
-1.402889 -1.768591 2.985410
-1.107855 -1.725075 2.994330
0.558192 -1.747358 2.995919
-0.682377 2.244968 -0.002363
-1.760251 2.248137 -0.012499
-1.640620 2.464807 -0.011871
-1.869788 2.899097 -0.004705
-2.237887 2.251483 -0.017522
-2.757947 2.249163 -0.016704
-2.770345 2.970929 -0.003768
2.239989 2.000948 1.155702
2.706489 0.962925 2.971319
2.884612 2.609074 0.942057
2.169613 2.114818 1.392860
-0.639602 2.798795 0.009095
-0.269347 2.085984 0.001093
-0.716635 2.028055 -0.003722
-1.328716 1.983872 -0.012610
2.601978 0.833583 1.413165
-1.823767 -1.333226 2.996991
1.999104 1.744333 0.286731
-1.380568 -2.059504 2.996912
0.164206 -1.724264 2.999954
1.160377 -1.511923 2.997270
-0.703158 2.046389 0.011803
-1.308941 2.002980 0.000650
-1.659938 1.974624 -0.003269
2.181862 2.125466 0.593996
-0.684999 2.333006 -0.007548
-0.759602 2.143691 -0.011210
-2.493351 2.555707 -0.012308
-2.871005 2.810132 -0.015554
-2.412212 2.417947 0.001951
-1.346237 1.892152 0.001535
-2.250380 -1.807925 2.999570
-0.570343 1.827999 0.006852
-1.033177 2.785027 0.011502
-1.180879 2.355311 0.004147
-2.891991 2.319958 -0.000479
2.885681 2.824091 0.267378
-2.617805 2.940439 -0.006627
-2.304263 2.033691 0.010919
-2.657654 2.037336 0.006312
0.756328 1.780925 0.002464
-0.979784 1.369200 0.014861
-0.867990 2.196953 -0.001876
-1.044202 1.822425 -0.010359
-2.856676 2.063713 -0.014289
-0.752665 2.504648 0.008733
-1.357388 2.728685 -0.001591
-1.728659 2.740086 -0.000277
-2.327134 2.522672 -0.002992
2.161745 2.105013 1.411989
2.891390 2.525156 1.327319
2.747234 1.248445 2.967330
2.673487 1.081283 2.956344
2.863298 2.819556 0.158440
-0.925897 2.554178 0.018961
-2.269715 2.544261 0.000462
-2.637084 -0.716729 2.999425
-1.120729 1.976281 0.011251
-1.686322 1.914043 0.003178
-2.704626 1.267687 0.003457
-1.840584 -1.652678 2.999735
-2.029444 1.318112 0.001985
-0.208808 1.893356 -0.003324
-1.261554 2.557574 -0.005172
-1.909157 2.764199 0.000949
-2.911785 2.225310 3.054577
2.660871 1.212420 2.995003
2.759812 1.330460 2.935552
2.733365 1.136092 2.949930
2.795841 -0.143534 3.036389
-1.853625 2.252827 0.001689
-1.632802 1.818786 -0.009433
-0.592703 1.735626 -0.000686
2.303091 1.914360 0.622398
-2.483398 2.127398 -0.004950
-2.769770 1.930973 -0.005147
-2.970598 2.076074 -0.001946
-2.533155 2.418000 -0.013541
-2.993938 2.818750 0.024504
-2.039725 2.979789 3.067650
0.571353 1.112039 2.979475
-1.614527 2.146966 0.005261
-1.436556 2.346321 -0.005102
-1.636875 2.381712 0.000981
-2.961093 1.924642 -0.022033
-0.621071 2.169631 -0.001955
-1.185578 2.106168 -0.000932
-2.161195 1.838626 0.149782
2.302766 1.903656 1.309731
2.663995 1.444811 2.983356
1.190288 2.357081 3.100345
2.620413 1.546454 2.991968
1.198171 2.415263 3.104571
2.200328 2.103947 1.420533
2.593625 1.611624 2.976785
1.182555 2.631885 3.100071
1.545403 1.962841 3.103783
2.630971 0.982428 2.988904
2.187895 2.102066 1.267366
2.186574 2.110153 1.199393
2.926869 1.108682 2.982521
2.617894 1.747543 2.921725
2.926501 1.770391 2.905849
2.903677 2.684062 0.766753
2.915938 1.037527 2.983018
1.473688 2.216371 3.102863
2.924402 1.858480 2.895631
2.559797 1.739190 2.934076
2.984946 1.322291 2.925131
2.172539 2.091651 1.262637
2.628494 1.920746 2.958075
1.974206 1.904741 2.997478
2.897270 2.580450 0.600513
2.897024 2.632109 0.606304
-2.528538 2.971204 1.247902
2.541638 1.305038 2.979861
2.998872 1.261768 2.999011
2.994289 2.018469 2.956010
2.581777 1.914449 2.952925
2.593989 1.408385 2.980644
2.964921 1.480390 2.954212
2.795579 2.930966 0.208482
2.491379 1.339635 2.994274
1.207029 2.666017 3.103004
2.981284 2.108387 2.971179
2.523899 2.121812 2.964906
2.818535 1.410932 2.950135
2.471035 1.532628 2.974353
2.983912 2.205380 2.967029
1.178128 2.531330 3.102244
2.490946 1.418136 2.985806
2.556206 2.076593 2.989666
2.603486 2.219873 2.982503
2.602177 2.127572 2.973494
2.902174 1.621498 2.937041
2.650220 2.318494 2.981992
1.472032 2.484857 3.104600
2.958865 2.114156 2.882853
2.858392 2.303260 2.891314
2.630315 2.407118 2.995914
2.459238 2.362148 2.962662
2.948227 2.354116 2.903794
1.180177 2.809142 3.105788
0.938558 1.167814 2.807843
2.982297 2.530394 2.983054
2.608731 2.549345 2.974444
2.963341 1.904392 2.980097
2.610096 2.638543 2.995466
2.559753 2.659111 2.977283
1.489937 2.311156 3.108442
2.874818 1.991115 2.993692
2.903095 2.745774 2.975969
2.574436 2.741080 2.944336
2.939207 2.838944 2.915898
2.551578 2.918873 2.968497
2.606669 2.913739 2.980968
1.473322 2.930900 3.107187
2.728406 2.285439 2.962247
-2.514447 2.985816 1.311043
2.415308 2.789084 2.958200
1.419030 2.769064 3.108143
2.479358 2.832449 2.941685
2.984577 2.980586 2.936556
-2.682454 2.410528 0.006397
1.138345 2.773185 3.108777
2.739432 2.401616 2.999342
-1.634469 2.514480 0.024174
-1.710823 2.907662 0.028986
-2.578461 2.497565 0.023354
-2.353000 2.176770 0.015645
-2.787069 1.966149 0.016711
-0.300126 1.619054 1.431246
-1.564516 2.660474 0.006441
-2.194701 2.588545 0.002103
-2.816506 2.734843 0.013808
-2.977020 2.236803 0.006640
2.499178 2.931703 2.946525
-2.112262 2.446309 0.002582
-2.472832 1.800923 0.191728
-2.819045 1.724973 -0.006418
-0.351308 1.618075 1.294705
-0.277038 1.614354 1.340706
-2.195246 2.399966 0.007059
-2.481288 1.802897 0.217808
-2.786913 2.414202 -0.007964
-2.544024 2.218949 0.008141
-0.368181 1.633507 1.367418
-2.244046 2.181354 0.008314
-2.448407 1.789278 0.097988
-2.601196 1.974984 0.000030
-2.985290 1.744361 -0.001200
-0.254007 1.617092 1.298156
-0.183710 1.625898 1.307471
-1.604270 2.081592 0.001111
-2.234090 1.792720 0.113555
-2.604459 1.957049 -0.004098
-0.363981 1.626075 1.083425
-0.115262 1.622617 1.221874
-1.169482 2.750280 0.008840
-2.671508 2.150096 0.004564
-2.982259 1.957234 0.024925
-0.289088 1.606870 1.440770
2.720889 2.536559 2.989706
-2.754172 2.321570 0.008807
-0.379038 1.634674 1.162393
-2.003076 1.952442 0.006824
-2.355552 1.842765 0.007452
-0.320443 1.629956 0.950246
-1.905256 -2.279375 2.992549
-1.454926 -1.946541 2.988345
-2.816278 2.131815 0.008200
-2.349981 1.799738 0.279524
-2.800494 2.386616 0.015809
-2.423594 -1.143221 2.997784
-2.171679 1.930151 0.003474
-1.385628 2.182847 -0.000766
-0.375394 1.649038 0.806601
-0.166594 1.650668 0.864900
-2.200387 -2.303438 2.993986
-2.192342 2.552126 -0.006756
-2.716220 2.806688 -0.001877
-2.615987 2.585873 -0.002296
-2.881739 1.880842 -0.022201
-1.454632 2.383195 0.004683
-2.387184 1.826869 -0.015298
-0.920317 1.881621 0.010534
-1.490647 1.782073 -0.003829
-1.789898 1.980003 0.007746
-0.382893 1.634584 0.646642
-1.714437 2.502035 0.008243
-2.089379 2.519646 0.006038
-2.578520 1.932408 -0.005284
-2.709868 2.143057 -0.009526
-1.900674 2.837088 -0.004729
-2.674068 2.705804 -0.010863
-2.151141 2.684249 0.000422
-1.204849 2.524201 3.101434
1.464541 2.645548 3.106425
1.434847 2.551276 3.119174
-1.289439 2.742049 0.002740
-2.561187 1.851333 -0.005924
-0.213580 1.620150 1.187788
-0.911757 1.700989 -0.007337
-0.326094 1.617785 0.465789
-2.548817 0.269974 -0.048790
-2.115987 1.892986 -0.002510
-2.333817 1.786424 0.023599
-2.404658 1.678992 0.279438
-1.788375 -1.722112 2.995634
-2.953760 1.815602 -0.026037
-2.452853 -2.499738 2.998257
-2.004325 -2.398479 2.996684
-0.892805 2.074010 0.005953
-0.482384 2.260496 0.004939
-0.353200 1.613930 0.260288
-0.414789 1.626354 0.512736
-0.745141 2.515413 -0.001749
-1.828880 2.680367 -0.010065
-2.894866 0.009463 0.236559
-0.241391 1.620176 0.853040
-2.324039 2.651522 -0.011767
1.150956 2.907771 3.110722
-2.528836 2.169353 0.001754
-2.502611 1.792687 0.266747
-1.745394 -1.998634 2.996519
-0.986759 2.374220 -0.001727
-1.216302 2.028740 0.002382
-0.304167 2.046477 0.004869
-0.807203 1.765760 0.003646
-0.299399 1.623994 0.134491
-1.705494 -0.257193 -0.024877
-0.228936 2.506140 -0.001202
-1.752388 2.156176 -0.014492
-0.337845 1.641978 0.535934
-1.158998 2.388898 -0.007090
-2.491431 1.847895 -0.018944
-1.478781 -2.816184 2.997700
-2.876282 2.429753 -0.015429
-1.724385 -2.117840 2.996068
-0.776203 2.618151 0.014048
-0.228186 1.623799 0.738790
-0.617285 1.487468 -0.006787
0.082888 2.165671 -0.002736
-1.524573 -1.469282 -0.029453
-1.960339 -1.399101 -0.029947
-2.615920 -2.646782 -0.039252
-1.842522 -2.093160 -0.044724
-2.172535 -2.777287 -0.044366
-0.100216 1.629595 0.367534
-1.850291 -0.792670 -0.047452
-2.318255 -1.064121 -0.041222
-2.137373 -1.282472 -0.053476
-2.460256 -1.839715 -0.057401
-2.277157 -2.134942 -0.061952
-2.866414 -2.528796 -0.067727
-2.722568 -2.928814 -0.078955
-0.552214 2.332808 -0.006769
-1.567361 2.405427 -0.007767
-2.561422 2.862865 -0.000800
1.659658 2.981005 2.988011
2.265951 2.862040 3.047378
-2.294242 1.806386 0.165748
-2.698697 1.887416 -0.008784
-1.917784 -2.719278 2.993711
-1.197239 -2.472796 2.989919
-0.892467 1.844557 -0.001210
-0.400550 1.638791 0.461943
-0.102213 1.632837 0.640417
-0.509529 0.603622 0.001954
-2.092435 -1.999900 -0.037980
-1.628078 -1.979898 -0.026856
-2.609950 -2.906546 -0.063521
-2.345735 -2.427018 -0.052111
-0.318464 1.042900 0.005307
-1.178718 -2.323772 -0.032457
-1.408627 -2.664446 -0.041203
-1.580680 -2.634977 -0.042377
-0.942321 -2.980900 0.530439
2.046194 2.035672 1.448217
-0.969022 -2.648375 -0.043229
-1.529064 -2.322668 -0.028980
-1.868463 -2.564188 -0.024108
-1.987341 -2.891811 -0.070969
2.228601 -2.601176 3.011897
2.695021 -1.181712 2.990098
0.621139 2.885154 -0.000970
0.419390 2.426053 -0.004159
-0.318318 1.635586 0.367015
-0.761287 1.796121 -0.008755
-2.237459 -1.402174 -0.046870
-1.650057 -2.155524 -0.058662
-2.362539 -2.236573 -0.055958
-2.185820 -2.541087 -0.071468
-2.931256 -2.631542 -0.063509
-1.996688 2.185932 -0.005854
-2.799216 1.802896 -0.015225
-2.909753 -0.174409 0.317466
-2.630502 -1.511409 2.999234
-2.191043 -1.214209 2.997970
1.672713 2.779843 2.983036
-1.136277 2.851695 0.001226
-1.891310 2.427373 -0.002150
-0.294618 1.610046 1.025092
-2.692582 -1.378428 -0.039580
-1.881629 -2.700590 -0.049541
-1.729236 -2.346554 -0.059443
-0.343994 -1.016950 -0.019544
-0.521334 -2.009030 -0.030755
-0.631979 -1.986240 -0.038121
-0.670375 -2.584141 -0.035389
-0.410604 -2.995330 0.398673
-0.133786 0.900836 -0.012974
-0.587926 -1.841862 -0.054766
-0.422226 -2.155818 -0.059273
-1.063608 -1.829126 -0.047232
-0.767698 -2.437443 -0.063321
-0.597329 -2.806071 -0.065400
-1.268326 -2.408090 -0.054036
-1.887329 -1.326380 -0.029737
-1.512857 -1.772337 -0.045845
-1.801615 -2.416023 -0.057291
-1.591764 -2.737054 -0.054536
-2.487247 -2.492304 -0.046083
-2.272646 -2.767812 -0.039973
-0.480458 1.927963 0.002550
-1.647299 2.757193 -0.006012
-1.426081 2.672332 -0.008779
-1.800147 2.240561 -0.016516
-2.976115 -0.006473 0.221325
-0.243495 1.615999 0.960166
1.176113 2.287356 3.100672
0.632370 0.936729 2.998979
-1.927938 2.709559 -0.008362
-2.367661 2.136758 -0.017857
-0.063231 2.957720 -0.002511
-0.231772 1.635523 0.417598
-2.895592 -1.758597 -0.074172
-0.119104 1.299923 0.009993
-1.366625 -2.034831 -0.048087
-1.686929 -2.822940 -0.031909
-1.551678 -2.580706 -0.038478
-0.014805 -0.730056 -0.031255
-0.123994 -1.256994 -0.043818
-0.253147 -1.763978 -0.056222
-0.358477 -2.323034 -0.064855
0.674514 -0.370937 -0.018488
1.123444 2.119468 -0.002011
0.012589 -0.818550 -0.029342
1.302534 0.244038 0.603339
-0.917045 -1.552611 -0.036191
-1.106073 -2.093943 -0.047457
-0.754280 -2.693782 -0.062660
-1.292118 -2.670533 -0.046747
-0.148033 -2.885356 0.570181
2.626214 -2.203360 3.032787
-0.534982 1.660365 -0.002933
-1.601185 -2.338952 -0.050932
-2.582128 -2.317347 -0.043914
-2.156072 -2.811433 -0.066802
-1.008994 1.906631 -0.012852
-2.894275 -0.133658 0.053128
-2.294458 2.848423 -0.006361
-1.724772 2.632583 -0.008569
-2.448689 1.796747 -0.026078
-0.120548 1.633714 1.427655
-1.570954 -2.032350 2.994843
-2.223838 2.900500 0.009950
-2.521882 2.868980 0.011870
-2.322272 2.435565 -0.005715
-2.989381 -0.347729 0.876465
-1.515809 -2.458910 2.997747
0.402314 -2.950225 2.989672
-1.682925 -2.401640 -0.038001
-1.517792 -2.153486 -0.043507
-1.788905 -2.741432 -0.037990
2.756087 -1.885952 3.034113
-0.299052 -1.877623 -0.054093
0.899982 0.040545 -0.015841
0.359071 1.616319 -0.004401
-0.701120 -2.203108 -0.054874
-0.301228 -2.708227 -0.044043
-0.896400 -2.887871 -0.063953
1.141272 0.300124 0.879817
-1.175160 -1.159340 -0.032966
-1.349509 -1.614261 -0.038784
-1.325124 -2.340998 -0.046275
-1.121228 -2.587154 -0.062580
-1.549902 -2.997065 -0.049140
-0.621754 -2.952346 0.742032
-0.829863 1.934767 -0.004624
-0.358882 1.687594 -0.016835
-2.058160 -2.000922 -0.062535
-2.920321 -2.384846 -0.038046
-2.737025 -2.613901 -0.086786
-2.396729 -2.703372 -0.074848
1.313096 -1.901158 2.996841
-1.213250 2.258052 -0.006250
-1.408128 1.954191 -0.010380
-2.990738 2.736485 0.012000
-1.378775 -1.948804 2.999517
-0.954187 2.541924 -0.002052
-0.335402 1.686019 0.006076
-2.026515 -2.261993 -0.024673
-2.356137 -2.990936 -0.035865
-2.208035 -2.560929 -0.056806
-0.392160 -1.495633 -0.038951
-0.532763 -1.948555 -0.041996
-0.622214 -2.381149 -0.039206
2.854054 -1.517279 3.021261
0.708690 0.548922 0.000557
1.179869 0.305651 0.535611
1.098314 -0.780936 -0.016758
0.091535 1.989420 -0.001782
-0.009460 0.193736 -0.017640
-0.524783 -0.977467 -0.038696
-0.739732 -1.815598 -0.043896
-0.060636 -2.385936 -0.052804
-0.891903 -2.372372 -0.054495
-1.023660 -2.929083 -0.048857
-0.013693 -2.987524 0.091755
-1.628363 -0.797919 -0.034461
-1.929433 -2.232240 -0.042952
-2.226058 -2.920145 -0.057097
-2.905075 0.024423 -0.035437
-0.187863 1.637767 0.505149
-0.340046 1.630781 0.756322
-2.752850 2.766825 0.002340
-1.630211 2.965465 -0.002712
-1.921051 2.048128 -0.017457
-0.809160 -2.808301 2.986419
-0.550570 -2.782263 2.994007
-2.737355 -2.336666 -0.050573
-0.538594 -0.619699 -0.031909
-0.923879 -2.058388 -0.038788
-1.081059 -2.641282 -0.048004
-1.028827 -2.430651 -0.050398
-0.890031 -2.098322 -0.038831
-0.562914 -2.991664 0.476596
-0.409658 -2.827121 0.601809
-0.241005 -2.898789 0.607742
0.199809 -1.640088 -0.028027
0.369452 -0.177119 -0.025945
1.130079 0.300284 0.645993
0.436813 2.384044 -0.002003
0.087451 -0.729326 -0.028872
-0.338942 -1.833435 -0.045724
-0.664423 -2.043878 -0.057039
-0.896679 -0.944226 -0.038515
-1.290524 -1.305195 -0.042929
-0.809975 -2.642237 -0.060653
-1.865138 -2.915864 -0.063119
-0.227304 1.637868 0.575086
-2.818522 -2.739698 -0.077370
-2.391375 -2.664748 -0.066721
-1.576202 2.239750 -0.006090
-2.416520 1.946248 -0.006754
-2.830511 -0.105049 0.310672
1.497127 2.125852 3.107541
-1.287234 2.776220 -0.000399
-1.051058 2.181792 -0.002706
1.289690 -1.785145 2.999405
-1.649133 -2.742511 -0.059599
-1.715469 -2.938420 -0.053519
-0.211096 -2.495860 -0.062498
1.249701 -0.080575 0.068977
0.099624 -2.729086 -0.031681
-0.897922 -2.266869 -0.051664
-0.358447 -2.427539 -0.064777
-0.065891 -2.528219 -0.057779
-1.025062 -2.820902 -0.057966
-0.732540 -2.911109 -0.056998
-0.197019 1.692706 -0.015954
-0.893664 -0.760593 -0.048808
-1.150601 -1.614574 -0.059132
-2.377719 -2.311285 -0.058172
-1.332677 -2.178674 -0.072806
-2.244276 -2.862750 -0.074898
-1.883272 -2.810268 -0.083658
1.292194 -2.899079 2.829584
-1.319612 2.678286 -0.001971
-2.544794 0.446754 -0.034147
-1.786633 0.620627 -0.026744
-2.771833 -0.010813 0.187132
-1.703907 0.876637 3.035556
0.660896 1.062833 2.991733
-1.442752 -2.299563 2.986354
-1.343774 2.577683 -0.013176
-0.536714 2.062486 0.008027
-0.177855 1.635786 0.196069
0.187140 1.630038 -0.000011
-1.665624 -2.037786 -0.038448
-1.975858 -2.596957 -0.063502
0.157951 2.129001 -0.006260
-0.034960 -0.431481 -0.033869
-0.191693 -1.501625 -0.050996
1.984422 2.001907 1.156501
1.463697 -0.915927 -0.026446
1.106027 2.520915 -0.004933
0.510399 2.116966 -0.000230
0.356643 2.004200 -0.004669
-0.042234 -2.069588 -0.048061
-0.283786 -1.663636 -0.059823
-1.245196 -2.158514 -0.063862
-0.940645 -2.144603 -0.064758
-0.371362 -2.181833 -0.069190
-1.378550 -2.677875 -0.066288
-0.774311 -2.713239 -0.079428
-1.181380 1.885985 -0.014595
-2.855103 -2.687874 -0.058977
-2.245219 1.775844 -0.002022
-2.519608 1.767667 0.194170
-1.859379 1.941638 -0.018788
0.950713 1.006848 2.884088
1.495580 2.056430 3.105738
1.662718 2.762703 2.898109
-2.538939 1.771273 0.004182
-2.945174 -0.212387 0.327210
-0.581436 1.457335 0.149994
-1.599407 -0.838106 -0.047153
-1.854213 -1.846172 -0.046738
-2.029002 -2.352978 -0.045565
-2.042397 -1.846402 -0.046846
-2.374992 -2.850430 -0.053048
-0.440247 -2.274637 -0.048300
0.584557 2.372801 -0.002958
-0.316393 -1.689528 -0.056942
-0.168496 -2.708980 -0.069103
-0.578256 1.867709 -0.001014
-0.643370 1.630731 -0.006835
-0.327175 1.634858 0.193554
-1.847903 -2.312569 -0.055525
-1.480848 -2.173303 -0.056061
-2.020727 -2.853130 -0.058295
-1.284814 -2.582691 -0.062209
-2.601748 -0.314883 -0.046499
-2.839633 -2.467898 -0.053620
-2.757320 2.095051 -0.019324
-2.500513 1.620239 0.316588
1.664635 2.840253 2.916592
0.908433 0.997897 2.891068
-2.478801 2.950607 -0.027870
-1.405516 2.685838 0.017343
-1.504175 2.098635 0.003815
-1.434930 1.617775 0.006405
-0.793333 -1.799775 -0.048196
-0.951461 -2.489340 -0.047994
-0.848594 -1.970659 -0.037035
2.740068 -1.243148 2.971727
2.025148 2.025622 1.176487
2.776322 0.830830 1.398299
1.425468 -0.998889 0.489393
1.988811 2.009938 1.212907
-0.325785 -0.901386 -0.041930
-0.648233 -1.363445 -0.045277
-0.520638 -2.177589 -0.062741
-1.254486 -2.891078 -0.062977
-0.604590 -2.730148 -0.069455
2.723226 -2.567732 3.017476
2.835382 -1.771161 3.024852
-0.595322 2.255263 -0.002813
-1.960496 -1.582611 -0.041031
-2.633888 -2.447857 -0.045453
-2.318125 -2.593776 -0.048094
-2.065365 -2.927844 -0.056050
2.832643 2.885118 2.963544
-1.907448 2.397636 -0.005982
-2.164532 1.503594 0.305865
-2.485086 -2.553182 2.994530
-0.419992 1.629910 1.306136
-1.354508 -2.864625 2.997268
-0.276630 -1.572019 2.992548
-2.436295 2.676489 0.006146
-1.853783 2.335376 0.000474
-2.394900 0.071123 -0.024086
0.071615 -1.794363 -0.048762
1.597745 -0.989561 0.545937
2.718535 0.814511 1.454501
1.048034 2.492207 -0.003344
1.007140 0.064526 0.004571
0.743040 2.489920 -0.004733
0.363743 -0.283037 -0.035899
2.014077 2.025944 1.208698
-0.486464 -1.874197 -0.056155
-0.314482 2.633543 -0.000126
-0.131378 1.627402 0.481790
-1.039123 -1.959046 -0.047192
-2.297008 2.559331 -0.011878
-1.719022 2.307855 0.000036
-2.344625 0.479783 -0.019848
-1.815096 0.978395 -0.015198
-2.785360 -0.351395 0.321066
-0.866065 -2.314744 2.986472
-2.447061 2.041407 -0.005834
-2.903672 -0.055608 0.095923
-2.811109 -0.262720 0.305898
-1.164200 1.836195 0.000474
-1.681436 -1.738400 -0.041667
-1.901510 -2.064309 -0.051212
-1.956731 -2.747566 -0.050707
-2.058745 -2.595414 -0.063869
-1.045684 -2.827804 0.598094
-0.041335 -0.318230 -0.028146
0.006409 -2.976912 0.146596
1.822694 -1.236295 1.438262
0.553623 2.430782 -0.005609
2.235121 1.987930 1.186554
1.487277 -0.993578 0.044485
0.469754 -0.400563 -0.024289
-0.658575 -1.541001 -0.044597
-1.120725 -2.618583 -0.054029
-0.153023 -2.098946 -0.052229
-0.845608 -2.956103 -0.059591
-1.657932 0.619533 -0.022872
-2.566706 -2.293448 -0.031438
-2.825744 -2.929198 -0.058223
-2.238435 -2.346101 -0.055760
0.218040 -2.362024 2.998786
-1.824256 -2.716094 2.997882
-1.743705 -2.731907 2.996889
-2.997577 2.719777 0.103855
-2.971413 -0.326136 0.756407
-0.280899 1.628328 0.083071
-2.199689 -2.468533 -0.048836
-2.529233 -2.933813 -0.066516
-2.489051 -2.265566 -0.045251
-2.637602 -2.761000 -0.054709
0.105452 2.687751 -0.002011
-0.343086 0.337096 -0.020110
-0.313283 -1.728142 -0.046346
-0.438063 -2.463830 -0.068987
0.652419 2.130065 -0.012744
1.144028 2.329576 -0.013962
2.601464 0.837480 0.883136
2.775107 0.822474 1.045148
2.764444 0.815722 1.296229
-0.791289 1.644743 -0.006738
-1.040219 -2.332030 -0.038153
-1.444982 -2.724561 -0.046117
-1.104410 -2.805163 -0.039327
2.090919 -2.969900 2.837649
-2.305139 1.790793 -0.019945
-2.457258 -2.987694 -0.077365
-1.845034 -2.943855 2.983708
2.351672 2.706459 2.991190
-2.136616 -2.187225 -0.059569
-2.443612 -2.581594 -0.054935
-2.669681 -2.569011 -0.051027
-0.153042 2.973471 -0.002929
-0.400120 1.760569 -0.011737
-0.295874 -0.888937 -0.041061
-0.239991 -2.061212 -0.049291
-0.415647 -2.552456 -0.061840
1.998024 2.017786 1.310709
2.604717 2.557123 1.455266
2.678009 0.837283 0.644550
2.726140 0.831841 1.132814
2.675329 0.755856 0.854904
0.312461 -1.144403 -0.030217
-1.704166 -2.638806 -0.065905
-1.268980 -2.095926 -0.069408
-1.354936 -2.907336 -0.073540
-0.963983 -2.378829 -0.076420
-0.660381 -2.876406 -0.081763
-2.203305 1.793244 0.018216
1.023921 0.959754 2.905770
-0.408376 1.624025 1.005952
-2.262402 1.657190 0.306356
-2.156921 -0.103363 -0.024441
-2.556093 -0.158415 -0.023338
-2.874786 -0.573964 0.006608
-2.519260 -0.645621 -0.016379
-2.905087 -0.974638 -0.007283
-1.978511 -1.766768 -0.035893
-2.422978 -2.643463 -0.041847
-2.182602 -2.955375 -0.053293
-0.969780 2.925047 -0.000100
-0.521513 1.996236 -0.005183
-0.762092 1.797692 0.005101
0.930320 1.732285 -0.004427
2.657436 0.834376 1.060148
2.657919 0.848679 0.215184
2.647191 0.844112 0.401475
1.950410 2.017488 0.531688
2.701126 0.849356 0.403257
2.710314 0.840981 0.730463
1.019630 0.338376 -0.012590
0.062740 -1.914888 -0.056125
1.201538 0.307777 0.516027
1.992848 2.000800 1.439977
-1.512741 1.202270 -0.019064
-1.862149 -2.112745 -0.036986
-0.710105 -0.900506 -0.046339
-1.478480 -2.370877 -0.057353
-1.074312 -2.015193 -0.056082
-0.728453 -2.160863 -0.063219
-0.739816 -2.568870 -0.067005
-2.764676 -0.894175 -0.034255
1.731917 -0.641769 3.117419
-2.378398 1.319068 0.043114
-2.935338 0.011827 0.245424
-2.947079 -1.086066 0.006429
-1.735515 2.669971 0.004078
-2.017775 2.174949 -0.003738
-0.408532 1.631582 0.309158
1.394081 -1.062021 1.029471
-0.632546 2.861200 -0.001218
1.538271 -1.003977 0.171662
2.037867 2.066958 0.675565
2.694096 0.831079 0.997704
2.771095 0.832340 0.053956
2.727124 0.834860 0.377340
1.996924 0.541487 0.003860
-0.015483 2.589691 -0.000646
-0.529923 2.762849 -0.000439
-0.260693 1.617808 0.657052
-0.538568 -1.777371 -0.052280
-0.497257 -2.350786 -0.055072
-2.768911 1.767658 -0.015167
-2.861388 -0.400207 0.115704
-2.000679 -2.405629 -0.045687
-2.021102 -2.734970 -0.049954
-0.405705 1.617375 1.120185
-2.974683 -0.725214 0.045062
-1.186675 -0.519753 -0.026676
-0.651819 -2.186225 -0.050996
2.180869 2.091812 1.151753
2.716325 0.837692 0.514773
2.602599 2.524782 1.076578
2.941611 0.887476 0.001270
2.015554 2.032811 0.850064
2.753258 0.826989 0.826141
2.318460 1.902469 1.138033
-1.709469 -2.034344 -0.029970
-1.703472 -2.285310 -0.034203
-1.239846 -1.643356 -0.035468
-1.692940 -2.547088 -0.036529
-0.845020 -1.369496 -0.037361
-1.191299 -2.108559 -0.037397
-0.724267 -2.395362 -0.047616
-0.355036 -1.935011 -0.046264
-0.321967 -2.261404 -0.054174
-0.415685 1.621431 0.700201
-2.791773 -0.434296 0.002096
-2.946254 -0.777017 0.102213
-1.982495 -2.133267 -0.042309
-1.467968 -2.086532 -0.050961
-2.412925 -2.741678 -0.028328
-1.026315 -2.170300 -0.058472
-1.352371 -2.838773 -0.060231
-0.944802 -2.711875 -0.059760
-1.257519 2.188995 -0.008656
-0.925577 1.944103 -0.008675
-0.422290 1.586635 0.033638
-0.163130 1.972985 -0.000636
1.954043 2.011695 0.992704
1.993320 0.630934 0.008210
2.175209 0.416989 0.005037
2.654278 2.753052 1.370202
2.757906 0.847538 0.127811
1.922121 2.003763 0.351202
2.304077 1.918503 0.491799
1.474372 -0.996449 0.203530
-0.408539 1.629635 0.693145
-0.556842 -2.400433 -0.057285
0.187690 -0.758574 -0.040318
0.539171 -1.790185 -0.041931
-1.813793 -2.625727 -0.059189
1.383416 -1.075426 1.401478
-2.325127 1.384058 0.108765
-0.480552 -1.984546 -0.046659
-2.710775 2.596931 -0.018967
-2.331401 2.960345 -0.007334
1.977224 2.012002 1.090207
2.301926 1.907478 0.303254
2.600875 2.605132 1.010179
-1.057120 2.854552 -0.000465
2.002896 2.027571 1.065721
-1.820462 -2.298028 -0.056265
-0.939600 -2.922997 -0.075975
-0.382962 -2.632937 -0.074079
-0.250745 -2.999696 0.375495
-1.838764 -0.055961 -0.035416
-1.395913 -1.156920 -0.042146
-1.807471 -1.688248 -0.041615
-1.370083 -2.278265 -0.053303
-0.224393 -2.323923 -0.058456
-0.612065 -2.604053 -0.065760
1.362604 -1.083610 0.959617
2.014800 2.040253 0.355484
2.605908 2.648642 1.457824
-2.858006 2.658844 -0.005556
-2.604356 2.445922 -0.015848
-0.968908 1.842563 -0.009320
2.578067 -1.645062 -0.032046
-2.597174 0.179763 -0.042892
-1.266032 -0.881758 -0.043771
-1.343104 -1.961222 -0.060291
-0.981470 -2.520677 -0.066977
-2.376621 1.797998 0.191045
-0.239083 1.639999 0.311005
1.321996 0.476187 0.003137
2.603550 2.706043 1.094863
2.712655 2.751999 1.391641
1.937961 2.007791 0.271957
2.602630 2.612200 1.203481
2.737838 2.759982 1.406205
-2.352273 2.816246 0.001137
-0.122487 1.632987 0.267911
-2.881352 1.621763 0.062336
-0.132979 1.261025 0.129704
-0.853330 -2.753954 -0.071054
-0.662988 -2.949415 0.620213
1.397991 -1.050401 0.831475
1.384302 -1.050584 1.155083
1.388280 -1.022727 0.347532
2.090319 2.078310 1.311056
0.699852 0.878089 0.000265
2.052745 2.073987 0.260007
2.164431 2.125616 0.302355
2.609994 2.504864 0.658645
-2.152039 2.802002 -0.004512
-1.158962 2.497478 -0.005151
-0.180893 2.354475 -0.005912
2.605115 2.557484 1.334775
-2.547885 1.776113 -0.011531
2.058107 2.066221 0.933625
-0.310700 -0.852387 -0.035247
-1.149760 -2.772132 0.601030
-0.436814 -2.069619 -0.047154
-0.006724 -2.259042 -0.047516
1.360716 -1.049623 0.210560
1.009993 0.445248 0.002452
1.373243 0.034864 0.002320
2.606930 2.691415 1.304651
2.016202 2.059814 0.004128
2.724624 2.748884 1.070227
2.610661 2.637165 0.700345
-2.983571 2.060140 0.001017
-1.423211 -2.299660 -0.074349
-1.283776 -2.281511 -0.065283
-0.970285 -0.588520 -0.054350
-0.854109 -2.499513 -0.080818
-0.982280 -1.631424 -0.066871
-0.137494 -1.907035 -0.064929
-0.401381 1.629063 1.295618
-0.241753 1.598941 1.437171
-1.527857 -2.063570 -0.064474
-1.489669 -2.951503 -0.075498
-0.043617 -1.830907 -0.050407
1.599086 -0.999546 0.223879
1.374101 -1.077685 0.428147
0.436517 0.709735 -0.011266
-0.459039 1.575531 -0.008497
2.720383 2.756901 0.743688
-2.194819 2.793233 -0.016347
2.604729 2.519960 0.336347
-0.680317 2.514289 -0.000456
-0.296333 1.628851 0.282446
-2.950610 -0.874871 0.038886
-1.485729 -2.851048 -0.101092
-1.281557 -2.952624 -0.079426
-0.942359 -2.824494 -0.095696
1.850166 -1.204811 0.002158
-2.165613 0.226979 -0.035586
2.220854 0.859300 0.001149
2.322099 0.580244 0.007162
-2.364068 1.152584 -0.040460
-1.133431 2.091601 -0.011560
-1.566660 2.336801 -0.005159
2.598841 2.526235 0.387703
-2.119278 2.936219 -0.001041
-1.065282 2.591197 -0.005134
-0.553125 2.656599 -0.004522
2.602559 2.706434 0.308621
2.617253 2.757304 0.677548
-0.688700 1.267863 0.006313
-0.408749 1.580076 0.154965
2.069910 2.075516 0.593917
-2.230272 -0.451123 -0.056939
-1.737512 -2.452395 -0.087203
-1.513829 -2.272122 -0.081101
-0.291068 -1.977329 -0.060620
-2.955940 -2.162490 2.997372
-1.212574 -1.984524 -0.056108
-1.466228 -2.882647 -0.065956
1.446887 -1.609233 0.021452
-2.432683 1.796964 0.108272
2.597122 2.650366 0.471371
-1.889087 2.199109 0.003139
-1.417431 2.237997 0.002290
2.775084 2.300190 0.100727
-1.259639 1.199156 0.000383
-1.940012 -2.993114 -0.085076
-1.602540 -2.246005 -0.070580
2.065633 -1.458751 -0.052207
-1.200144 2.753978 3.111781
-1.232777 -2.779845 0.534713
-1.898328 -2.498116 2.996394
-1.514361 -1.636489 -0.043832
-1.179807 -2.234855 -0.041413
-0.230324 -1.348476 -0.033242
0.380055 -0.437361 -0.023142
2.547875 0.188159 0.000386
-2.800019 -0.206098 0.296912
2.163246 2.123808 0.104179
2.645165 2.744324 0.893021
-2.302999 1.669590 0.304465
-2.047796 1.424654 0.002885
-2.394674 1.996061 -0.009455
-1.585175 1.949687 0.013866
-1.228511 1.643029 0.003133
2.711259 2.777977 0.015766
2.641866 2.760816 0.294109
-2.240394 2.445939 0.004725
2.595417 2.686492 0.596321
-2.687877 -0.488781 -0.050786
2.169490 2.123118 0.470236
2.610511 2.612986 0.682568
1.602537 -1.007101 0.529439
-0.238037 -2.887770 0.559593
-1.193575 2.350034 3.105671
2.662652 2.758828 0.565812
-2.922033 -0.713650 -0.011797
2.690250 2.387510 0.251702
-1.117202 1.509071 -0.010110
-0.614756 1.700248 -0.005744
2.783144 2.829527 0.014471
2.600530 2.561750 0.079148
-2.661645 1.755524 0.024919
2.605609 2.515177 0.172967
2.708306 2.769071 0.398561
-2.921102 -0.264821 -0.028670
1.970303 2.048961 -0.005434
-0.413372 1.611985 0.929848
-0.863573 -0.565068 -0.058523
-0.566140 -0.342991 -0.055788
2.652351 2.749712 1.292522
-0.313880 -2.800780 -0.076088
1.462579 -1.424937 0.022772
-2.058656 -2.684957 -0.059577
1.989779 2.019285 0.421700
2.760505 2.764232 0.582140
-2.049160 -0.412348 -0.053992
2.947909 2.743743 0.141689
-2.783286 1.656518 -0.019716
-0.705886 2.228459 -0.002321
1.400141 2.372830 -0.001116
2.741336 2.767776 0.664472
-0.400177 1.621097 0.811938
2.059763 2.074488 0.199539
2.605423 2.548228 0.555835
-1.052041 -2.223297 -0.075853
1.990593 2.013790 0.799743
-1.142660 2.159335 3.100803
-0.127852 -1.778767 -0.040583
2.089936 2.100926 0.216134
-2.888381 1.694889 -0.027768
-2.154115 -0.476285 -0.060916
-1.193237 2.832646 3.108681
-1.993249 -2.465795 -0.068293
2.040237 2.047228 0.477543
2.048395 2.053498 0.788808
0.193040 -1.898961 -0.060690
-1.666872 -2.969337 -0.074632
2.801440 2.759617 0.508352
-0.392976 1.590020 0.109376
-0.433063 1.651951 -0.009305
-2.453001 -0.275033 -0.058039
-1.015346 -2.786184 -0.075706
-0.321070 -2.042445 -0.061588
2.755828 2.760320 1.228002
2.611555 2.563833 1.138763
-1.411417 -2.440376 -0.070212
-0.888999 -1.746508 -0.058958
-2.656266 1.584767 0.233571
-1.592606 1.748946 0.002897
-1.863819 1.935537 0.001383
-1.450879 1.361901 0.002038
2.339323 1.973709 -0.006466
-0.831637 -1.897993 -0.052723
1.809732 -1.056743 0.289534
2.609513 2.569866 1.246789
2.201277 2.115731 0.391882
2.611078 2.506189 0.254187
2.905812 2.803969 0.331464
1.392520 -1.057767 0.735501
-0.988539 -1.971931 -0.052098
-2.519751 1.622198 0.274937
-1.211116 -2.702226 -0.073303
-1.158027 0.691884 -0.020306
-1.476272 -2.541508 -0.063177
-0.722501 -2.066869 -0.057948
-0.514792 1.491942 0.011585
-2.468634 1.277678 0.009867
-2.200922 1.802809 0.276072
-0.675494 2.093654 0.002126
-2.605384 1.784168 -0.015524
1.967975 2.001519 0.806395
-0.336229 -2.980190 0.385361
1.974592 2.013257 0.686167
2.011280 1.708332 -0.001128
-0.413421 1.606053 0.027350
-2.814240 1.507467 0.191534
-1.481035 1.466478 0.000289
-0.547718 0.095495 -0.040579
-1.081454 -2.582957 -0.075817
-1.116104 -2.411559 -0.063782
-1.998045 -2.635262 -0.058673
-1.517647 -2.482660 -0.062962
-0.960337 -2.263040 -0.064448
2.743795 2.778291 0.103383
2.617172 2.528152 0.860390
-0.607143 -2.277917 -0.058463
2.610170 0.414641 0.053426
-0.193309 -1.897349 -0.058250
-2.648284 -0.911057 -0.045186
2.698583 2.768224 0.433931
2.603539 2.537657 0.421136
-0.735909 -2.835733 -0.077155
-0.536857 -2.543540 -0.080373
1.534459 -1.113777 1.483699
1.993661 2.123965 0.009834
-1.264667 -2.376698 -0.066257
-0.606519 -2.892516 0.601614
-2.892438 -1.551793 -0.034858
2.596203 2.226469 -0.005874
1.823034 2.360312 -0.003298
2.230632 2.627523 -0.001602
-0.615610 -2.431885 2.970786
1.621139 -1.000826 0.497886
-0.800952 -2.554543 -0.074546
2.205930 2.102422 0.204461
-0.034064 -1.973625 -0.051599
2.603294 2.681181 0.596201
-0.779386 1.499159 0.000509
2.608545 2.685491 0.025446
-2.838174 0.026342 0.302668
2.730396 2.766771 0.952774
2.604956 0.858403 0.377411
-1.461828 -1.482661 -0.050263
-0.901138 2.080096 3.112664
2.608035 2.614123 1.175497
-0.192237 -2.207134 -0.067747
2.734003 2.754232 1.102646
-1.305033 -2.568804 -0.066671
2.332481 2.012001 0.100394
-1.597460 0.740221 0.005561
-0.772277 1.184999 0.012940
2.742021 0.822557 0.958059
2.751943 0.832519 0.673616
-1.969060 -2.303017 -0.062975
-2.908350 -0.161888 -0.041692
2.848109 2.211041 -0.000737
2.107766 1.533991 -0.006091
-1.148706 -2.930726 -0.061991
-0.307832 -1.360851 -0.046249
0.511458 -0.795302 -0.042540
2.660613 0.843845 0.775939
-0.111661 1.274845 0.207826
0.576233 2.983593 2.992012
-1.164735 2.473176 3.112821
-1.737169 -2.861216 -0.068165
-0.564125 -2.202027 -0.064887
2.995312 2.207873 -0.003638
-2.885427 0.131695 -0.042236
1.646016 -0.996881 0.989586
1.242106 2.917303 2.951951
0.929739 2.879742 2.986271
-0.237762 1.969716 2.994338
0.595915 2.735597 2.986873
-1.733874 -1.986606 -0.065364
2.671050 0.850505 0.082143
2.602180 2.723058 0.773682
0.938500 2.635446 2.980931
2.526702 0.479865 1.419230
1.434803 2.861122 2.992651
-0.236497 -2.190600 -0.067612
1.887967 -1.315317 -0.025972
-0.618735 -1.289938 -0.055137
-1.003760 -0.255808 -0.030787
2.100617 2.090446 0.659408
-1.764532 -2.533289 -0.073482
-1.058844 -2.959113 0.494423
1.039698 2.709048 2.998142
1.042365 2.595092 2.979630
1.384143 2.751980 2.987048
-0.087811 2.399586 2.982711
-0.133620 2.401786 2.957086
-0.780601 2.402092 3.101087
0.900698 2.477871 2.999411
-0.826067 0.316254 3.105027
0.886793 2.600754 2.979901
0.137776 2.861268 2.998035
2.772543 0.876417 -0.010742
2.581610 2.587739 0.740039
-1.616049 -2.662048 -0.075015
-0.824054 0.272857 3.104951
1.091695 2.413419 2.971556
1.381590 2.533025 2.954867
-0.110803 2.256378 2.999183
2.601369 0.838699 0.571589
-1.157846 2.783958 3.101538
-0.431626 1.591750 0.896399
2.589979 2.505812 0.681819
-0.978462 2.900022 3.347075
-0.773133 2.222983 3.118076
-2.680113 -2.894282 -0.088476
-0.108296 2.122272 2.975302
-0.552367 -2.356701 -0.067551
1.306313 2.569598 3.108163
0.041904 2.075165 2.991162
0.988654 2.376475 2.983553
-0.774242 -1.998719 -0.060848
0.291320 2.769078 2.998629
-1.550829 -0.767965 -0.041018
0.001623 2.568036 2.979517
-0.825270 -2.132614 -0.057608
1.034752 2.276705 2.982868
1.523931 2.630244 2.863331
-0.077294 2.129889 2.996198
1.704957 2.842564 3.174387
0.153263 2.618371 2.985138
-0.039717 2.470762 2.983503
2.632545 0.887736 -0.011655
-0.957991 2.714168 3.100624
2.528783 0.491887 1.393963
1.167298 2.169470 3.132819
1.332565 2.381178 2.973345
1.128184 2.242387 2.958739
-1.067661 0.011671 3.086586
1.812856 2.530892 2.996407
-2.721594 -2.445282 -0.074710
-2.399250 -1.435475 -0.052724
-1.872174 -1.246197 -0.052108
-2.467962 -1.485147 -0.059768
-2.848788 -1.927880 -0.064131
-2.257206 -2.646013 -0.077766
-0.314668 2.136110 2.961673
1.168636 2.030766 3.147264
-0.011499 1.059518 2.999416
1.038401 2.130228 2.997039
0.737585 1.610668 2.986029
1.222986 1.804109 2.995618
1.505007 2.345552 2.982370
1.612856 2.373950 3.113618
2.854386 0.281999 0.006510
0.267510 2.488244 2.998496
-2.971492 -2.402882 -0.027812
-2.518257 -2.545750 -0.073273
-2.731545 -2.248418 -0.062635
-2.539394 -1.855608 -0.059287
-2.157354 -0.750632 -0.044086
-0.764736 1.778751 3.112530
1.340948 0.170135 0.153524
0.060653 1.842555 2.989293
0.034044 1.037440 2.997716
1.037050 2.016686 2.965669
1.613440 2.367305 2.997138
0.008364 1.799361 2.988613
0.309704 2.393241 2.983020
-0.143618 2.099885 2.994511
-2.725958 -2.796258 -0.060750
-0.057589 2.949042 3.179989
2.120959 1.693589 0.187028
-1.424271 -0.189090 -0.033918
-1.024958 0.099765 -0.031088
2.818259 1.549830 -0.000677
0.988956 1.969833 2.994530
0.688722 1.540572 2.994126
2.520810 0.496068 1.081326
0.246945 1.569872 2.996281
1.499399 2.262060 2.978718
1.684533 2.703249 3.106476
0.683761 2.672735 2.990470
0.264261 2.343121 2.989484
-2.814308 -2.390319 -0.071122
-1.795152 -1.342441 -0.048960
2.135178 1.674682 0.216355
-2.943195 -1.649565 -0.060994
0.019225 1.553930 2.974405
1.055499 1.875432 2.953113
0.776956 1.754416 2.991168
1.336497 2.207844 2.961597
1.319880 2.160876 3.102172
-0.032888 1.662764 2.993787
0.222024 2.212859 2.992378
-0.467477 2.185400 2.999287
-2.449256 -2.802925 -0.067105
-2.765925 -2.551504 -0.075633
-2.462174 -2.311237 -0.068352
2.889585 1.642858 -0.007732
1.353704 2.068834 2.976623
2.527812 0.496209 1.168979
1.276492 2.117032 2.941393
-2.522446 -2.875599 -0.073473
-2.969692 -2.530697 -0.056285
2.317534 1.714772 0.121625
-2.352085 -1.830544 -0.061997
-2.201004 -2.472889 -0.076052
-0.090523 1.473166 2.994738
1.167390 1.900693 2.966945
0.977350 1.779755 2.972991
0.692141 1.655594 2.986023
0.164349 1.341199 2.996582
1.717782 2.429538 2.995923
2.599342 2.563211 1.179284
2.693630 1.751983 -0.000040
-1.831916 -2.928094 -0.103633
-0.123494 1.380453 2.967784
1.025046 1.694547 2.934928
1.366690 1.921127 2.966360
0.982361 1.645964 2.969465
0.264690 1.647312 2.989799
1.683930 2.837328 3.144579
-2.862081 -2.805630 -0.079294
-2.287608 -2.012043 -0.056255
-2.748119 -2.137124 -0.063952
-0.534250 1.785308 2.974475
-0.790958 1.882134 3.138574
-0.178606 1.299986 2.991839
-0.771834 0.365044 3.109229
1.332574 1.833025 2.995509
-0.002088 1.189059 2.959341
1.038127 1.548757 2.938173
0.620769 1.361705 2.980809
1.271621 1.911025 2.870036
1.551380 -1.537893 0.002431
-1.327427 -2.495291 -0.060940
-2.989600 -1.939665 -0.068603
-2.551981 -1.523537 -0.060149
-0.797088 2.872387 3.108616
-2.340157 -2.090881 -0.059037
-2.105945 -2.097411 -0.053249
0.273782 1.446639 2.999724
1.261467 1.737642 2.994308
1.094729 1.227319 2.961073
0.382874 1.266560 2.977901
0.107454 1.031857 2.966507
1.323571 1.646258 2.937752
0.658892 1.279486 2.967648
-0.114824 1.191540 2.994734
-1.902169 -2.626839 2.998467
-1.196292 -2.725194 -0.059841
2.593196 2.363949 1.107823
-2.942741 -2.180895 -0.071844
0.335818 1.347726 2.987536
1.324041 1.756301 2.994494
0.044374 0.962011 2.998303
1.393767 1.554778 2.949261
1.757031 1.911415 2.998211
1.622233 2.104285 3.100897
-0.329245 2.149500 3.161022
-0.465175 1.656814 2.978592
-2.690074 -2.281595 -0.083536
1.602818 2.201445 3.102848
1.357804 1.467597 2.985473
1.283229 1.493437 2.903210
1.781062 1.820153 2.998839
-0.225033 1.111595 2.997332
0.243574 1.269489 2.992257
0.584845 1.039559 2.962614
1.732621 0.933035 2.995040
-0.644134 -2.998595 0.414262
-0.260494 2.187011 3.211345
-0.784166 2.101402 3.107503
-0.327276 1.302564 2.984478
-0.575330 1.141497 2.973640
0.187494 1.278936 2.982552
-0.251089 1.030261 2.972926
0.413916 0.958062 2.965897
1.691678 1.356353 2.981753
1.591074 -0.990639 0.604554
-2.025040 -1.476539 -0.052479
1.612187 2.477808 3.127753
1.037912 1.910555 2.989580
-0.735443 0.975637 2.992945
1.166042 1.237102 2.893521
0.513153 0.964903 2.987091
1.806719 1.273447 2.993025
1.316820 2.319597 3.103860
-0.819233 1.742388 2.972569
-1.397116 -2.790802 -0.069838
1.188131 1.098017 2.943943
1.454631 0.564052 2.999759
0.879563 0.949380 2.949841
0.863805 1.010316 2.918867
1.793421 1.301744 2.996135
1.143019 1.767725 2.997905
0.670161 1.725632 2.999012
-2.953614 -2.784059 -0.081025
-2.607366 -2.198843 -0.062030
-0.503101 -2.993587 0.394203
1.139413 0.967267 2.930823
0.833378 0.865427 2.994577
-0.659415 0.961782 2.973400
0.286241 0.761344 2.959253
-0.196716 0.419805 2.966357
1.224624 0.937464 2.964659
0.224432 0.857395 2.995110
1.266595 1.083334 2.934744
-1.550370 -2.879964 -0.074751
1.210693 0.725226 2.965474
0.719389 0.758921 2.999791
0.796639 0.812905 2.965152
0.214011 0.411138 2.997945
-0.240539 0.317407 2.980474
-0.221384 0.849431 2.984241
1.281208 0.852645 2.963115
0.071686 1.960019 3.240429
-1.865313 -1.187213 -0.041913
1.058371 1.327917 2.935995
1.144126 0.720758 2.955430
1.055328 0.606595 2.994432
0.125065 0.376251 2.967392
0.150854 0.800436 2.961301
-0.211608 0.760344 2.978304
1.666636 0.758040 2.995563
1.185472 0.651050 2.966356
0.843354 0.720181 2.982419
-0.381441 0.968740 2.989852
-1.864594 -0.210336 -0.040393
-2.994926 -0.467855 0.280038
-0.801068 0.928688 2.989357
1.101320 0.468355 2.990198
0.051449 0.727810 2.983691
-0.387511 0.224548 2.990880
-0.333391 0.666513 2.928406
-0.840159 0.315764 2.980843
1.144787 -0.001015 2.997276
0.708183 0.606752 2.995267
0.099045 0.806213 2.990310
1.071434 0.375708 2.980802
-0.470987 -2.881825 0.481665
-0.832678 0.084397 2.993652
1.165858 -0.166480 2.997842
1.053354 0.450068 2.970317
1.092200 1.169262 2.930914
0.659778 1.130182 2.983122
0.261631 1.077418 2.977240
-0.460605 0.698605 2.990989
0.012776 0.646175 2.995054
-0.498614 0.597234 2.981874
0.833929 0.262935 2.994403
1.131939 -0.314326 2.996729
-0.013856 0.345722 2.943134
1.513328 0.318704 2.996500
1.068655 0.293564 2.990043
-2.122398 -2.651606 -0.072853
-2.907898 -0.531017 -0.010711
-0.004095 1.257441 2.995542
-2.131176 -2.396893 -0.075395
-0.965052 0.752223 2.981492
1.118519 0.303985 2.974268
1.459728 -0.477811 2.999166
0.930161 0.183633 2.981323
-0.073084 0.442666 2.995381
-0.925965 -0.071752 2.999924
1.065777 -0.402959 2.988092
-0.537743 0.638113 2.999598
1.457753 0.177963 2.990410
0.481049 0.882280 2.956280
0.723343 0.963217 2.987883
1.807582 -1.018051 0.169594
0.997354 1.014255 2.996110
-0.542654 1.228299 2.992524
-0.032378 0.890640 2.997437
-0.525463 0.514634 2.968870
0.647238 0.154469 2.980588
-0.918831 -0.170460 2.993430
1.085312 -0.500939 2.996698
1.463501 -0.555898 2.995644
1.114545 -0.535632 2.988557
0.564123 0.106736 2.994230
-2.773860 -2.801606 -0.061645
1.010052 0.834402 2.981412
0.573648 0.834192 2.978934
0.150728 0.904292 2.958056
1.561762 -1.435188 0.025996
-2.786978 -0.384164 0.082915
1.054255 1.315700 2.866116
-2.314022 -1.703871 -0.064063
1.047940 0.767824 2.997729
-0.568928 0.386932 2.950644
0.425988 -0.237295 2.996655
0.531943 0.097415 2.997398
1.002824 -0.606316 2.999518
-0.103759 0.081240 2.918830
0.474890 0.051869 2.986914
0.916526 0.034584 2.979345
1.386930 0.012593 2.982141
0.351212 0.790776 2.969522
-2.865382 -0.932369 0.047841
-0.151300 1.631529 3.223154
0.919793 1.433802 2.948338
-0.117434 1.558302 3.217556
0.991068 0.818362 2.997721
-0.039687 0.657148 2.997235
0.819489 -0.014968 2.979622
1.275472 -0.762483 2.999395
0.429536 -0.030412 2.976379
0.870830 0.009699 2.987659
1.400343 -0.023322 2.998838
0.973896 0.706319 2.996222
-0.053672 1.499911 3.218116
-2.865826 -0.000943 0.269800
-0.117754 0.339600 2.987665
-0.695447 0.041239 3.118112
1.244175 -0.981478 2.994516
0.821559 -0.796244 2.978572
0.812115 -0.115732 2.984910
-0.621406 0.370375 2.999858
1.075799 -0.332478 2.987689
1.387734 -0.289837 2.997090
1.006224 -0.135153 2.999440
-2.931870 -2.991712 -0.070217
0.369251 0.592720 2.987124
0.094918 1.236426 3.201349
0.970324 0.467975 2.983016
0.736937 -0.393438 2.995517
0.303653 -0.156494 2.943933
-0.843892 -0.274390 2.983516
-0.137022 0.138425 2.969748
1.289642 -0.586678 2.922421
0.871628 -0.311203 2.976784
0.145351 0.569081 2.983527
-0.642597 -2.439373 -0.053189
-0.113980 0.212399 2.991354
-0.085598 0.561241 2.978822
-1.153277 0.187877 3.102145
0.941558 -1.322776 2.985139
0.592104 -1.112061 2.979334
-0.276872 -0.115382 2.924059
1.161661 -0.604455 2.980558
0.190988 1.100106 3.167965
0.205609 1.068748 3.182898
0.874305 0.125769 2.993943
-2.515526 -2.497729 -0.075433
-2.290905 -2.201814 -0.067610
0.646824 -0.529284 2.994275
-0.885168 -0.157183 2.992641
-0.929898 -0.320825 2.978501
1.022612 -0.763851 2.980294
0.177115 0.993490 3.162809
-0.272711 0.106749 2.977842
-0.967066 -0.265877 2.997364
0.366934 -1.270552 2.979785
-0.306511 -0.223594 2.909863
-0.671089 0.067146 2.985473
0.575538 -1.531684 2.995335
-0.651959 -0.197242 3.107212
0.715659 -1.473698 2.999367
0.883230 -0.881954 2.989199
0.384104 -0.681899 2.985963
1.347766 -1.084999 2.997845
0.498691 -2.727053 -0.052652
-2.976356 -0.366325 0.070528
0.775689 -0.079239 2.987927
0.274237 -0.748454 2.981796
-0.024091 -0.494891 2.894457
-0.666650 -0.329046 3.206244
-0.460770 -0.101024 2.990818
0.160626 -1.388819 2.982936
-0.488298 -0.322258 2.897633
-1.285744 -0.367600 3.264879
0.344491 -0.838958 2.958959
-0.985276 -2.807415 0.628074
0.153665 0.139772 2.996109
0.758343 -0.125161 2.979941
-0.151429 0.603390 2.979548
-0.566934 0.830912 2.995902
0.795178 -1.024547 2.995357
-0.170701 -0.541788 2.875113
0.095489 -1.434099 2.979146
-0.624840 -0.407678 2.835946
1.098072 -1.336756 2.998305
0.194540 0.064087 2.976344
-2.502902 -2.695956 -0.075098
0.348868 -0.792842 2.990604
0.145473 -0.845182 2.983388
-0.190369 -0.634686 2.899815
-1.414879 -0.451820 3.622641
0.148189 -1.429815 2.984874
-0.695353 -0.512035 2.992353
-0.669432 -0.176388 3.205432
-0.690875 0.541875 2.994039
0.690897 -0.226984 2.994548
-0.673797 0.675304 2.979840
-1.276551 -0.584219 2.964162
-1.739961 -0.399243 2.991970
0.370396 -1.738416 2.999413
-0.215473 -0.674202 2.933722
-0.831185 -0.644752 2.980431
-0.677124 -0.523946 2.899964
-0.660988 -0.436080 3.235834
0.740394 -1.100777 2.995241
-2.950989 -0.175990 0.295638
0.492578 -0.311109 2.999456
-1.841660 -0.460777 2.990722
-0.667419 -0.604513 2.931855
0.084429 -1.592348 2.997615
0.407063 -1.846500 2.999752
-1.464413 -0.463047 3.902098
0.515385 -0.387874 2.980501
0.037938 -0.255205 2.941225
-0.320009 0.796228 3.136180
-0.706826 -0.600551 2.937582
-1.420350 -0.700490 2.975650
-0.460446 -1.105829 2.989934
-0.355072 -0.861953 2.890391
-0.800671 -0.611926 2.871007
-0.633824 -0.664324 3.211484
-1.379823 -0.742381 2.991646
0.507555 -2.737158 2.999929
-0.805474 0.524159 2.985245
-0.047936 -0.240173 2.967100
-1.838972 -0.518717 2.985480
-0.914838 -0.901091 2.982994
-0.803627 -0.720816 2.880275
-1.205720 -0.436193 3.133589
-1.114233 -0.644623 2.811290
0.400609 -1.271101 2.986911
-2.995413 -2.893966 -0.062442
2.243429 -2.391055 2.996556
-0.706331 -0.345417 2.997659
-0.461124 -0.880149 2.895394
-0.945223 -0.893344 2.986310
0.259505 -1.933381 2.994236
-0.789655 -0.786689 2.864220
-0.753652 -0.416424 2.957368
-0.374505 -0.189373 2.962979
-0.530842 -0.984334 2.869238
-1.210572 -0.507036 3.114819
-1.928685 -0.534705 2.983086
-1.000823 -0.972470 2.987984
-1.508773 -0.828021 2.973424
-1.317328 -0.461801 3.636567
0.721550 -0.777176 2.994670
0.014167 -1.226711 2.995281
-0.500471 -1.069591 2.884106
-1.977425 -0.655844 2.973646
-1.037627 -0.881796 2.957229
-0.928976 -0.770375 2.931636
-1.568234 -0.754667 2.999372
-0.694039 -1.296532 2.998183
-1.087645 -1.028954 2.975207
-0.978916 -0.836053 2.888848
-1.985248 -0.704834 2.994009
-0.585302 -0.926382 2.992332
0.365645 -1.473915 2.991012
-0.539685 0.121200 2.998846
-0.545232 -1.110807 2.880609
-2.030845 -0.715378 2.971034
-1.137433 -1.121027 2.983699
-0.924997 -1.028376 2.862502
-0.883683 -0.842282 2.880507
0.627659 -0.875459 2.999305
-0.458248 0.321867 3.136694
-1.285903 2.151469 3.101252
-0.980266 0.268741 2.997178
-0.687819 -0.355287 2.883161
-0.896010 -0.909508 2.898351
-0.612233 -1.216693 2.858038
-2.081594 -0.817014 2.979118
-0.914869 -0.584617 2.988864
-0.626085 -0.088573 2.990350
-0.686057 -0.291700 2.880455
-0.580318 -1.213574 2.869150
-1.061607 -0.981381 2.889375
-1.432534 -0.680415 2.978041
-2.122407 -0.870640 2.969424
-0.704988 -1.163028 2.900034
-1.025909 -0.791792 2.955676
-1.727432 -1.056916 2.950300
-1.233214 -1.250580 2.997480
-0.092974 -2.999637 0.609160
0.294688 -1.283321 2.996080
1.495915 -2.719443 2.998589
-1.491253 -0.506494 2.996254
-2.227688 -1.045406 2.966817
-1.100752 -1.067991 2.881214
-1.776137 -1.228551 2.961024
0.073678 -2.161741 2.992616
0.177425 -1.810646 2.995884
-0.691737 -1.166827 2.881269
-0.997013 -1.153067 2.857208
-1.671222 -1.048665 2.978714
-1.193754 0.315660 3.163769
-0.013796 -0.947015 2.997285
-2.442587 -0.481178 2.998703
-1.105353 -0.779913 2.984722
-0.692295 -1.611586 2.996273
-1.189057 -1.425259 2.979322
-1.198736 -1.176877 2.889107
-1.664411 -1.396174 2.971096
-0.740916 -1.299292 2.878004
-1.098194 -1.265824 2.842699
-1.406308 -1.069769 2.916498
-1.687218 -1.286108 2.985656
1.478096 -2.840544 2.992089
-1.539566 -1.273226 2.856189
-2.193567 -1.508548 2.974755
-1.141551 -1.368130 2.844687
-0.948160 -1.334140 2.820075
-1.557948 -1.283166 2.916275
-0.732208 -0.567973 2.881434
-2.080850 -0.265438 2.998299
0.349267 -1.086373 2.997658
-1.155817 -0.864012 2.990695
-2.128953 -0.949309 2.983613
-1.168632 -0.997491 2.984097
-2.090534 -1.146517 2.998469
-2.169743 -1.655621 2.969480
-1.653447 -1.690034 2.948575
-1.590305 -1.336090 2.883233
-0.595367 -1.334827 2.864166
-1.093122 -1.428145 2.841794
-1.658722 -1.707705 2.975400
-2.119535 -1.741568 2.972142
1.332253 -2.792095 2.999225
0.331397 -0.980065 2.998041
-1.201538 -2.878546 0.549169
-0.134820 -0.819517 2.985999
-1.673375 -0.898299 2.965790
-2.198085 -1.040070 2.998690
-2.648979 -1.143077 2.996312
-1.720123 -1.119653 2.962492
-1.479495 -1.440095 2.849532
-2.121040 -1.855378 2.985251
0.108546 -1.989804 2.996124
-1.087844 -1.697948 2.994838
-1.594992 -1.834602 2.971437
-2.092713 -1.861474 2.981682
-1.631476 -1.113368 2.996359
0.881805 -1.190969 2.998065
-0.676135 -0.672783 2.859977
-1.736973 -0.884666 2.991766
-2.090400 -1.016173 2.984301
-1.481357 -1.567152 2.851600
-1.985772 -1.970057 2.977965
-1.558298 -1.777071 2.993749
-0.995649 -1.734639 2.999719
-1.539502 -1.641802 2.871422
-1.967514 -2.042746 2.962608
-0.651289 -1.429670 2.850014
-1.584854 -1.317278 2.984730
-0.942780 -1.552458 2.842122
-0.553171 -1.452018 2.859280
-1.041789 -1.556488 2.859921
-1.036494 -1.331620 2.987717
-1.351833 -1.627430 2.944132
-1.101619 -1.226145 2.971453
-1.063578 -2.698789 0.598219
-1.794386 -0.726124 2.991995
-2.002354 -1.548740 2.979582
-1.340202 -1.705842 2.862537
-0.939548 -1.615354 2.856081
-1.829443 -2.300343 2.997085
-0.549394 -1.504802 2.863692
-1.443018 -1.695095 2.988095
-1.538147 -1.491157 2.985245
0.788824 1.176589 2.886885
-1.743826 -0.955002 2.965878
-2.024230 -1.653370 2.996043
-1.035670 -1.609527 2.874954
-1.373137 -1.811673 2.835268
1.499942 -2.229471 2.997971
-0.443056 -1.491162 2.877555
-0.891956 -1.653145 2.855992
-0.988422 -1.601043 2.988734
-1.314035 -2.201625 2.981937
-1.750947 -2.333346 2.984236
-1.635322 -2.024444 2.992510
1.180226 -1.624821 2.999973
-1.604643 -1.546249 2.960955
-2.024697 -1.759791 2.996403
-1.804083 -0.907187 2.998969
-2.200940 -1.458464 2.997163
-0.785803 -2.793211 0.603203
-1.397759 -0.880817 2.975759
-1.848052 -1.045431 2.971473
-1.084088 -1.825696 2.867521
-1.228954 -1.848585 2.841563
-1.385747 -2.071458 2.894856
1.529013 -2.052749 2.998004
-0.486853 -1.597605 2.874394
-0.872788 -1.806286 2.876944
-1.340778 -1.845890 2.903519
-1.257241 -2.020267 2.938333
-1.763722 -2.479123 2.996477
-1.410515 -0.936439 2.997445
-1.845039 -1.162269 2.992476
-1.468980 -1.808502 2.934143
-1.862283 -2.081129 2.994781
2.404565 -2.262146 2.995911
0.830222 -1.640771 2.987835
-0.387490 -1.677832 2.882077
-0.656658 -2.073790 2.978855
-0.731209 -1.812040 2.838496
-0.304568 -1.484642 2.886506
-1.725897 -1.439325 2.994203
-1.938486 -1.264530 2.995778
-1.444407 -1.137602 2.991390
2.103085 -1.583544 2.998903
-0.200847 -1.961316 2.991149
-0.428173 -1.779968 2.876201
-0.829186 -1.909567 2.853446
-1.063412 -2.526758 2.941691
-0.609611 -2.196354 2.989901
-0.448731 -1.629632 2.865723
-1.002943 -1.735040 2.869697
-1.035135 -1.297545 2.931259
-2.666731 -1.275881 2.993945
-2.267874 -0.272226 2.998736
-1.879894 -1.584179 2.964044
-1.274463 -1.489369 2.887330
-1.236413 -2.143455 2.885772
-0.589178 -1.952240 2.809973
-0.299598 -1.666034 2.881240
-0.637076 -1.927334 2.873508
-1.360397 -2.905600 2.995610
-1.771790 -1.662152 2.992388
-2.069120 -2.116277 2.994650
-2.629415 -1.372385 2.998416
-2.801786 -0.726720 2.997066
2.574157 -1.743669 2.997487
-0.453692 -2.229491 2.959633
-0.719109 -2.071484 2.814451
-0.781008 -2.701467 2.966997
-0.290179 -1.766279 2.885257
-0.921206 -1.860874 2.907681
-0.726860 -2.117529 2.861062
-1.127223 -2.983142 2.985949
-1.804024 -1.787437 2.979444
-2.106704 -2.110907 2.995883
-2.715193 -2.274398 2.998319
-1.377762 -0.243068 3.609735
-1.426728 -2.616671 2.976706
0.855078 -1.259389 2.992375
-0.365973 -2.268692 2.961534
0.644262 -1.552741 2.996233
-0.552990 -2.014384 2.872443
-0.792924 -2.422547 2.886284
-1.658384 -1.964087 2.980455
-2.856086 -2.387848 2.991010
-0.805885 -1.272306 2.977079
-1.085238 -2.319387 2.957188
-1.058114 -2.863884 2.997864
-0.442578 -2.018359 2.887074
-0.396148 -2.005642 2.863351
-1.597943 -2.101874 2.962458
1.742770 -1.307713 0.160201
2.943560 2.010278 -0.008804
-1.642390 -2.146471 2.972364
-0.368869 -1.029114 2.981291
-0.912050 -2.474253 2.922478
-0.987518 -2.930911 2.934001
-0.397513 -2.107772 2.914695
-0.534838 -2.464975 2.924028
-0.443655 -2.199656 2.886736
-0.655511 -1.996160 2.980180
-0.527220 -2.513338 2.916103
-1.432579 -0.216791 3.574099
-0.953510 -1.967856 2.955322
-1.069594 -2.437060 2.957772
-0.315795 -2.143619 2.884838
-0.745695 -2.542186 2.997679
-0.847589 -1.492080 2.891976
1.932591 2.146312 -0.006941
1.212272 0.096633 0.068695
2.781128 2.203090 -0.006085
0.710973 -0.899091 2.998681
-0.263310 -2.044475 2.894030
1.694435 -1.316009 0.190908
2.589381 0.493181 0.820347
1.823020 2.261250 -0.008174
1.875784 2.582670 -0.000561
1.645653 2.111345 -0.005340
-1.352773 0.279036 3.310183
-1.005019 -2.158662 2.828465
-0.192398 -1.788890 2.889814
-0.458808 -2.198526 2.904146
-1.391110 -2.621328 2.989471
2.596387 0.494697 0.588819
0.602534 -0.788037 2.992411
0.010403 -2.276193 2.985782
-0.277029 -1.890557 2.885087
-0.362873 -2.303077 2.933534
-0.128768 1.299710 1.436905
-0.998827 -1.117542 2.999116
-0.526965 -2.834025 2.974058
0.186942 -2.817629 2.992139
-0.556842 -1.836231 2.970314
-1.216260 -1.437592 2.999103
-0.412081 1.304981 1.376070
1.895918 1.894989 1.336963
-0.194925 -2.605304 2.985180
-0.478702 -2.301560 2.981467
2.629228 0.494571 1.157474
-0.420325 1.310356 1.115227
1.472234 -0.988791 0.104271
-1.300815 -0.400907 3.252457
-1.513071 -0.195287 3.594487
-0.321456 -1.594798 2.883322
-1.314834 1.992436 3.108367
1.012227 1.096329 0.000937
-1.091954 2.993491 -0.000175
0.121144 -1.507372 2.962655
-0.776465 -1.390343 2.992698
1.549542 2.281227 -0.012110
-0.945715 -1.955279 2.848153
-0.776497 1.666337 0.001942
-1.010899 2.066336 0.002194
-1.376645 -2.327043 2.996405
-0.006044 -1.977363 2.899681
2.898942 2.171086 -0.004200
1.185625 2.776669 -0.008489
-0.070979 1.299437 1.047466
-1.345454 -2.552779 2.997149
-1.658183 2.825250 -0.000682
-0.055576 1.298651 1.429547
0.508245 -2.839661 2.997092
-2.376586 1.408269 -0.015911
-1.272236 -2.719414 2.997892
-1.271503 -2.610491 2.968592
-1.140587 2.076993 0.000212
2.044082 -1.211420 0.021398
2.055809 -2.540400 3.006881
0.624245 -1.936252 2.999902
2.554048 2.024046 -0.002329
-1.204478 -1.936184 2.955162
-0.821540 -2.187107 2.863798
1.609327 -1.341805 -0.027777
1.972080 -1.250397 0.011825
-1.599831 2.167717 0.000328
-2.478061 2.716389 0.000278
-1.340626 -1.259421 2.995356
0.694102 0.944235 0.002108
-0.729698 -2.217549 2.875958
-0.424189 -2.313982 2.896213
-1.169798 -2.742470 2.977967
-2.144609 -2.597018 2.986877
-1.552724 0.091486 -0.028481
-1.396314 -1.312658 2.996231
1.758531 2.707226 -0.002544
-0.396750 -1.218342 2.973796
-0.400518 1.313341 1.287516
-1.476468 -0.300869 3.597831
-0.449795 1.800913 0.007446
-2.097548 -1.345904 2.999783
-0.604449 -2.249333 3.104507
-2.317752 -2.035337 2.999154
-2.460894 -2.323454 2.991081
0.043501 -2.835649 2.995816
-0.076639 -2.419936 2.959318
-0.168280 -1.991617 2.973956
0.162568 2.789462 -0.001447
-0.845829 2.991514 -0.000226
-1.280953 -1.306716 2.994617
2.113331 2.973587 -0.013109
1.783357 2.961824 -0.005575
-0.183519 1.298612 1.242980
-1.458220 -0.899296 2.994689
-0.757751 -1.542604 2.881338
2.056425 2.993855 -0.007163
-1.172207 -1.377862 2.963853
-2.111888 -1.446323 2.997853
-2.433822 1.417960 -0.028026
-2.768556 -1.691767 2.995627
-2.339586 -1.831567 2.985167
-2.313709 -2.133049 2.997399
-2.873869 -2.225059 2.991972
-2.969614 -0.503179 0.256230
-1.493813 -0.391578 -0.026374
-2.839703 -0.104024 0.120114
-2.382176 2.658713 0.003791
-2.299870 2.000614 0.026015
-0.498588 2.196685 -0.009984
-0.975976 2.724358 -0.003701
2.208429 2.733756 -0.011203
1.842903 2.650358 -0.004922
0.900742 2.834025 -0.013698
-0.673045 -1.579856 2.888160
-0.130496 1.297454 0.998218
-1.510027 -0.989075 2.996119
-0.648713 -1.618342 2.860698
1.667513 2.282394 -0.009593
1.172688 2.265007 -0.006345
-1.590800 -1.070865 2.990638
-2.072789 -1.259117 2.993517
2.158361 -2.488479 2.999203
-2.857645 -2.095541 2.998839
-2.859609 -2.437376 2.993756
-2.387640 -2.369489 2.998239
2.629469 0.495452 0.902317
2.059295 2.747797 -0.000884
1.076805 2.821475 -0.003157
-0.589888 -1.663657 2.866102
-0.860341 1.571550 0.000105
-1.396653 1.940570 0.001968
-2.674548 2.990060 0.006158
-2.574537 0.700185 -0.031808
-0.311758 -2.527079 2.994998
2.806239 0.481317 0.181216
2.337920 2.966182 -0.012877
2.246049 2.597262 -0.013468
1.894219 2.962087 -0.011298
1.701967 2.566101 -0.014899
0.742150 2.795131 -0.013974
-0.475134 2.640652 -0.006784
-0.298293 -1.563990 2.893596
0.436126 -1.332950 2.983989
1.685834 2.446666 -0.001467
-0.400487 1.311376 0.725604
-0.508286 1.977515 0.012669
-0.908967 2.017399 0.015086
-1.214551 1.876732 0.001969
-1.771765 -2.211735 2.999306
-2.400774 -2.079501 2.999398
-2.745159 -2.139792 2.993941
-2.188889 2.639105 -0.011050
-0.959109 -2.035487 2.951827
2.267680 1.767026 -0.020369
-0.394204 1.473208 0.776242
-0.396214 1.520039 0.892545
-1.557351 -0.577616 2.997769
-1.781974 -1.378281 2.961911
1.997738 2.255240 -0.007427
-0.487108 2.481252 0.012197
-2.201783 -1.518957 2.999675
-1.778692 -1.891461 2.969404
-1.276656 -1.643676 2.999617
-1.879355 -1.293096 2.988534
2.097853 2.410674 -0.005130
2.110872 1.672986 1.176976
-0.397034 1.434702 1.338752
-0.851794 -1.334620 2.863203
2.333759 1.755809 -0.003880
-2.774728 -1.118512 2.996971
-1.672463 -1.815925 2.973851
-2.676239 1.517852 -0.021422
-2.386061 -1.689996 2.998660
1.129704 -1.850903 2.994990
-0.605087 2.942160 -0.000682
-1.582287 2.541450 -0.005870
-1.280938 -0.848087 2.987327
-0.825654 -1.248074 2.898462
-0.402690 1.520079 1.045086
-0.401179 1.567108 1.229631
-0.399863 1.510111 1.386357
-0.410593 1.556090 0.937683
-1.387111 -1.574115 2.997849
1.522407 2.868008 -0.006468
1.391448 2.802262 -0.003606
-0.412675 1.507236 0.639515
-1.893181 -1.467355 2.996059
-2.770188 -1.030123 2.994373
-2.697398 -1.080434 2.998529
-2.334831 -1.300698 2.997302
-1.245249 -1.760684 2.859921
-0.463753 -2.009287 2.992226
-2.638498 -1.763393 2.999207
-1.925847 -1.548848 2.992084
1.909078 1.864766 -0.007228
0.392819 2.471687 -0.011566
-0.392395 1.491148 0.634317
-0.465048 -1.192142 2.889672
2.357144 2.865497 -0.007175
-2.420183 -1.022102 2.993552
-2.853863 -1.241395 2.997370
-2.806055 1.153333 -0.021715
-1.046773 -1.877495 2.947820
2.108734 1.689383 0.464660
1.280857 2.856307 -0.002657
-0.394067 1.519474 0.237260
-1.901316 -0.880831 2.996803
-1.762440 -0.688638 2.998396
-0.406341 1.580691 0.599841
-0.308753 -1.192599 2.883324
0.645700 -0.966822 2.981701
-0.395985 1.539912 1.091636
-1.805120 -0.721445 2.990650
-0.702383 -1.196949 2.850618
-1.337428 -1.040201 2.928420
-2.895759 -1.020668 2.999357
-1.860080 -1.806338 2.980796
-2.886855 -2.146758 2.997658
-1.577703 0.148949 -0.022087
2.461358 2.780071 -0.004495
-0.399445 1.533337 0.349818
-1.557787 -1.154776 2.993165
-1.251908 -1.077025 2.952734
-0.840726 -1.133502 2.892525
-0.389739 1.549068 0.993642
-0.404270 1.434650 0.199215
1.814473 2.431877 -0.015392
1.532362 2.964744 -0.017715
-2.326273 -1.003405 2.997789
-0.725306 -1.651236 2.834869
-0.536221 1.298730 0.002832
-2.413770 -1.730407 2.998878
-0.884982 -1.770088 2.887686
-2.896847 -1.671700 2.996778
-0.915423 -2.157260 2.997964
-2.694479 1.617914 -0.020375
2.306185 1.790223 0.228450
-1.082017 2.650398 -0.002082
-1.909409 -1.167076 2.987761
-0.382816 1.555834 1.148701
-1.897612 -0.382680 2.999404
-0.408635 1.451475 0.541766
2.424909 2.803814 -0.002763
2.154404 2.395688 -0.003889
-2.367141 -1.419765 2.996452
-0.904255 -2.520654 2.992002
0.557808 -0.701996 2.994558
-0.399118 1.592561 1.207802
-1.480289 -0.451368 2.993132
-0.172220 1.298370 1.140869
-0.387251 1.468151 1.421734
-1.368715 -1.190717 2.895992
-0.401763 1.535468 0.494096
-2.903390 -1.854863 2.998655
2.778188 0.497529 0.081581
2.140023 1.682907 -0.011735
-1.443804 -1.546171 2.983408
2.106893 1.680061 0.715947
1.192222 2.898342 -0.018313
0.675022 2.567029 -0.017337
-1.085602 2.344162 -0.018324
-1.007156 -1.010190 2.869264
-1.897063 -0.878937 2.978080
-2.958269 -1.304104 2.998650
-0.401701 1.422820 -0.003645
2.631676 2.979187 -0.014060
2.051900 2.697260 -0.013427
1.752667 2.691529 -0.011182
1.350377 2.786907 -0.021699
-0.383208 1.494848 0.191081
-0.373038 2.551824 -0.018197
-0.809384 2.626617 -0.018455
-2.216202 2.921768 -0.023060
0.925687 -1.210092 2.994483
-0.208129 1.298539 1.182134
-0.651117 -0.992717 2.894074
-0.149693 -0.922717 2.898259
-0.214260 1.293072 1.229060
-0.384050 1.487189 1.002686
-0.279680 1.292815 0.765587
1.337653 2.959450 -0.003499
-1.121479 -1.468772 2.835682
2.315007 2.695675 -0.002513
-2.580566 -1.627076 2.997931
-1.584971 -1.917164 2.988107
-2.666701 -2.372118 2.993883
2.318203 1.796369 0.341479
-0.701806 -0.820967 2.860898
-1.139247 -0.873399 2.855422
-2.201922 -0.896562 2.986382
-1.289901 -0.937396 2.867795
-0.393279 1.569069 0.770268
-1.789321 2.408762 0.001361
-2.578596 -1.920842 2.993478
-2.116700 -1.933911 2.996683
-0.243858 -0.873831 2.871508
0.437937 -0.564321 2.990293
-2.147673 0.007751 2.995427
-1.089023 -0.775710 2.875934
-0.696358 -0.842320 2.858396
-0.386379 1.536562 1.439393
-2.163321 -0.768172 2.978492
-1.656747 -0.729068 2.960688
-1.665887 -1.425699 2.936322
1.716368 1.901413 -0.010191
2.377217 -2.012563 2.998899
-1.731205 2.030372 0.000381
-2.207251 1.909432 0.001968
-2.468259 2.393355 0.006749
2.394546 2.555438 -0.017545
2.269760 2.366760 -0.003157
-0.688639 2.699534 -0.011970
-1.637177 -0.603464 2.983441
-0.385426 1.414016 1.237746
-1.284907 -0.728437 2.898250
-0.395437 1.468244 0.842812
-2.191022 -0.569636 2.988851
-2.300363 -0.926934 2.998628
-1.273137 -1.285231 2.852767
2.505676 2.737518 -0.003564
-2.002217 2.631860 0.009002
-2.557985 2.711722 0.000845
-2.336252 -1.264210 2.989745
2.615465 0.498146 0.466772
-2.669033 1.615973 0.006809
-0.382880 1.448124 0.049509
2.428392 2.983301 -0.007075
0.941832 2.970500 -0.009977
1.150763 2.614542 -0.010434
-1.716482 -0.568555 2.991755
-2.215863 0.215853 2.998435
-1.213960 -0.608005 2.964570
-0.394900 -0.650685 2.898451
0.280983 -0.382283 2.994911
-0.402478 1.571497 1.400668
-1.730698 -0.482565 2.994479
-2.269700 -0.488441 2.987460
-0.401227 1.567649 0.714059
-1.414456 -1.208611 2.868287
-1.059187 -1.306212 2.851621
2.383311 2.478759 -0.013718
-0.241128 2.433277 -0.008874
-0.635098 -0.519514 3.207994
-0.878080 -0.598062 2.881781
2.592175 2.680665 0.141505
1.455788 2.933625 -0.000412
-1.908724 -1.021615 2.972052
-1.463262 -1.170380 2.884106
-2.539544 2.967984 0.012922
-1.570226 -2.293986 2.999594
1.322634 -2.819018 2.999172
2.614964 2.691200 0.343484
-0.930258 -0.595054 2.876641
-0.488317 -0.658645 2.896447
-1.319943 -0.472826 2.935613
-0.391123 1.446259 0.938253
-2.442320 -0.340895 2.999685
2.119060 2.888422 -0.003840
1.973477 2.582636 -0.005483
-0.241383 1.298819 0.364592
-2.472520 -0.925913 2.993630
-2.392116 2.226682 0.005550
0.379591 -2.196678 2.993248
-2.131515 -1.329204 2.991183
2.613106 2.653384 0.127089
-1.986532 -0.307158 2.996564
-0.537282 -0.560936 2.896682
-0.979497 -0.488353 2.907369
-1.981496 -0.243745 2.986300
-2.437389 -0.202703 2.992662
2.209581 2.843471 -0.006187
-2.083196 -0.963770 2.961249
-2.324410 -1.992313 2.996893
-2.236702 -1.650995 2.995152
-0.396275 1.552071 0.534382
-0.184813 2.404289 -0.007331
-1.542668 -0.330396 2.978955
-1.537048 -0.406003 2.941934
-1.017409 -0.495122 2.866979
-0.402427 1.588537 1.329128
-0.399422 1.564726 0.637431
-1.312253 -1.024036 2.893492
-1.217653 -0.987717 2.971374
-0.300511 1.925873 0.198739
-2.234956 -0.913122 2.979844
-2.775170 1.714328 0.008907
-2.432001 -1.944942 2.997346
1.534329 0.155986 0.000831
-2.280754 -1.151270 2.995362
-2.039752 -0.491485 2.998927
-1.555804 -0.290398 2.983738
-1.106711 -0.348759 2.959878
-1.196456 -0.317081 3.208355
-1.016087 -0.387409 2.907257
-2.008634 -0.122703 2.986767
-1.437607 -1.027030 2.889995
2.936731 -2.992581 2.993654
-2.418244 -1.462684 2.995829
1.614550 -2.076144 2.999949
-2.265149 -0.727858 2.981760
2.622365 2.783931 0.105467
-1.515865 -0.187419 2.989786
-1.608561 -0.218028 2.964900
-2.518096 0.104635 2.995940
-2.720626 -0.505656 2.998777
0.607629 -1.746010 2.995281
-2.138923 2.303390 -0.001191
-2.233993 -0.678914 2.998713
-0.390019 1.579525 0.450801
-0.780425 -0.948426 2.947661
2.604502 2.696452 0.428873
-1.999030 0.157948 2.992921
-1.003111 -0.149573 2.969173
-1.623225 0.007587 2.998650
-1.144444 -0.163214 2.980954
-2.109534 0.102773 2.993170
-2.426290 0.340346 2.993818
-2.606633 0.033378 2.998184
-1.299026 -0.673573 2.893169
-2.720416 -0.356622 2.993771
2.955401 -2.494135 2.995569
1.938296 2.620038 -0.014642
-1.243826 -0.469922 2.985105
-0.718841 -0.254103 2.874009
-1.766528 0.031819 2.978741
-2.128191 0.256900 2.995183
-2.721481 0.080892 2.999422
-2.386305 -0.388143 2.992950
-1.983712 -0.916438 2.999069
-0.399162 1.474101 0.239736
-2.568516 -1.126109 2.999333
-1.898926 -0.616240 2.989789
-0.902076 2.838239 -0.007195
-1.825318 0.151277 2.983010
-0.716066 -0.112214 3.107963
-1.702875 0.237525 2.994388
-1.185684 0.143202 3.234781
-2.338464 0.421687 2.996877
2.591925 2.485034 0.273592
-2.516508 -0.255827 2.989991
-2.078563 2.436418 0.001659
-2.893717 1.941264 -0.004115
-0.249313 -2.642805 2.999952
-2.873173 1.925557 0.008505
1.159203 0.308451 0.498814
-1.087333 -0.643808 2.957377
1.901003 2.317718 -0.016672
-0.715151 -0.076437 3.103273
-1.779767 0.455251 2.989068
-1.983077 0.581218 2.977938
-2.245533 0.651124 2.999578
-1.931830 0.483335 2.984275
2.248270 2.218272 -0.012295
-0.755740 2.432812 -0.001226
-2.491914 -0.023116 2.990752
-1.691898 -0.421453 2.923794
0.429209 -1.765272 2.995914
-0.531858 -2.268740 3.172999
-0.518743 -2.275107 3.202590
-2.852029 2.080184 0.010749
-1.068997 2.777324 -0.005292
-2.113499 -0.172554 2.971911
-1.672822 -0.395043 2.969479
-0.486468 2.888235 -0.011908
1.679436 2.604475 -0.011115
-1.690583 0.536990 2.956192
-0.380105 1.481893 1.144955
-1.728802 0.542152 2.992433
-0.984990 0.074992 2.985831
-2.130235 0.842362 2.984266
-1.845498 0.577468 2.984910
-0.726153 -0.049994 2.987505
-0.406982 1.597435 0.372631
-2.070399 -0.047342 2.973518
1.468581 -1.938511 2.997839
-0.488809 -2.268061 3.223029
1.531975 0.319979 0.010970
-1.739534 -0.154043 2.991390
-1.371296 -0.533194 2.974679
-0.399085 1.450603 0.346184
-0.406425 1.601822 0.116435
-0.354899 1.705897 0.208375
-0.963041 0.110244 2.984312
-1.390079 0.450256 2.990699
-1.021858 0.188158 3.110373
-2.227892 1.003975 2.984119
-1.843547 0.747682 2.972418
-2.246098 0.119243 2.982569
-1.918501 -0.155520 2.954618
-1.364097 2.177017 0.001850
-2.671563 2.202854 0.007555
-1.934747 -0.077759 2.977624
-0.285919 2.686263 -0.002196
1.888592 2.017736 0.421193
2.653989 2.448171 -0.004728
-1.944322 0.846293 2.998702
-1.900200 1.397950 2.993753
-1.523958 1.033287 2.999131
-1.667825 0.788485 2.951489
-0.752109 0.395275 2.934112
-1.205615 0.372294 3.102028
-1.031066 0.146987 2.990482
-1.746927 0.837754 2.967502
-1.383590 0.524796 2.986472
-1.047038 0.208814 2.953417
-2.225731 1.148191 2.974992
-1.868379 -0.126617 2.987117
-1.463310 -0.382159 2.964622
-2.120778 2.014631 0.001611
-2.821770 2.699003 0.002617
-1.838911 -0.086140 2.989556
-0.793710 2.738149 -0.003057
-1.662136 0.822150 2.935525
-1.442561 0.522284 2.970397
2.104000 1.663342 1.017267
-1.282823 0.443006 2.967294
-1.196526 0.297701 3.108740
-1.994676 1.069754 2.941329
-1.806418 0.825736 2.962529
-2.155952 0.362791 2.968347
-2.110934 2.125775 0.000735
-2.861302 2.841188 0.003837
-0.562178 2.842601 -0.002348
-1.947614 0.056563 2.977871
2.520749 2.859566 -0.003128
-1.590990 0.819352 2.920737
2.594403 2.535583 0.984620
-1.948808 1.107729 2.920476
-1.261075 -0.160375 2.982217
-2.155397 0.438406 2.972245
-1.727327 -0.277506 2.997087
-2.525291 -0.418018 2.998247
-0.393075 1.435891 0.445129
1.179813 0.300584 0.795439
-1.971868 1.233641 2.999225
2.078727 2.103677 0.315514
-1.838860 1.312456 2.904373
-2.125713 1.702722 2.971042
-0.397558 1.470811 0.500960
-2.172026 0.514817 2.991546
-0.925529 1.286747 0.000312
-1.490847 2.054758 0.003832
-2.579453 -0.330614 2.990293
-1.889620 2.434786 0.007530
-2.658159 -0.983570 2.993957
-2.497170 -1.286652 2.996692
-0.452786 -2.961946 2.978690
-1.869503 0.245208 2.980439
-1.489186 1.849777 2.996075
-1.667880 0.955647 2.920876
2.002490 2.063107 -0.000940
-2.285579 0.587722 2.986085
-2.022635 0.155752 2.991831
-2.035409 0.274864 2.969347
-2.017342 0.990561 2.982778
-1.895461 1.468111 2.982848
-1.427815 0.642635 2.941655
-0.910414 0.363216 2.989264
2.005801 1.840071 1.478372
-1.582291 1.146175 2.886776
-0.360942 0.121552 3.592577
-1.911955 1.497258 2.904035
1.696316 -0.997883 1.285881
-2.270958 0.711049 2.986488
-2.039609 0.309527 2.987067
-1.831286 0.008325 2.998372
-0.309309 -2.865561 2.989305
-1.462656 2.905142 -0.000022
-2.314121 0.813764 2.992050
-1.608801 1.088857 2.932354
-1.426354 0.887786 2.902678
-1.715419 1.197715 2.900311
-1.472670 0.783938 2.957174
-1.957795 1.690912 2.910535
-2.583706 -1.474400 2.996362
-2.167526 -0.009032 2.992070
-2.257957 0.909353 2.970435
-2.059741 0.558593 2.944247
0.762736 2.894152 -0.002526
-1.763207 1.270817 2.919700
-1.440241 0.934322 2.889481
-1.459287 2.121509 2.984368
-1.641321 1.373453 2.856654
-0.778838 0.091834 2.928415
-1.928741 1.741693 2.922191
-2.180685 2.136808 2.975378
-2.378736 0.992131 2.975317
-2.809047 -1.478996 2.999410
-2.528571 1.504324 2.982520
-2.383266 1.026960 2.986041
-1.959525 1.816029 2.982391
-1.710280 1.382575 2.913584
-1.753419 1.364800 2.880979
-1.533229 0.921129 2.924819
-0.329599 -0.000707 3.616280
-1.865648 1.772814 2.886955
-1.951311 1.525882 2.908132
-2.342193 1.114199 2.995572
-2.131558 0.735058 2.947920
-2.935282 -1.290070 2.999571
-2.480824 1.127638 2.971999
-2.283225 1.288961 2.951109
-2.026845 0.436014 2.945081
2.538161 0.498854 0.663804
-1.727679 1.409641 2.895172
-1.530792 1.065475 2.890031
-1.075715 0.626224 2.999251
-1.095649 2.821789 3.103814
-1.335598 2.351950 2.781631
-0.295831 0.035162 3.661173
-1.763088 1.851060 2.957069
-1.920437 1.963380 2.897117
-1.883951 1.545725 2.873398
-2.440383 1.279719 2.937712
-2.714588 1.761309 2.993582
-0.822717 -2.727304 2.998607
-2.446939 1.824029 2.998680
-2.330947 1.322087 2.931740
-1.875886 2.049948 2.999377
-1.706771 1.568423 2.963565
-1.556713 1.252377 2.909073
-1.496421 1.201838 2.859023
-1.694739 1.596223 2.866650
-1.649420 1.938186 2.948036
-1.920428 2.483626 2.984456
-1.706523 2.092084 2.941128
-1.761330 1.546659 2.870665
-1.676990 1.253527 2.982309
-2.366088 1.431986 2.966568
-2.160164 0.960857 2.955828
-2.513526 0.485248 2.988282
-2.505445 1.954595 2.982399
-2.413484 1.459736 2.976202
-2.146412 1.011570 2.954429
-2.182516 0.601776 2.980535
-1.934288 2.154162 2.992160
-1.691456 1.692290 2.896110
1.191485 0.307362 0.967089
-1.262280 0.635160 2.987464
2.579427 0.462648 1.261372
-1.332393 2.381510 2.815485
-1.639462 1.788707 2.850842
-1.538172 1.248865 2.881775
-1.135172 0.802238 2.981451
-1.594247 2.003055 2.865391
-1.839454 2.299897 2.958804
-1.735172 1.788671 2.862813
-2.476369 1.951687 2.993023
-2.396676 1.576617 2.957717
-2.038858 -1.937188 2.997920
-2.837845 0.470295 2.972599
-1.771988 2.270189 2.998459
-1.795331 1.782896 2.920940
-1.659935 1.184543 2.931900
-1.658128 2.042763 2.989911
-1.557345 1.341734 2.866829
1.184650 0.302171 1.452598
-1.810973 2.193843 2.889895
-1.500578 0.760600 2.997198
-1.987967 2.727364 2.987882
-2.454376 1.727927 2.964961
1.608743 0.181369 0.000210
-2.406000 2.112357 2.988545
-2.568214 1.447287 2.959147
-0.880515 1.685564 0.001009
-2.416101 2.219637 2.980439
-1.839184 2.319463 2.998054
-1.859777 1.818805 2.902964
-1.609155 2.352055 2.995199
-1.472775 0.966107 2.922902
-1.131503 2.518445 2.965790
-1.097017 2.798666 3.106898
-1.765155 1.821015 2.862223
-1.603190 1.431512 2.880070
2.271717 2.150074 0.111049
2.709167 2.810603 0.138151
-2.271515 2.177744 2.928927
-2.256757 1.819178 2.962453
-2.236935 1.347005 2.947681
-2.432144 1.697790 2.943588
-2.436110 1.336678 2.981538
-2.317360 -1.787294 2.992451
-2.445629 -2.186525 2.989372
-2.212990 1.795048 2.903848
-2.185663 1.340424 2.921391
2.207665 2.173728 -0.009051
-1.622199 2.294724 2.937362
-1.593783 1.906068 2.871679
-1.581058 1.508121 2.872426
-1.125306 0.960160 2.991610
-1.157706 2.473461 2.935216
-1.768383 2.390524 2.919627
-1.718323 1.975187 2.920400
-2.129721 2.210788 2.911297
-2.163360 1.901859 2.896043
-2.186402 1.436123 2.965653
-2.334016 1.903842 2.956408
-0.283209 -0.224026 3.623681
-1.633515 2.425046 2.884639
-1.660552 1.954457 2.849192
-1.574957 1.184967 2.981514
1.637769 -1.476770 0.075914
-2.241374 1.998917 2.882414
-2.257670 1.483933 2.952318
-2.315792 2.502800 2.983924
-1.734359 2.484254 2.962392
-1.252302 1.031930 2.987389
-1.645522 1.147078 2.895468
2.594483 2.475283 0.913194
2.615591 2.469057 1.508246
-1.257535 2.902831 3.180290
-1.663090 2.540650 2.937180
-1.661117 2.046677 2.851614
-1.871082 2.648680 2.962537
-1.984697 2.390071 2.869429
-2.009903 2.283274 2.848842
-2.228695 1.582055 2.931440
-0.403036 1.479389 0.415264
-2.758769 -1.598284 2.992989
-2.775965 -2.047459 2.992065
-0.216223 1.672144 -0.006593
-2.188094 2.037048 2.928492
-2.180291 1.138232 2.986878
-1.580063 2.545633 2.974130
-1.565601 2.097055 2.900016
-1.476483 1.546735 2.865339
-1.162814 1.079336 2.965003
1.073248 0.093942 1.061092
-1.003451 2.698689 2.996855
-1.584098 2.640263 2.938427
-1.594030 2.141133 2.838318
-1.527336 1.301090 2.960905
-1.873905 2.278109 2.836355
-2.247734 2.223619 2.913776
-2.326949 1.711164 2.931369
-2.051051 2.158163 2.971181
-2.107742 1.605969 2.880029
-1.539074 2.230479 2.851808
-1.574603 1.828724 2.884410
-1.685273 1.322948 2.903574
-0.902781 2.684794 2.887963
-1.577867 1.685195 2.860982
-1.316195 1.107953 2.976941
2.085310 2.102883 0.489774
-1.567246 2.726522 2.931639
-0.401199 1.491369 0.357125
-1.804940 2.760438 2.954502
-2.229192 2.761281 2.983274
-2.221011 2.367547 2.908389
-2.434944 1.452857 2.899623
-1.430055 2.651001 2.965209
-1.535445 2.302170 2.866846
2.995615 2.468759 -0.027792
-1.085546 2.651162 3.111984
2.594312 2.528448 1.299053
-0.881777 2.780486 2.913300
-1.468433 2.231938 2.841290
-1.458985 2.846823 2.969438
2.678817 2.398004 0.634326
-1.575603 2.884470 2.971649
-1.811553 2.625497 2.868855
-1.789560 2.471312 2.871968
-2.184903 2.405870 2.875683
-2.245330 2.101924 2.869583
-2.098918 2.454080 2.896310
-2.245250 2.051624 2.926052
1.492435 2.554442 -0.004096
-1.329685 2.825725 2.971241
-1.888321 2.398998 2.897477
-1.982128 2.149441 2.875500
-0.404220 1.310153 0.993061
-1.437421 2.411257 2.859219
-1.606739 1.859186 2.904274
-1.459280 1.165407 2.979881
-0.743526 2.686240 2.984315
-1.442319 2.373542 2.856935
-1.613353 1.448013 2.906580
-1.603305 2.580283 2.886277
-2.264134 2.551389 2.928689
-2.197656 2.150141 2.899340
-0.396372 1.401099 -0.006938
-2.113002 2.610221 2.923840
-2.429032 1.824795 2.898494
-1.961096 2.550622 2.973676
-2.254164 1.738154 2.866553
-1.447999 2.524179 2.863356
1.622540 -1.006536 0.376644
-1.785634 1.472294 2.924464
2.620107 2.378760 1.351017
-1.228433 2.762617 2.985163
2.992170 -1.981137 0.005396
-1.568532 2.461227 2.894355
-2.100821 2.639949 2.893639
-2.319255 2.272462 2.922365
-2.164889 2.710437 2.935164
-2.308868 2.418540 2.948947
-0.155541 1.147043 0.010953
-2.194182 2.319600 2.893506
-1.186270 2.904053 2.972353
-1.630846 2.126145 2.871377
-1.812676 1.669504 2.903162
-1.774108 0.953983 2.998685
-1.756275 1.676872 2.897786
-0.964917 2.944959 2.903493
-1.254229 2.864828 3.219087
-1.400155 2.609200 2.864886
-1.659150 2.243438 2.864450
-1.937065 2.912745 2.922174
-1.433570 0.050076 -0.038125
-2.192155 2.974764 2.981159
-2.367501 2.674587 2.921973
-2.405297 2.092760 2.926306
-1.325220 2.671960 2.860723
-1.449588 1.588658 2.998832
-1.169995 2.567724 2.820781
-1.317302 2.714337 2.864554
-1.811548 1.979244 2.895587
-2.321532 2.112860 2.931044
-2.065446 2.783225 2.900957
-2.015295 1.298426 2.998533
-1.315696 2.722189 2.910274
-1.600104 2.330125 2.880711
-1.664690 1.725530 2.988094
-1.732330 2.023790 2.874462
2.555665 0.487671 0.325931
2.610645 2.399506 1.453588
-1.356306 1.683853 2.986137
-1.583397 1.923428 2.907165
-1.701461 1.969891 2.898924
-2.077457 2.671025 2.888727
0.988420 2.705428 -0.006677
-2.295948 2.827496 2.954725
-2.523053 2.454383 2.945390
-2.237780 2.315299 2.867146
-1.257314 2.838806 2.965573
-1.557675 2.521084 2.852993
2.639557 2.392462 1.209480
-1.398630 2.403311 2.867486
-0.916816 2.720831 2.992811
2.269147 1.659418 0.118224
-2.068842 2.716186 2.887229
-2.307019 2.349317 2.963868
-2.121756 2.873420 2.905123
-2.445387 2.452380 2.968346
-2.085821 2.807470 2.898081
-2.311494 2.392271 2.892015
-0.409092 1.318901 0.610723
-0.827311 2.652997 2.994073
-1.349921 2.785555 2.768199
-1.371027 1.774664 2.986253
-0.487387 2.888482 3.626708
-1.229591 2.837226 2.878202
2.600488 2.393250 1.144435
-1.913541 2.816408 2.926318
-2.043705 2.910326 2.904131
-2.212451 2.438659 2.887642
-0.328844 1.242635 0.034058
2.438347 2.196644 -0.000507
-1.136493 2.785271 2.870003
-1.362033 1.809476 2.975055
-1.506856 1.825194 2.952652
-1.827023 2.755613 2.860404
-2.053002 2.813516 2.908405
-2.198176 2.544660 2.919698
-0.397731 1.584432 0.003670
-2.158833 2.532685 2.870112
-1.194695 2.934045 2.870949
-1.374641 2.514910 2.867375
-1.531898 1.471938 2.981254
-1.231938 2.840957 3.535450
2.624019 2.387472 1.032588
-1.047213 2.951649 2.912189
2.982997 0.792972 0.007550
2.600275 2.399371 0.908747
-1.885863 2.852359 2.901330
-2.052746 2.484322 2.907776
-2.437454 1.675665 3.143183
-2.213073 2.476256 2.946522
-1.292139 2.570139 2.881171
-1.255113 1.900622 2.976963
-1.453788 1.403252 2.991590
-0.971412 2.995400 2.890230
-2.078936 2.580458 2.904488
-2.695757 2.809540 2.995831
-1.801217 2.822944 2.883059
-2.356058 1.873564 3.100522
-1.553210 2.903965 2.863521
-1.735765 2.592453 2.858395
-1.254127 2.727383 2.847767
-1.248734 2.813116 3.612932
-1.372856 2.242644 2.905892
2.936930 -1.333873 0.010833
-1.203813 2.621002 2.864063
-1.793518 2.942071 2.908664
-2.377556 1.938313 3.106206
-2.059129 2.649470 2.919064
-2.425689 1.941266 3.163321
-1.606087 2.988436 2.882703
-1.438843 2.215844 2.942191
-1.062842 2.044273 2.998051
-1.289118 2.303630 2.872253
-2.501433 -2.723936 -0.076184
-1.932825 2.559996 2.875955
-2.147886 2.325103 2.984243
2.493576 2.570185 -0.004523
2.607263 2.398989 0.853850
-1.212152 2.077122 2.994421
2.573323 0.462461 0.296302
2.531379 0.492969 0.735142
-2.175462 2.434916 2.932156
-1.056401 -2.977302 0.505947
-1.163268 2.854121 2.881662
-1.306263 2.472439 2.932843
-1.425799 1.765309 2.999453
-1.062202 2.757652 2.890254
1.449605 0.669315 0.000027
1.337253 2.575855 -0.002299
-2.411319 2.507688 3.107516
-1.813443 2.960370 2.890265
-1.711353 2.810119 2.866451
-1.081489 2.863801 2.883390
-1.249398 2.321471 2.988710
1.575373 -0.013568 0.001000
2.930581 0.806158 0.105618
-1.306672 1.905001 2.983029
1.955535 0.156152 0.002115
-1.861902 2.909344 2.957137
-2.981282 -0.410181 0.300783
-1.369509 2.508520 2.920300
-1.374297 2.311375 2.995296
-1.003123 2.228504 2.992297
-1.128058 2.684304 2.909856
2.256748 -1.556574 0.001186
2.789726 -0.202635 0.001765
-2.346654 2.786754 3.144754
-2.960436 -0.437900 -0.040724
-2.278069 2.801275 3.129571
-0.899689 2.942474 2.883507
-0.899785 2.903728 2.914227
-1.093598 2.728613 2.928635
2.699893 0.376133 0.006310
-0.760856 2.961721 2.927053
-0.678485 2.890347 2.998568
-1.016322 2.488906 2.984406
-2.193264 2.930020 3.107470
2.327434 1.537824 0.137954
-0.753010 2.739463 3.150194
-1.361406 -2.859699 4.119600
-0.583948 2.881616 2.993176
2.599522 -0.825043 0.005481
2.997447 -0.386348 0.004081
-0.955879 2.425626 2.979540
1.500629 -1.289704 0.283398
-1.759752 2.894902 2.980471
-1.221547 2.248371 3.111503
2.688889 -0.689460 0.005945
-0.926340 2.830570 2.914226
2.789258 2.752162 0.498440
0.092461 2.885489 -0.006662
2.120865 2.098481 0.184191
-0.722291 2.477919 2.978368
-0.736376 2.877882 2.945451
-1.499935 -2.881749 4.007356
-1.555203 -2.842507 4.179854
-1.518155 -2.869015 4.044690
2.760458 2.735319 0.890933
-2.940670 0.022190 0.162046
-0.364011 2.766551 -0.002287
2.750764 2.778832 0.292536
-0.404212 1.414184 1.415050
-0.618995 2.589777 2.980727
-1.612503 -2.734251 4.175553
-0.407430 1.354872 1.008515
-0.544785 2.647521 2.968024
-0.604920 2.932807 2.916355
-2.949505 -0.031940 0.130171
-0.889328 2.230203 2.985081
-0.706677 2.360797 2.988146
-0.566772 2.975065 2.956162
-2.759970 0.002825 0.182444
2.122718 2.098085 0.340757
-0.909720 -2.837475 4.061198
2.721356 -0.660858 0.014342
2.120486 0.104169 0.005020
2.603655 -0.774639 0.005012
1.039948 2.759546 -0.001979
2.378059 -0.045959 0.001811
2.467624 0.078215 0.009811
1.935878 1.905337 -0.001013
2.012459 0.306828 0.003587
2.238799 2.438104 -0.005187
0.848891 2.682388 -0.000149
-1.225949 -2.863204 3.979294
2.869438 -2.325042 0.000255
-1.305190 -2.844018 3.906196
2.088682 2.181958 -0.001004
-0.109528 1.184964 0.107298
2.603031 2.683192 0.293376
1.038288 2.927170 -0.000894
2.122894 2.096420 0.442289
-1.296918 0.146230 3.141922
-2.990867 -0.244934 0.683916
2.561263 2.515170 -0.000991
2.270972 -0.933016 0.003486
1.447626 2.899110 -0.000377
1.079180 -0.148887 0.017897
2.724620 -2.353847 0.003411
-2.444379 1.803827 0.077126
2.204029 2.117886 0.644129
2.607812 2.606369 -0.002013
1.390628 -1.100835 1.271659
2.870666 -2.407140 0.001089
2.614855 2.672471 0.812520
-2.421753 1.286382 0.110543
2.600122 2.518193 -0.002785
1.801938 -1.013177 0.501111
1.397393 -1.049787 1.272906
2.714825 -0.829098 0.002841
2.866986 -2.297645 0.001607
2.210197 -1.483463 0.000753
1.106514 0.284111 -0.004636
2.772681 -0.719688 0.005353
2.990278 -1.471605 0.004893
-2.856671 0.019203 0.041328
-0.991276 -2.844766 -0.100432
-0.801201 2.710896 -0.003116
-1.399885 2.818765 -0.012432
-0.018611 -2.778331 0.626251
1.345359 0.161896 0.064730
1.630854 -1.002699 0.214051
-0.864376 -2.751094 -0.103774
-2.871995 2.128728 -0.021240
-0.700995 -2.986134 0.612598
-0.205176 1.086016 0.034537
-1.620809 -2.970177 -0.101186
-2.824045 2.251228 -0.027788
-2.797913 1.524672 0.189410
-1.014792 -2.783953 0.492139
2.202123 2.105445 0.559016
1.816289 2.952078 2.993834
-1.114477 -2.785429 0.483738
1.601790 2.539564 3.100425
1.906922 2.036641 2.996015
1.720707 2.818468 2.965356
-0.570897 -2.952500 0.830656
-2.026386 -2.859612 -0.100608
1.546957 2.761250 2.952789
1.316970 2.977526 2.970541
1.737267 2.723951 2.978042
1.262907 2.885004 2.911543
1.625277 2.671274 2.964619
2.744654 0.213199 0.010736
0.885697 2.987852 2.974058
-2.999695 1.861381 0.005685
1.709414 2.524265 2.996925
1.297329 2.677773 2.939107
1.299081 2.719965 2.958295
0.751484 2.914705 2.965703
-0.607230 -2.927108 0.820212
1.705169 2.327347 2.992578
0.913732 2.950720 2.969851
1.677471 2.457815 2.947872
1.258782 2.480102 2.949673
-1.081565 -2.805122 0.489722
0.878608 2.796299 2.981826
0.852642 2.815184 2.970705
1.661060 2.242271 2.978162
2.041251 2.710254 2.996027
-2.016810 2.839840 -0.012044
-2.226572 -2.714847 -0.100004
1.340705 2.408965 2.931121
0.954823 2.701216 2.946234
0.410257 2.942021 2.997961
1.546693 2.945207 2.966686
1.693909 2.100146 2.996758
1.220129 2.386329 2.961452
0.774079 2.684859 2.976554
1.577963 2.272040 2.962056
1.254391 2.552080 2.941978
1.688765 -0.997295 1.351192
2.084748 1.999337 2.999781
-0.263820 1.599488 1.263985
1.221924 2.286378 2.976506
0.825347 2.531324 2.966952
1.452275 2.919313 2.978550
1.595539 2.089975 2.992317
0.783850 2.503230 2.972625
0.295192 2.643929 2.977619
1.501512 1.487959 2.980371
1.437098 2.097906 2.973989
-1.213270 -2.793936 0.605451
1.715295 2.072916 2.995524
1.722713 2.030720 3.161652
-0.436630 1.585161 0.260197
2.122181 0.364267 2.999808
2.589687 0.499247 0.022867
-2.188276 1.474259 0.106838
1.512156 1.949617 2.996947
0.740454 2.260335 2.988758
0.156388 2.432903 2.989592
1.722006 1.998608 3.144041
1.233599 2.087577 2.965249
0.304536 2.469887 2.986844
1.330661 2.673924 2.984962
-1.104958 -2.800517 0.483068
-0.205696 2.428930 2.982900
1.196734 2.000640 2.946658
1.698237 1.776151 2.995058
1.898674 2.483643 2.998807
-0.293549 2.287073 2.972383
1.172009 1.812932 2.917541
0.799542 1.976318 2.997055
0.091460 2.121970 2.985382
2.151566 1.686111 2.998707
1.304302 2.602638 3.110841
1.473623 1.788790 2.952816
0.763535 1.886707 2.980154
1.617648 1.801736 2.993817
1.548203 1.725700 2.969310
1.152623 2.192618 2.998568
0.058680 1.964977 2.973537
1.569958 1.096259 2.997452
-1.308273 2.101167 3.114836
-0.315340 2.013229 2.964527
1.107532 1.335742 2.991919
0.828584 1.771712 2.998684
1.027558 1.709984 2.951309
1.516465 1.613049 2.979165
-1.223776 -2.801743 0.498691
1.472863 1.507956 2.980511
1.165850 1.537356 2.924623
-0.506979 1.512409 2.993824
1.584777 0.831684 2.989911
1.144869 1.601538 2.947843
1.860430 1.388652 2.994281
1.435498 1.473943 2.983490
0.026800 1.677480 2.985289
0.569119 1.579250 2.991354
1.968574 1.379897 2.996004
0.982584 1.244290 2.921933
-0.167636 1.640264 2.959496
-0.261511 1.614842 2.945729
1.538341 0.744754 2.994366
0.482181 1.519272 2.976750
0.981289 1.848863 2.995465
1.480312 1.383071 2.994619
-0.092635 1.332992 2.975245
1.385873 1.294660 2.961753
0.579424 1.419295 2.957901
0.858160 1.652632 2.996667
-0.123183 1.750137 2.993345
1.222401 1.198082 2.826537
1.303796 0.649293 2.984383
0.539514 1.329859 2.999836
1.778664 1.186698 2.990719
-0.604530 2.430913 2.998850
-0.294202 1.285405 2.969105
-0.748742 1.139067 2.952944
1.758565 0.490468 2.999851
0.233662 0.983302 2.997650
1.291524 0.558441 2.986664
-0.255806 1.470024 2.965681
-0.620332 -2.884973 0.487886
-0.763886 1.070189 2.984350
0.175812 1.163725 2.932886
-0.697761 0.816725 2.997106
-0.231470 1.531875 2.985449
1.128484 1.265237 2.954678
-0.145146 0.729012 2.999433
-0.634200 1.057011 2.963153
0.327987 1.119222 2.950092
1.570353 0.558890 2.974054
-0.196635 1.433428 2.992017
-0.835205 1.891265 2.934073
1.213932 1.634554 2.985600
-0.303333 1.438439 2.978832
1.318698 0.890630 2.980328
0.275417 1.387331 2.986279
-0.275160 1.391012 2.984274
-0.318763 1.242861 2.944106
-0.125690 0.847491 2.916395
-0.394044 1.792587 2.997649
1.482397 -0.128164 0.015040
-0.358545 0.737496 2.934219
1.937578 -1.161706 0.030424
-0.342463 1.114532 2.964325
-1.129268 -0.264775 3.105878
0.243535 0.581006 2.996229
0.070007 1.169328 2.989185
-0.490798 -2.897377 0.716106
1.439697 -0.013602 0.002192
-0.843004 1.392927 2.994385
-0.580813 0.794950 2.977144
0.105335 0.449084 2.978601
1.187994 0.814064 2.973482
-0.484389 1.560099 2.980801
-0.804858 1.059095 2.978719
-0.472861 1.354528 2.965207
-0.906951 1.034375 2.985031
-0.654854 1.199635 2.986536
-0.993788 0.970345 2.973543
-0.204526 -2.891861 0.496448
0.449737 1.248895 2.992141
-0.371265 1.513737 2.984883
-0.511650 1.354579 2.999860
-1.142981 0.595243 2.997679
-0.399034 0.494765 2.959600
-2.912678 -0.581349 2.995988
-2.943356 -0.034538 2.997352
-2.885730 0.540159 2.997185
-2.966699 -0.119661 2.996902
-1.024590 0.843422 2.986160
-0.515443 0.576559 3.113735
-0.860482 0.710532 2.980472
0.277975 0.038953 2.998412
-2.900958 -0.485904 2.998917
-1.100606 -2.942262 0.635640
-0.828888 0.848597 2.989260
-0.990091 0.541134 2.997465
-0.495592 0.162863 3.172897
-0.975172 0.630546 2.996690
-2.023208 -2.003479 2.992618
-2.594894 -1.353819 2.998199
1.616783 2.830119 -0.000203
0.061348 0.582049 2.996497
-2.668403 -1.695756 2.997182
-2.438717 -1.630322 2.992298
-2.318715 -1.128540 2.997643
2.623981 2.725807 -0.001045
1.329115 -1.993026 3.106569
-2.523799 -1.242674 2.999187
0.161848 0.794136 2.997082
-2.229206 -1.395366 2.995677
-2.587286 -0.821582 2.998189
-2.392217 -1.545045 2.995462
-2.207711 -2.468897 2.991474
-0.207565 1.292493 0.690138
1.118226 -1.917630 2.998995
2.115011 1.697575 1.225591
-1.653348 -0.841104 3.176343
-1.654404 -0.887742 3.246401
-2.956136 -0.831820 2.993438
-2.882817 -1.326738 2.990782
-2.803521 -1.843093 2.989425
-0.065774 0.766473 2.997905
-2.593595 -0.711573 2.999324
-1.944543 -1.652698 2.989979
-1.633456 -0.601329 3.253666
-0.209558 0.524080 2.992325
-1.640564 -0.591164 3.241160
-1.741244 -0.566896 3.288378
-2.756574 -1.902243 2.997774
-1.952125 -1.329940 2.998397
-1.784898 -0.498037 3.262204
1.189503 2.924003 -0.005113
-2.058898 -0.327686 2.992527
-2.536438 -0.545101 2.998547
-2.422697 -1.864977 2.995193
2.944547 -0.254986 0.003317
-2.381431 0.115931 2.996337
-2.784766 -1.340422 2.993737
-2.733273 -1.858805 2.992753
-2.535911 -2.061543 2.997990
-2.537590 -0.993917 2.999603
