# .PCD v0.7 - Point Cloud Data
VERSION 0.7
FIELDS x y z
SIZE 4 4 4
TYPE F F F
COUNT 1 1 1
WIDTH 24478
HEIGHT 1
VIEWPOINT 0 0 0 1 0 0 0
POINTS 24478
DATA ascii
0.093074 -2.071404 1.451022
1.540156 -1.904079 0.394889
1.603286 -1.707823 0.280059
1.856848 -1.712079 0.145182
1.813017 1.405252 0.006371
1.545333 1.503279 0.200742
-0.305335 -0.000192 1.140873
-0.298441 -0.164490 1.382436
1.536686 -2.029290 0.972906
1.795666 -1.740812 0.676179
2.541754 -0.937199 0.045103
2.976636 0.297446 0.000690
2.814951 0.648198 0.413760
2.549185 0.660680 0.064045
2.533831 0.939249 0.029212
3.184236 1.263899 0.007426
3.178219 1.720312 0.009123
2.184476 0.952528 0.004094
1.840027 1.399669 0.234456
1.805215 1.383467 0.541350
1.562211 -1.930911 1.374326
1.857144 -1.759270 1.135753
2.548284 -0.876628 0.806388
2.540844 -1.026875 0.420605
2.841412 -0.713745 0.520946
1.087261 0.056469 0.288666
1.078798 0.050541 0.243122
2.545681 0.673968 0.521350
2.539557 0.929315 0.360895
2.530523 0.943194 0.588591
2.802193 -0.731134 0.910065
1.069230 0.047145 0.296372
2.786261 0.630242 0.408798
2.527966 0.659970 0.658979
2.521060 0.944874 0.651794
2.758599 -0.732146 1.012168
2.536762 -0.909771 0.784827
2.778304 -0.728630 0.438935
1.056908 0.039765 0.247631
2.754873 0.644309 0.832091
1.745641 -1.759109 1.390365
2.532506 0.671392 0.044535
1.736248 1.378371 0.487581
1.549801 -1.840861 1.160017
1.832199 -1.740265 1.092842
1.822134 -1.738853 0.913068
2.527888 -0.875666 0.222181
1.077685 0.053565 0.101042
2.872165 0.654210 0.014938
2.533009 0.982042 0.099301
1.875455 1.369789 0.386208
-0.320371 0.010673 1.328831
-0.304093 0.064601 1.411153
1.558205 -1.965718 0.988020
1.806378 -1.722125 0.704847
2.537575 -0.930379 0.051088
1.678806 0.621084 0.002198
1.542512 0.984715 0.002983
1.844893 1.055935 0.010424
1.897325 1.444969 0.027151
2.134193 1.199613 0.013297
2.073716 1.439646 0.010063
2.537731 1.637035 0.022853
2.636148 1.892011 0.025579
1.536996 1.563406 0.245453
3.124461 2.204032 0.027872
-0.319406 0.002105 1.134597
1.563496 -1.697594 0.336862
0.900848 0.944622 0.001930
1.010696 1.093834 0.003766
1.169296 1.475225 0.008723
-0.038628 -2.135362 1.303697
0.001816 -2.098406 0.836441
-0.027121 -2.129574 1.233583
0.174893 -2.128895 0.579325
0.357607 1.425849 0.003075
0.409073 1.940106 0.009049
0.433336 2.327432 0.014066
0.296820 2.331652 0.012086
-0.022728 2.361257 0.091875
-0.052229 -2.121715 0.514055
0.093930 -2.065979 0.212264
0.149733 0.988552 0.000083
0.073580 1.444272 0.005976
0.037024 1.944224 0.014439
-0.086925 2.921303 0.021087
-0.049093 2.054445 0.005565
-0.084760 2.475130 0.010081
-2.744649 -2.454285 2.997694
-0.288627 -2.977230 0.555561
-0.039712 -2.114567 0.469159
0.056214 -2.061537 0.891315
0.141936 -2.112546 0.587120
0.459134 2.082829 0.000837
0.504873 2.585880 0.003816
0.640615 2.917132 0.002957
0.042970 -2.056730 1.452557
0.155334 -2.111170 1.298691
1.543907 -1.967911 0.282415
1.563602 -1.695986 0.154390
1.854660 1.413942 0.077651
1.868220 2.218602 0.005202
1.551627 1.942494 0.002458
1.857259 -1.716820 0.865325
1.545256 -1.853613 1.137699
2.630752 1.611282 0.003250
3.302766 2.209131 0.015537
2.767206 2.059577 0.005950
1.731348 1.400108 0.512311
-0.300230 0.043146 1.415799
1.771273 -1.746620 1.395741
2.540135 -0.904158 0.732103
2.527382 -0.921394 0.410508
2.817743 -0.702989 0.445860
2.744354 0.671812 0.379622
2.524891 0.968638 0.751438
2.813844 -0.699374 0.998249
2.540445 -0.895444 0.777380
2.815383 -0.709428 0.387075
2.813137 0.664210 0.848349
2.527326 0.963443 0.741465
1.559160 -1.728977 1.241255
2.523278 -0.807490 0.317636
2.528826 0.675528 0.145146
2.522149 0.970239 0.203261
2.520433 0.971387 0.370955
1.750927 1.401725 0.483936
1.552885 -1.915239 1.027328
2.812343 -0.704099 0.218399
1.078922 0.064714 0.028945
3.335971 0.351059 0.016412
3.357248 0.654880 0.008449
2.519203 1.196112 0.005465
2.171247 1.148131 0.002202
1.905046 0.909749 0.001164
3.067385 1.303084 0.011943
3.285658 1.470785 0.013895
2.536044 1.475160 0.007880
3.161487 2.015391 0.015616
1.554863 1.509963 0.006125
1.872075 1.385891 0.192467
1.531886 1.467613 0.296385
1.760913 1.388582 0.279242
-0.320664 0.014994 1.154342
1.535769 -1.862676 0.424161
1.604127 -1.695425 0.291016
1.845053 -1.698854 0.175638
1.857407 2.111198 0.010089
2.109051 2.503616 0.018926
2.010783 2.270595 0.009574
2.290681 2.701090 0.020100
2.455163 2.878994 0.022256
-0.003076 -2.084832 1.462179
0.042301 -2.064909 0.917498
0.488177 2.481601 0.005740
0.467192 2.110196 0.000170
-0.016976 -2.100263 0.651942
-0.050467 -2.126098 0.586758
0.135253 -2.099644 0.530070
-0.048880 1.955081 0.008005
-0.116302 2.400694 0.010511
-0.244100 -2.972600 0.557107
-0.213176 2.995846 0.019000
-0.070813 2.398544 0.009307
-0.207268 -2.985976 0.544606
0.355092 1.971345 0.000305
0.480274 1.951406 0.001218
0.370433 2.377514 0.002732
0.294567 2.767705 0.005067
0.465164 2.638048 0.005194
0.571995 2.905878 0.005137
0.034507 -2.057711 0.881905
0.163494 -2.129306 0.627539
0.097750 -2.066182 1.055474
-0.032035 -2.136235 1.273633
-0.036639 -2.147009 1.438635
0.148149 -2.112712 1.231307
1.533879 -1.860942 0.490016
1.556114 -1.693923 0.001204
1.620041 1.950411 0.009120
1.856902 -1.690181 0.246039
2.540123 -0.911944 0.115419
1.789734 1.093702 0.000032
2.564754 0.994314 0.009206
2.578774 1.566434 0.006395
3.185160 2.103084 0.014023
2.552571 1.855002 0.008345
2.820065 -0.694846 0.457996
2.806697 0.657032 0.471718
1.817939 1.402510 0.294695
1.796360 1.400820 0.527986
1.546396 -1.834718 1.412092
1.858980 -1.745430 1.142075
2.536378 -0.889030 0.425241
1.071437 -0.104172 0.313618
2.534164 0.675843 0.576482
2.529526 0.942639 0.643480
2.536688 0.963831 0.306147
2.820191 -0.705129 1.007074
2.814126 -0.711362 0.565358
2.827455 0.650783 0.429038
2.528050 0.676390 0.773354
1.740201 -1.744637 1.406155
2.526944 -0.752717 0.405636
1.072845 0.058158 0.187289
2.528378 0.679883 0.262834
2.531278 0.869655 0.302487
1.828061 1.382087 0.581007
1.549568 -1.941759 1.403119
1.557581 -1.875068 1.105545
1.865704 -1.717449 1.068039
1.842100 -1.716387 0.810629
2.540836 -1.018081 0.522484
2.764427 -0.705825 0.393420
3.132828 0.306546 0.010462
3.236398 0.560392 0.006336
2.558703 1.010204 0.033987
2.795971 0.652701 0.202763
3.325883 1.401858 0.009725
1.875322 1.390258 0.279149
1.710748 1.401346 0.428796
1.554926 1.574760 0.165761
-0.320001 0.016270 1.231049
1.538590 -1.947579 0.323652
1.730210 1.143039 0.005149
1.755490 1.415655 0.013895
1.591785 -1.691713 0.237816
1.869461 -1.694838 0.112313
0.070224 -2.057302 0.993159
-0.053328 -2.155696 1.225173
0.005065 -2.079083 0.757322
0.313838 1.456705 0.000040
0.329703 1.989058 0.003118
0.333658 2.346980 0.010761
0.019352 1.886013 0.006096
-0.039848 2.363096 0.038883
-0.050508 -2.124820 0.466404
0.109479 -2.065616 0.172975
-0.104222 2.818583 0.012875
-0.349023 -2.983845 0.558109
-0.052980 2.039805 0.004197
-0.086923 2.550757 0.012289
-0.269635 2.998621 0.015843
-0.034280 -2.123749 0.523393
0.340739 2.083503 0.000543
0.348006 2.493461 0.004175
0.279030 2.907932 0.007158
0.752378 1.035182 0.000174
0.157378 -2.113334 1.332327
1.850012 -1.690317 0.081513
1.415631 1.120681 0.001981
1.870425 0.948143 0.001006
1.540580 1.561573 0.156099
1.766376 2.029322 0.017853
2.033733 2.447041 0.028136
1.552140 -1.808151 1.187319
1.794326 -1.713215 0.594252
3.087123 0.307767 0.001876
2.542798 1.006519 0.047440
3.055514 1.625951 0.016555
3.020136 1.956821 0.008823
2.142342 1.201552 0.004431
1.835964 1.418270 0.236413
1.798341 1.401120 0.565944
1.553260 -1.963857 1.361282
2.534965 -0.928138 0.565614
2.827111 -0.686594 0.418626
2.791097 0.671267 0.346816
2.528246 0.702757 0.455901
2.533285 0.986959 0.526717
2.524519 0.950024 0.403868
1.752389 -1.751860 1.427012
2.829394 -0.705865 0.485040
1.078087 0.067746 0.305486
2.808235 0.647110 0.349263
2.530318 0.948442 0.412109
2.761512 0.655082 0.856343
1.559649 -1.778757 1.199649
1.862477 -1.717592 0.978150
2.541296 -0.942867 0.659545
2.550614 0.670649 0.109090
2.536329 1.065011 0.012156
1.756862 1.398021 0.532008
1.554566 -1.919098 1.066745
2.187073 0.309347 0.000353
1.795900 0.575059 0.000883
2.168337 0.592275 0.005688
2.472403 1.509232 0.008488
1.844659 1.402254 0.194791
3.126369 1.605656 0.020372
3.024586 2.019480 0.015790
3.459926 2.411408 0.020929
1.822299 1.419318 0.111372
1.527992 1.514576 0.253479
1.533042 -1.896978 0.354821
1.811684 -1.690574 0.102453
1.245086 1.337852 0.001943
1.659435 2.023788 0.016068
1.543751 1.804100 0.006835
0.156075 -2.118172 1.228322
0.133500 -2.089925 1.149477
0.161144 -2.116711 0.668450
0.516052 2.427474 0.012790
0.355982 1.541523 0.001140
0.379894 2.106052 0.000398
-0.054374 -2.113386 0.604256
0.049315 1.040794 0.000935
0.020629 2.002496 0.009640
-0.109321 2.950846 0.017414
-0.062193 1.929241 0.010255
-0.071272 2.381777 0.061502
-0.229376 2.866287 0.016079
0.065333 -2.059621 0.921839
0.326978 1.419091 0.000177
0.346353 1.916609 0.005124
0.431466 2.099606 0.004103
0.360518 2.305804 0.009976
0.466569 2.579567 0.007875
1.531000 -1.998917 0.205124
1.556789 -1.700865 0.070758
1.611421 1.904441 0.007593
2.194598 2.575957 0.021782
1.826885 -1.726619 0.789315
1.870968 -1.704059 0.378357
2.159368 1.214221 0.003214
2.955079 1.524048 0.004128
2.504112 1.537785 0.010113
3.272002 2.194195 0.012897
1.854583 1.407179 0.213804
2.591466 1.911291 0.010039
1.545036 -1.911223 1.081152
2.791569 -0.705539 0.339494
2.537436 -0.798164 0.377860
2.802043 0.651024 0.398799
2.535069 0.671126 0.736723
2.521061 0.966012 0.685457
2.810358 -0.704411 0.980175
2.784038 0.660124 0.842792
1.866983 -1.728957 1.158110
2.759687 0.657349 0.410865
2.445514 1.072010 0.000815
2.525495 0.693367 0.491799
1.545811 -1.985200 1.347202
2.537473 -0.891644 0.099774
2.531785 -0.973299 0.423744
2.800142 -0.705965 0.311571
3.106998 1.589112 0.007694
2.790205 1.356704 0.007330
1.861049 1.393757 0.225354
1.552419 1.569241 0.098319
1.537670 -1.950930 0.309461
1.684597 1.406322 0.012981
1.571366 1.205608 0.000714
0.149587 -2.095492 1.368944
1.621773 -1.691001 0.145711
0.661685 2.884959 0.004912
-2.810501 -2.430259 2.984486
-0.044480 -2.117437 0.443039
0.084976 -2.072507 0.188220
0.051999 1.532782 0.002345
-0.024225 2.036466 0.014606
-0.184754 -2.974497 0.559147
0.032873 1.447083 0.000530
-2.898577 -2.904534 2.998178
-0.044849 -2.129604 0.573377
0.347892 2.016500 0.004276
0.416822 2.160799 0.004958
0.361605 2.432572 0.007311
0.292827 2.821905 0.005222
0.444238 2.635333 0.007300
-0.005018 -2.076461 0.841201
0.140378 -2.106205 0.616832
1.216009 1.519398 0.006826
1.862865 -1.696151 0.154311
1.405318 1.089478 0.000863
1.777206 1.125982 0.003828
2.446341 1.826311 0.014624
2.531474 0.968584 0.024106
3.068626 1.249640 0.007891
3.059359 1.691947 0.009535
2.145442 0.962924 0.002229
3.475720 2.018492 0.014281
1.873284 1.404045 0.284886
1.727206 1.408570 0.470247
1.763458 -1.750877 1.388942
1.553652 -1.748973 1.193937
1.788876 -1.740824 1.068350
2.535483 -1.054961 0.430896
1.100162 0.071222 0.156239
2.535308 0.674063 0.187128
2.532821 0.971798 0.252185
2.826502 0.644539 0.853071
2.528125 0.684312 0.619203
1.733161 1.394830 0.508626
1.557346 -1.875980 1.384409
1.553330 -1.942957 0.991143
2.538445 -0.957447 0.593574
2.530665 -0.820899 0.423738
2.799387 -0.706431 0.496864
3.002848 0.305774 0.005354
2.517994 1.000745 0.120607
1.866387 1.382723 0.406123
-0.313256 -0.181260 1.388984
1.719299 0.607301 0.002604
1.523446 0.937690 0.000765
2.174094 1.173623 0.011812
1.908223 1.458423 0.035897
2.542694 1.575718 0.022831
3.098537 2.099441 0.028116
3.366748 2.537762 0.032670
1.555694 -1.691951 0.288965
0.997715 1.036051 0.002035
0.175334 -2.154863 1.144514
1.525990 -1.993406 0.079903
0.291354 2.020035 0.007331
0.297041 1.220843 0.000333
-0.267897 -2.977199 0.547683
0.030997 1.458503 0.004233
-0.021665 1.930707 0.009651
-0.053951 2.350908 0.101046
-0.194207 2.778984 0.021718
-0.015388 -2.089041 0.538754
-0.026212 -2.095330 0.715030
0.142382 -2.109690 0.527424
0.561204 2.592847 0.013484
0.703496 2.971092 0.017360
0.129382 -2.093194 1.277804
1.559413 -1.701217 0.140130
1.102192 1.050052 0.000103
1.379323 1.134226 0.002150
1.837005 1.403471 0.079662
1.177118 1.342025 0.004539
1.442750 1.805461 0.010506
2.526820 2.999003 0.032885
1.953804 2.425341 0.023867
1.543446 -1.928319 0.701550
1.527448 -2.032981 0.778912
2.433678 0.701883 0.000814
1.744058 1.080088 0.003147
2.424016 1.483142 0.015748
1.676537 1.408142 0.335112
1.108235 0.079523 0.111506
2.582165 0.672771 0.068703
2.531818 0.968612 0.129575
1.787355 1.397967 0.576476
1.751644 -1.748646 1.410209
2.800554 0.651971 0.756934
1.551386 -1.953285 1.076993
2.823179 0.638071 0.359454
2.457317 0.582383 0.003414
2.533741 1.143848 0.005783
2.532763 0.666257 0.435655
2.525282 0.974238 0.481402
2.143730 1.078358 0.002601
1.915054 0.868190 0.000163
3.141674 1.267017 0.013581
3.202029 1.684562 0.011546
2.504961 1.393209 0.005769
3.103574 1.896478 0.010973
1.542060 1.473493 0.307090
-0.321501 0.099475 1.373889
1.531622 -1.912127 0.466923
1.964052 2.228194 0.012163
2.246604 2.660846 0.023162
1.553734 -1.696365 0.106657
0.619366 2.986941 0.008259
0.483581 2.165065 0.002492
0.109763 -2.075485 0.201025
0.057376 1.467392 0.000537
-0.072920 2.404024 0.012451
0.473269 1.924622 0.000451
0.560743 2.859796 0.005094
0.131183 2.364813 0.140473
0.142549 -2.094175 1.214973
1.775001 2.235540 0.003087
2.986129 1.972715 0.001947
2.641601 2.002983 0.007106
-0.306423 -0.147780 1.170458
1.549647 -1.967086 1.028236
2.746793 -0.708468 0.459113
1.106548 0.079154 0.062697
2.901739 0.516058 0.000109
2.921055 1.223830 0.003403
3.230836 1.432420 0.003127
3.490345 1.631437 0.010413
1.540829 1.421820 0.390897
1.557348 -1.838847 1.404938
1.061693 -0.100487 0.197433
2.765223 0.653708 0.353979
2.524136 0.978551 0.592425
1.556774 -1.862655 1.098341
2.163509 1.623603 0.000570
-0.064182 -2.125326 1.234915
-0.006879 1.852944 0.008363
0.321928 2.976574 0.001903
-0.165561 2.441115 0.017481
0.175211 2.973332 0.011349
-2.724259 -2.426721 2.998937
0.090443 -2.071676 0.289249
-2.822766 -2.498803 2.994874
-0.026377 -2.099600 0.464959
0.248660 1.123105 0.003749
0.289414 1.483381 0.005262
0.292798 1.957443 0.009287
0.299019 2.868506 0.017893
-0.041965 -2.131476 0.630151
0.509444 2.123694 0.008540
0.563129 2.609562 0.014568
0.133951 -2.093004 1.320043
1.544234 -1.692935 0.213554
1.528854 1.566581 0.144322
1.670641 1.934073 0.010279
1.937884 2.348600 0.016299
1.517364 -2.022712 0.873390
1.846194 -1.726097 0.951216
2.456074 1.184164 0.001176
3.183595 1.774461 0.011179
2.131990 0.925173 0.000961
2.435168 1.502974 0.004212
3.224495 2.186336 0.006947
2.525415 -0.744050 0.415122
2.743036 0.666324 0.847825
1.803691 -1.739345 1.426142
2.756336 -0.710996 0.906588
2.805042 0.656680 0.349580
1.758685 0.983960 0.001907
3.264366 1.674003 0.022855
1.840996 1.394100 0.199654
3.124117 2.082161 0.018157
1.399029 1.557175 0.000918
1.707167 2.077568 0.006043
1.533811 -1.986797 0.158732
0.511519 2.392738 0.013685
0.447506 1.968344 0.003714
0.373346 2.059717 0.003314
0.154521 -2.106927 0.345630
0.022622 1.958674 0.008565
-0.102429 2.862775 0.018433
0.155082 -2.111751 0.365269
0.539140 2.608552 0.013892
1.524483 -2.018345 0.205355
1.289300 1.234131 0.000876
1.359960 1.538108 0.006396
1.173805 1.388578 0.002663
1.605187 1.794554 0.031381
2.018400 2.361663 0.021777
1.671668 2.059506 0.015798
2.407612 2.937563 0.027027
2.475959 1.222129 0.003451
2.604200 1.675670 0.008318
3.286801 1.854960 0.005338
2.934829 1.971372 0.011156
2.182291 1.286384 0.003084
2.134396 1.510041 0.006009
1.512181 1.600591 0.200628
2.539064 -0.897370 0.165220
2.791745 -0.701001 0.503887
1.744658 -1.745127 1.322288
2.543366 -0.877267 0.745668
2.760369 -0.715545 0.971377
2.538077 -0.886641 0.104567
1.555106 -1.888575 1.040723
2.861056 -0.710414 0.006306
3.321932 1.695342 0.000639
1.870016 1.380958 0.304741
1.553672 1.411379 0.332057
1.536514 -1.850934 0.525001
1.845337 -1.701177 0.278933
1.700022 1.417508 0.013278
0.084774 -2.052480 1.446991
0.157399 -2.104238 1.390284
-2.799563 -2.523061 2.996223
-0.022396 2.348538 0.117395
0.145833 2.069662 0.006255
0.169441 2.835746 0.011247
0.127175 -2.081817 0.288571
0.210408 1.977969 0.001364
0.110737 2.357480 0.085404
0.279991 2.649225 0.004090
0.421515 2.468740 0.007077
0.102034 -2.068723 0.950642
0.164020 -2.119800 0.540706
-0.001788 -2.088271 1.254791
2.369453 1.772321 0.010892
3.033346 1.241067 0.005129
3.323668 1.508866 0.022554
3.393084 1.977712 0.012607
1.876551 -1.724626 1.021365
1.753659 1.396447 0.476357
-0.322778 0.012386 1.354200
1.617636 -1.707199 0.563985
3.108323 2.105330 0.027517
1.545204 1.508243 0.185569
1.266597 1.581935 0.004537
0.142318 -2.101344 1.152678
0.169983 -2.098767 0.591305
0.106854 -2.075248 0.334097
0.068604 1.942026 0.008533
-3.431249 -2.951563 2.996444
0.068495 2.021847 0.006791
-0.053190 2.336651 0.093862
0.382009 1.578527 0.001496
0.399375 1.838650 0.006041
0.493107 2.038974 0.003277
0.537311 2.472246 0.008016
1.540436 1.575961 0.064348
1.248107 1.484508 0.002395
2.341455 2.765963 0.023628
-0.317448 0.006903 1.095495
1.836504 -1.722813 0.852977
1.543666 -1.813041 0.607320
2.602794 0.665062 0.067929
3.296218 1.833284 0.011112
1.886949 0.992813 0.004976
3.322885 2.307539 0.030865
2.176361 1.537671 0.012176
2.469636 1.827166 0.014856
1.543298 1.459149 0.205534
3.165489 0.327579 0.006772
2.531184 0.972832 0.629165
2.456052 1.042953 0.000045
1.804636 1.390680 0.496391
3.230864 1.292148 0.011554
3.273621 1.708045 0.008422
1.540202 1.413374 0.283648
-0.327926 0.059707 1.112265
1.554786 -1.926430 0.684164
1.554598 1.615241 0.046330
1.556010 1.591995 0.014585
2.250087 2.650245 0.018350
0.628444 2.533621 0.000722
-0.016071 -2.096205 0.568566
0.161878 -2.109475 0.403703
0.085170 1.969903 0.006869
-0.103492 2.586306 0.014902
0.349707 2.438636 0.010565
0.487795 2.325774 0.013374
0.539763 2.915182 0.015836
0.127091 -2.088498 0.616373
-0.038849 -2.123562 1.389680
1.520678 -2.019717 0.108547
1.396661 1.651972 0.003963
1.834784 -1.697766 0.233894
1.114295 0.076677 0.000671
1.828243 0.967258 0.006558
1.383876 1.084635 0.004817
2.181779 1.315464 0.013997
2.580595 1.691274 0.020590
1.218174 0.869424 0.002567
2.805865 1.914801 0.028467
3.186523 2.264920 0.034580
1.546299 -1.942335 0.986280
1.820252 -1.729964 0.690275
2.182902 0.748523 0.005847
3.134558 1.444245 0.010825
1.550135 -1.856025 1.407475
2.475483 0.549924 0.000211
1.838222 -1.722645 1.109148
2.537000 -0.905509 0.194734
-0.312967 0.019921 1.266828
1.804772 -1.722657 0.637934
1.542905 -1.969906 0.360312
2.102677 1.565656 0.009238
1.552839 1.540787 0.174016
2.407846 1.766989 0.004970
-0.047679 -2.150528 1.235459
0.098637 -2.071748 1.004712
0.286012 2.107412 0.005814
0.380461 2.806815 0.012253
0.028071 1.510646 0.002204
0.278660 2.486984 0.013100
-0.100976 2.505140 0.015992
0.137252 -2.086149 0.592067
0.516683 2.183566 0.009495
0.643164 2.463989 0.007228
0.039886 -2.054760 1.449421
1.845585 -1.694556 0.099557
1.102559 1.033903 0.001255
1.425653 0.996389 0.002567
1.904610 1.047262 0.006517
1.542459 1.548096 0.134708
1.260167 1.296086 0.007905
1.719935 2.031906 0.022387
1.548259 -1.794980 1.144266
1.809486 -1.716046 0.566086
2.926546 0.469485 0.002332
3.297987 1.435284 0.013621
2.470235 1.572256 0.015306
3.279554 2.290109 0.023980
2.807496 1.872705 0.019118
2.802974 0.645341 0.468250
2.532881 -0.816685 0.284748
2.525461 0.993426 0.180878
-0.296907 0.017227 1.404979
2.395335 0.627474 0.000844
2.162275 0.898295 0.003648
2.876841 1.234544 0.011460
3.214912 1.529173 0.014692
2.566895 1.523622 0.008217
3.173891 2.062492 0.013413
1.545657 1.438854 0.228749
1.615853 -1.695510 0.221130
1.802838 -1.704033 0.131145
1.690788 1.995543 0.013424
-0.043109 -2.125178 1.461786
0.149150 -2.108076 1.258985
0.405266 1.551625 0.000183
0.374996 1.862358 0.006745
-0.101037 2.044022 0.013979
0.563339 2.131270 0.005658
0.614039 2.566783 0.010597
0.571590 2.954983 0.011421
1.525994 -2.004514 0.199248
2.151148 0.944623 0.002160
3.236809 2.229759 0.013407
1.867390 1.402324 0.196186
2.594798 1.965902 0.010662
1.744239 -1.751495 1.325858
2.552092 -0.897343 0.757648
2.588150 0.669344 0.216427
2.541388 -1.019961 0.457417
3.480963 1.424846 0.007904
3.176262 1.610757 0.003837
1.546586 1.605380 0.112439
1.639671 1.401542 0.382609
1.607156 -1.686259 0.165003
0.641088 2.641158 0.003931
-2.778842 -2.443365 2.965348
-0.042072 -2.116940 0.755500
0.268803 1.392062 0.000709
-0.168790 2.824545 0.017674
-0.047531 2.359806 0.133702
-0.074685 2.052741 0.004477
0.399378 2.226589 0.006774
0.347184 2.575496 0.006950
0.270686 2.988739 0.006839
0.065590 -2.049959 1.465789
1.528101 -2.015456 0.024768
1.542028 -1.927021 0.412191
1.122908 1.373397 0.003226
0.150555 -2.116657 1.427473
1.831674 -1.702522 0.160503
1.209956 0.087422 0.018769
2.475679 1.894363 0.011459
2.554517 0.673993 0.047220
3.041650 1.280840 0.007390
3.166130 1.403616 0.017405
2.661160 1.442361 0.013847
2.541260 -0.953113 0.636176
2.530513 0.943995 0.347015
2.825066 -0.691443 0.513493
2.543651 0.676895 0.304489
2.785590 0.645388 0.301439
1.847800 1.388281 0.364157
1.724982 0.598342 0.000789
3.310333 2.462659 0.027046
-0.052464 -2.143072 1.333489
0.165550 -2.136873 1.135517
0.105145 -2.070304 1.070542
0.152097 -2.099222 0.600751
0.331816 1.559038 0.000962
0.292721 1.922341 0.004330
0.416257 2.227224 0.011438
0.463379 2.855709 0.012267
-0.018137 1.553746 0.002598
0.406293 1.846661 0.005506
0.503036 2.054865 0.002871
0.107549 -2.076377 0.902536
3.290831 1.329145 0.004512
3.025704 1.608228 0.005256
3.455918 2.399126 0.024573
2.528778 1.871286 0.009736
2.787565 0.654082 0.494130
2.522526 0.713378 0.318354
2.808174 0.647785 0.748416
2.462418 1.104967 0.001996
2.524010 0.701241 0.432239
3.472018 0.800017 0.015134
3.037214 1.584812 0.009470
2.585258 1.495037 0.009334
3.286876 2.085362 0.015230
-0.323514 0.108803 1.376408
1.627869 1.821213 0.032127
2.152376 2.532861 0.019480
2.393538 2.798478 0.016918
2.555798 2.969504 0.021278
1.546805 -1.696280 0.112666
1.527317 -1.914363 0.008004
0.592107 2.383360 0.003243
0.444687 1.733273 0.002533
-0.069635 1.965665 0.002309
0.161552 2.863823 0.021445
-0.137036 2.795619 0.013177
0.398480 1.943801 0.004975
0.270546 2.440122 0.006548
0.116176 -2.079264 1.030971
1.541216 -1.705419 0.002319
1.052465 1.026627 0.000195
1.179554 1.428695 0.006494
1.347644 1.012639 0.000304
1.545332 -1.947049 1.019201
2.815606 -0.683219 0.251104
2.912500 0.552981 0.000532
2.825051 0.659593 0.217796
3.004162 1.305328 0.006967
2.535725 0.671938 0.230891
2.796233 0.648219 0.375396
1.549656 -1.894197 1.367464
2.532320 -0.980321 0.519934
2.748051 -0.710849 0.411004
-0.315579 -0.138460 1.385765
0.903658 1.058227 0.000635
1.462311 1.072251 0.002788
0.364037 2.769170 0.011747
0.327514 2.765607 0.001632
-0.096624 2.502271 0.012472
-0.331140 -2.986747 0.545467
-3.031444 -2.993868 2.999367
0.327532 2.134906 0.006447
0.536298 2.300151 0.017401
1.447411 1.010227 0.001134
1.282453 1.315920 0.005100
1.765800 2.080731 0.019461
2.893970 0.313753 0.000696
2.952630 0.422123 0.004171
2.169435 0.539304 0.001772
3.464463 1.506162 0.012841
2.552870 1.621881 0.013372
3.327657 1.908258 0.023744
1.641707 1.412532 0.415214
1.551002 -1.788693 1.146175
2.542440 -0.870194 0.291791
2.524757 0.704455 0.669772
1.798154 -1.719825 0.737236
2.543991 -0.961013 0.671595
2.574069 1.050417 0.015994
2.338835 0.225761 0.001427
1.836933 0.566130 0.001103
1.822564 1.045396 0.004139
3.189947 1.598400 0.024004
2.472356 1.473319 0.010784
2.831461 1.594186 0.023574
3.430593 2.579931 0.025136
1.799109 -1.702484 0.121158
1.271126 1.398118 0.002974
1.544667 1.856306 0.009609
1.712548 2.105054 0.027723
0.457474 2.539038 0.010511
0.388044 2.285126 0.006860
0.102539 1.443771 0.002034
0.008035 1.590798 0.000764
0.322701 1.508951 0.000908
0.527815 2.516916 0.012492
1.549095 -1.702207 0.078981
1.543059 -2.013741 0.675016
1.716496 1.045422 0.001690
2.140461 0.899934 0.004590
2.391850 1.109994 0.006667
1.549023 -1.882406 1.054167
1.070502 0.056802 0.093285
2.529014 0.934488 0.067951
3.249901 1.709710 0.007583
1.554660 1.538961 0.085503
1.538164 -1.813411 0.511474
1.828768 -1.707037 0.301109
1.687770 1.380412 0.002674
0.140269 -2.087999 1.410981
0.572728 2.331282 0.008127
0.183072 2.026380 0.005815
0.163647 2.452699 0.012098
0.391020 2.521468 0.010559
0.697704 2.836614 0.016269
0.101994 -2.062626 1.451711
0.144118 -2.107778 1.440396
2.273380 1.724128 0.009894
1.152129 0.076358 0.027017
3.053933 1.735003 0.010118
1.998331 0.873679 0.001493
2.618150 1.413085 0.012858
3.430064 2.043206 0.017709
1.761320 1.401691 0.231510
1.546729 1.412318 0.309291
2.827219 -0.701616 0.865567
1.556046 -1.961810 1.015929
2.133313 1.611060 0.006751
3.075851 2.046291 0.015659
3.267067 2.417741 0.019582
1.530849 -1.899818 0.277931
1.823599 -1.700866 0.023239
0.462577 2.741995 0.013584
0.050720 1.577728 0.000668
-0.180537 2.911580 0.026460
0.263469 1.505466 0.001504
0.236227 2.959919 0.014133
-0.027744 2.334485 0.174888
0.144438 -2.105942 0.424245
1.555497 1.425683 0.013426
1.252802 1.482663 0.001036
1.891515 2.329700 0.013802
1.554731 -1.958525 0.708053
2.439694 1.172411 0.009733
1.507712 0.833415 0.000091
2.799092 0.641128 0.455566
2.553842 0.657471 0.709443
2.817492 0.646653 0.757244
3.495058 1.469172 0.009899
1.552558 1.417277 0.278787
1.849221 -1.700747 0.201948
2.239497 2.597301 0.011416
1.548594 -1.700472 0.126654
0.693847 2.953026 0.002350
0.606361 2.678869 0.007044
0.191157 2.783294 0.014934
-0.176510 2.999517 0.016562
0.390609 2.046387 0.007769
0.467142 2.207123 0.008697
0.330553 2.265748 0.008034
0.151002 2.387858 0.100696
0.508358 2.721283 0.011872
-0.046800 -2.153066 1.410644
0.138156 -2.092912 1.192221
1.332070 1.575317 0.003690
1.471612 1.817275 0.006285
1.451624 1.012890 0.004121
2.387782 1.559745 0.020986
1.248809 0.931206 0.001362
3.020376 2.142069 0.027078
3.461199 2.555125 0.033857
3.234365 1.566597 0.011223
1.546318 -1.860877 1.403955
2.502177 -0.838354 0.392045
2.525124 0.948278 0.720602
1.548909 -1.759251 0.572384
-0.324694 0.067329 1.092624
0.382306 2.701250 0.006470
0.229013 2.166106 0.005773
0.062117 2.331558 0.125608
-2.941952 -2.974526 2.999582
-0.095413 2.857324 0.014083
0.177866 1.980696 0.001037
0.289667 1.888682 0.002380
0.438923 1.684783 0.002028
1.594757 1.882568 0.009430
2.220688 2.610964 0.026253
1.865309 -1.721787 0.922506
1.591979 -1.709355 0.595275
2.999301 1.304386 0.002839
2.605556 1.740273 0.004523
3.187370 1.917063 0.018820
2.086207 1.266865 0.002127
3.414256 2.495511 0.018964
1.832910 1.410282 0.342258
1.747001 -1.750190 1.417046
2.808339 -0.701884 0.841336
2.451603 1.082132 0.003717
2.178950 0.813651 0.000933
3.095298 1.268129 0.009555
3.145797 1.693779 0.012598
2.379061 1.500090 0.002208
3.119204 1.948121 0.010407
3.386761 2.438862 0.015310
1.843258 1.398463 0.119412
1.917556 2.362100 0.020404
0.134271 -2.093445 0.382864
0.104073 1.551754 0.002527
-0.009469 2.345412 0.066970
-2.976406 -2.995158 2.997770
0.316204 2.509547 0.009201
0.578364 2.665835 0.009685
1.551221 -1.699765 0.054966
1.387962 1.468400 0.002410
2.156322 1.044600 0.002960
3.096544 2.230742 0.014554
2.722789 1.881232 0.011202
1.861452 1.403706 0.308973
1.065210 -0.097885 0.201473
2.828319 0.659471 0.850988
1.737293 -1.741550 1.399772
2.606874 1.064201 0.004027
1.546940 -1.920473 1.126494
3.288168 1.576348 0.010399
1.841214 -1.706242 0.098772
2.532784 -0.950094 0.015221
1.800429 1.395882 0.001118
1.557346 1.574766 0.122497
0.150934 -2.107868 1.455404
0.173867 -2.132968 0.488878
-2.774802 -2.488832 2.999253
-2.952692 -2.909351 2.998811
0.220551 2.847724 0.007000
1.647463 1.107956 0.003089
2.610890 1.491574 0.011108
3.352145 2.106833 0.020489
2.525185 0.939304 0.546186
1.058965 0.049208 0.300626
1.799594 1.031799 0.000548
2.314272 1.171606 0.006556
2.165204 1.571870 0.005288
2.918440 1.780540 0.017294
3.344373 2.377849 0.022032
-1.933747 -2.967941 2.999850
0.436268 2.568181 0.010175
0.333956 2.744264 0.006111
-2.691725 -2.958968 2.999892
0.063122 1.030566 0.001180
0.148816 -2.116319 1.329432
1.378737 1.214451 0.001166
-0.318865 -0.060829 1.093017
2.663050 1.479991 0.012266
3.435702 2.090426 0.012845
2.775035 1.930994 0.020149
3.301217 2.401491 0.021696
2.532348 -0.904497 0.812566
1.542137 -2.003859 1.317860
2.788888 0.295051 0.001718
2.160094 0.682843 0.001066
1.951187 0.835849 0.001154
3.286300 1.637885 0.012911
3.399817 2.065720 0.018115
1.349811 1.085359 0.001106
0.713337 0.994144 0.002394
-0.029426 -2.101606 0.700045
-0.128169 2.492446 0.012542
0.436379 2.108089 0.006960
1.538031 -1.791256 0.010968
1.007709 1.018235 0.001706
1.140725 1.439714 0.006094
2.334768 1.532864 0.014839
2.905805 2.070843 0.020316
1.739254 1.392715 0.010739
2.441838 1.013364 0.004689
2.828801 -0.695722 1.027025
1.061568 0.049937 0.197497
2.746142 0.666286 0.430401
2.568274 0.667990 0.277730
1.560400 -1.837523 1.127240
1.836381 -1.740988 1.158236
1.427809 0.536730 0.000136
1.555191 0.764977 0.005764
0.848202 0.955376 0.000070
-0.051339 -2.144637 1.278118
0.334645 2.692881 0.002471
-0.123186 2.941597 0.019560
0.453065 1.747473 0.006095
0.776917 1.054616 0.000579
1.229648 1.290604 0.002895
1.876318 1.057854 0.004693
2.401965 1.562234 0.013224
1.543190 -1.967888 1.361043
2.958407 1.236858 0.008343
3.266634 1.515039 0.012046
3.063620 1.946651 0.008153
1.552731 1.796542 0.002153
0.563584 2.802274 0.013128
-0.012432 -2.086178 0.867057
0.362702 1.474043 0.003016
1.464384 1.798454 0.011310
1.950234 2.373182 0.022713
2.429112 1.624443 0.017341
3.004835 1.760888 0.014672
3.314002 2.024493 0.019197
2.740398 1.912057 0.019619
2.091698 1.540969 0.008803
2.709608 0.669930 0.272617
2.499513 0.978387 0.001583
1.555843 -1.913551 1.130899
3.317322 1.611307 0.011623
1.777198 1.397620 0.008150
1.608653 1.160073 0.002719
-2.940219 -2.914091 2.996929
-2.723386 -2.381997 2.993738
0.555925 2.250372 0.018781
0.631971 2.850386 0.025222
3.313289 2.101612 0.016139
1.841551 1.395499 0.319502
1.698966 1.403315 0.427732
-0.296088 0.052540 1.410563
1.854650 -1.744913 1.414195
1.556213 -1.752638 1.204536
2.523790 0.942898 0.208741
1.807571 1.403794 0.485145
2.745838 0.654907 0.321966
2.523209 0.943039 0.121283
2.190149 1.054562 0.006803
2.857028 1.744784 0.018331
3.133084 2.003073 0.021289
1.609663 -1.702532 0.189818
0.408453 2.019462 0.005977
0.428196 2.397299 0.013303
-0.095469 2.745137 0.015799
0.045913 -2.074526 0.952102
1.525623 -2.017302 0.294591
1.289658 1.136217 0.000307
2.238268 0.769722 0.000400
3.135728 1.471999 0.008401
2.616081 1.526441 0.018410
3.088860 1.889455 0.013169
2.652410 1.858003 0.011241
2.823280 2.060206 0.026493
3.454635 2.637533 0.027381
1.747777 1.396846 0.264898
-0.314002 -0.093792 1.286969
-0.306027 -0.129359 1.407822
2.529224 -0.894346 0.453837
2.520239 0.800674 0.745542
1.795733 -1.719820 0.752403
3.025470 0.278614 0.006679
2.950711 0.324162 0.008756
2.001816 0.863186 0.002562
3.192318 1.524431 0.011042
3.498328 2.137091 0.019648
1.737984 1.399847 0.221367
1.876208 -1.706573 0.407856
2.251713 2.621212 0.026896
0.590200 2.463712 0.011718
0.505710 1.984407 0.005563
0.123387 1.538073 0.002504
-0.020240 2.337376 0.016749
0.200552 1.945594 0.004621
0.323402 1.875760 0.007445
0.100509 2.347674 0.085092
0.429598 2.980253 0.015751
1.879050 -1.704002 0.225960
2.149179 1.458595 0.007515
2.289586 1.617006 0.012985
2.816092 2.153457 0.021081
-0.310574 -0.056445 1.373269
2.551190 -0.867655 0.804345
2.820524 -0.702833 1.052507
1.863982 -1.736774 1.207870
1.558666 -1.782518 0.652709
1.375729 0.104706 0.015332
1.589997 0.696703 0.001367
1.504720 1.051550 0.002495
2.337731 1.644964 0.020713
0.365732 2.876850 0.011348
-0.062110 2.349109 0.013619
0.053813 2.083268 0.007275
-2.688141 -2.432726 2.997873
-0.001056 -2.097706 0.600493
0.681397 2.920456 0.019395
1.238484 1.404185 0.002193
1.836203 2.172148 0.014405
1.602624 -1.717320 0.608479
2.177107 0.765242 0.001789
3.147981 1.524975 0.007828
2.539841 -0.856769 0.853917
2.950170 0.682152 0.003770
2.142016 0.629278 0.003085
3.095494 2.145191 0.016929
1.542025 -1.816588 0.412424
1.444994 1.553771 0.004893
0.447101 2.519836 0.013576
0.137046 -2.091583 0.437666
-0.094347 2.637342 0.017372
0.254525 1.411317 0.002070
0.468687 2.368611 0.011023
0.242864 2.925531 0.014555
0.142255 2.360921 0.161390
1.546821 -1.847888 0.562576
1.828932 -1.708576 0.396970
1.622303 -1.700365 0.436684
1.363159 1.024094 0.001218
3.255914 2.236589 0.036228
2.153379 1.499457 0.014640
2.610713 1.975212 0.023592
3.443720 0.538136 0.003849
3.365100 1.467909 0.006850
2.530275 -0.831861 0.465465
2.806890 -0.708508 0.602806
2.805993 0.646089 0.808275
1.560541 -1.879593 1.170244
1.556238 -1.828653 0.620701
1.641286 1.230950 0.002694
-0.040687 -2.151714 1.279867
0.102210 1.967395 0.009082
-3.023242 -2.921722 2.999202
-2.880944 -2.950241 2.999795
0.127463 2.393244 0.014771
1.553506 -2.016728 1.010255
2.090021 1.156987 0.004939
2.545063 -0.841255 0.832705
2.783373 -0.724160 1.082261
2.744272 0.648787 0.843973
2.055161 1.555678 0.014677
2.782743 1.701706 0.011555
3.073380 2.187186 0.011262
0.157395 -2.109660 0.716506
0.248347 1.889291 0.007522
0.085119 -2.078922 0.446816
1.401047 1.626346 0.005439
1.907976 2.203641 0.008780
-0.316289 0.064806 1.236785
1.550562 -1.784516 0.601485
3.323713 2.283065 0.026009
1.549838 -1.872584 1.153280
1.068243 -0.104342 0.220562
3.285400 0.304632 0.004140
3.189319 0.647147 0.001999
2.578808 1.362129 0.010501
3.195217 1.856945 0.012164
1.560622 -1.885730 0.760073
2.309135 2.665676 0.014251
2.600938 2.980791 0.011454
0.499029 2.423619 0.013469
0.428012 2.932370 0.011931
1.545825 -1.953011 0.992382
3.247602 1.313207 0.017762
3.371068 1.852851 0.004511
2.532593 -0.999618 0.461062
2.533423 1.004906 0.087450
2.103912 1.449512 0.008474
2.760550 2.036264 0.021006
0.385102 2.925946 0.011426
-0.132856 2.370338 0.017865
0.204259 2.757064 0.015046
0.396345 1.772136 0.008004
0.769301 0.983969 0.001401
2.410468 2.863726 0.032900
1.553251 -1.836445 1.201504
2.446580 0.535644 0.001103
2.929965 1.502213 0.013146
2.806700 0.667979 0.287306
1.568936 -1.730094 1.307549
2.817271 -0.696081 0.244893
3.256040 0.644238 0.010735
1.844988 0.930429 0.002815
3.234605 1.955453 0.019171
1.309908 1.290645 0.005080
1.536031 -1.835142 0.011665
-2.780449 -2.393781 2.994751
0.299594 2.583183 0.007776
0.094966 -2.056254 1.136256
1.552382 -1.859976 0.570604
2.964545 2.032911 0.014479
2.793205 -0.701422 0.622638
3.366244 1.553266 0.000048
2.526670 0.929506 0.290069
1.843912 1.400611 0.535201
2.813463 -0.694457 1.075449
2.769345 -0.698003 0.573016
2.533171 -0.727905 0.458399
1.698677 1.406956 0.388803
-0.322105 0.084966 1.186499
-0.317493 -0.184689 1.267181
0.564462 2.248756 0.003055
0.080986 0.994422 0.000093
0.008342 2.323483 0.039518
0.424367 1.761283 0.007155
0.664257 2.548106 0.015356
2.090907 2.449641 0.026072
-0.297744 -0.184246 1.095902
1.554987 -1.741505 1.260134
2.080641 1.205976 0.003893
2.858540 1.570013 0.020358
3.134065 2.185455 0.013111
2.540594 -0.917410 0.648547
2.766232 -0.730030 1.107344
2.764955 -0.717747 0.570992
1.846820 -1.744629 1.245979
2.127620 0.740535 0.005355
2.860905 1.661908 0.020014
3.027598 2.051132 0.018393
3.363825 2.378492 0.022793
-0.306105 -0.182109 1.127666
-0.003374 -2.089100 1.448225
1.539619 -1.987807 0.102145
0.156292 -2.113124 0.755160
0.129382 2.346981 0.181140
-0.048867 2.407210 0.016346
0.462211 2.665390 0.010834
1.568269 -1.702763 0.163122
1.721898 1.980988 0.014066
2.853997 1.886119 0.011160
2.222429 1.611436 0.010968
2.532072 -0.941332 0.482770
1.703076 1.394142 0.430218
2.040107 0.837345 0.004106
2.705151 1.438616 0.013607
2.541777 2.916670 0.023306
0.702997 2.949464 0.017338
0.302444 1.183845 0.000719
0.388967 2.551115 0.011109
2.205078 1.568951 0.010925
2.459416 0.625624 0.000259
2.753501 0.668754 0.165071
3.266092 1.785102 0.006032
1.560009 -1.846730 1.390308
2.329144 1.577199 0.014044
1.510350 1.604395 0.186046
2.715248 2.006475 0.022167
0.330738 1.841673 0.007649
0.344165 2.211194 0.010720
0.551280 2.090891 0.014066
1.147043 1.296372 0.005058
1.995505 2.259605 0.024440
1.558107 -1.902990 0.762591
2.566607 0.647504 0.000974
3.376265 1.807071 0.007223
-0.314644 0.064313 1.310860
0.151853 -2.099535 1.326031
0.007925 2.120189 0.007233
-0.180310 -2.975222 0.547670
0.508696 2.978127 0.017066
-0.306763 -0.087562 1.147454
1.584804 1.412811 0.365726
3.447792 0.463213 0.005821
3.271963 1.370183 0.010921
1.354100 0.634321 0.001546
1.285838 0.910498 0.001593
1.672254 1.094608 0.006719
0.150240 1.459311 0.002892
0.140545 2.506970 0.018894
1.654393 1.267442 0.001405
1.784320 -1.719712 0.626620
3.084044 1.553823 0.017466
2.820605 1.847113 0.014247
2.722428 1.966011 0.015541
3.185175 2.403910 0.017570
0.337101 2.373352 0.018251
0.145843 -2.108186 0.367574
-0.101677 1.976303 0.008560
2.373383 1.097077 0.003733
2.946207 1.564337 0.008832
2.522344 -1.054202 0.456960
2.770339 0.654623 0.788454
3.346002 1.357047 0.004833
1.734900 -1.715770 0.578992
0.650293 2.616614 0.009027
0.146514 -2.117465 0.497011
0.156923 1.553525 0.001811
0.106364 2.033031 0.008804
0.164764 2.927184 0.014544
-2.812913 -2.960074 2.997569
2.074144 1.464406 0.003920
2.713109 1.468266 0.011974
2.510107 1.921463 0.007525
1.535657 -2.034313 1.029855
3.318730 1.892720 0.000506
1.859250 -1.750381 1.174246
1.760448 1.391789 0.447610
2.207907 1.284687 0.003770
2.915597 2.028956 0.013766
3.269619 2.378405 0.015973
0.162711 -2.128830 1.168991
0.240343 2.884789 0.008103
1.570918 1.830420 0.003972
2.114178 2.464123 0.023529
1.545636 -1.822538 1.128088
1.548328 -1.754981 0.608275
3.334745 1.839333 0.000242
3.189838 2.193743 0.018892
2.745801 -0.725883 1.016888
2.535989 -0.953412 0.058401
3.462333 0.721444 0.007884
2.475108 1.421204 0.003220
1.331971 1.163318 0.000246
1.671071 1.863081 0.011111
0.125389 -2.094801 0.490314
0.481630 2.988440 0.015490
0.831072 1.014426 0.000004
1.839664 -1.685845 0.254326
2.884284 1.181454 0.003038
3.216313 1.395386 0.000932
3.328335 0.309626 0.002612
3.260806 0.424476 0.005799
3.372041 1.397815 0.007567
-0.309327 0.033532 1.455850
1.552905 -1.991000 0.905844
0.329836 2.848815 0.004490
0.591499 2.531823 0.010939
1.853009 1.407372 0.377779
1.553973 -1.945287 1.328310
2.783685 -0.698809 0.417671
2.191738 0.247631 0.000169
2.142728 0.561500 0.005374
2.304486 0.790481 0.006646
2.764989 1.989412 0.016774
1.245391 1.373154 0.003555
0.593128 0.866834 0.004639
1.547482 -1.694615 0.063120
2.339318 2.708132 0.029984
3.056141 1.549916 0.008166
3.351887 2.210032 0.020176
2.629933 1.907861 0.017263
3.118464 2.364168 0.019982
2.498385 -0.830715 0.435012
2.833459 -0.693019 0.382149
1.546025 -1.972264 1.283972
2.528464 -0.955041 0.393885
2.722031 -0.712269 0.299161
2.978278 -0.360987 0.001223
2.844959 1.353156 0.013574
1.510552 1.679193 0.173172
1.655551 1.395495 0.399014
1.574639 -1.695060 0.363958
0.772591 0.948867 0.001360
0.317596 2.894071 0.015024
1.581042 -1.700767 0.264924
2.265268 1.543397 0.015577
3.321740 2.562303 0.028827
-0.311800 -0.016799 1.155049
2.805716 0.667857 0.142959
1.850146 1.400362 0.402343
2.541674 -1.031705 0.387897
2.594373 0.670391 0.197365
1.555849 -1.936837 1.400935
1.844507 -1.727986 1.008634
2.528244 -0.854522 0.386781
2.787769 0.633100 0.298733
1.799618 1.408669 0.083241
-0.032168 -2.129779 1.169323
-0.011173 -2.098387 0.784554
0.547532 2.776161 0.020574
0.502251 2.696543 0.017695
-0.064238 2.384969 0.152704
-0.378803 -2.994859 0.541847
0.079737 -2.069712 0.132455
-0.097078 2.812133 0.021358
-0.007632 -2.097378 0.658339
0.514634 2.207042 0.011117
0.053411 -2.067315 0.832133
2.036985 2.322286 0.023798
2.497973 2.982740 0.030488
1.873850 -1.720267 0.797787
2.904998 1.343751 0.011246
1.762707 -1.750124 1.345360
2.749920 0.664259 0.865074
3.108464 1.247821 0.011254
2.529877 1.402762 0.005363
2.080734 2.368359 0.014207
0.578826 2.445054 0.017052
0.559999 2.150807 0.003411
0.104168 1.492054 0.000522
3.418977 2.406750 0.029578
2.884854 0.534977 0.001720
2.718873 0.668685 0.222317
2.476751 0.944412 0.006603
1.788992 1.402377 0.446825
3.241961 0.293645 0.012081
3.294345 0.544731 0.008943
2.170336 0.428739 0.000573
3.410513 1.480620 0.016337
1.282975 0.893118 0.002576
0.658546 2.578033 0.018926
0.131371 -2.107122 1.351230
1.805791 2.130229 0.021463
2.941608 0.318454 0.006843
1.799146 0.603051 0.001786
1.849932 1.409852 0.369286
2.524840 0.702191 0.137309
3.421181 2.117559 0.028805
3.335987 2.515051 0.026189
1.277641 1.417109 0.003484
-0.050364 -2.136410 1.435566
0.514371 2.009479 0.011824
1.824884 1.112329 0.005686
2.631211 1.599243 0.016080
2.151892 1.436777 0.009419
2.435751 0.628167 0.000779
1.854964 1.391252 0.530323
1.615545 1.280262 0.005026
1.542304 -1.823558 0.484193
0.175020 1.522461 0.002207
0.221795 1.460906 0.001040
-0.309239 -0.120496 1.087806
2.657660 1.368522 0.008173
3.448735 1.963508 0.009748
3.450241 2.525326 0.026381
1.600972 -1.694171 0.314994
0.139156 -2.100292 0.287753
0.100355 1.930042 0.009157
0.266639 2.350469 0.013120
1.547778 1.546330 0.023565
1.952823 2.320138 0.020136
1.550330 -1.798959 0.599228
2.144439 0.846360 0.005858
2.593182 1.844982 0.012118
3.412466 0.656779 0.004842
1.955912 0.926936 0.000572
2.993653 1.195414 0.010338
1.559046 -1.952022 0.654255
0.003837 -2.082219 1.340856
3.226489 2.128650 0.019995
3.345446 1.457766 0.002205
3.317274 0.436216 0.005146
2.240226 1.670469 0.009745
0.248071 1.627088 0.001187
0.235645 1.843040 0.005993
0.297208 2.064247 0.005431
0.299747 2.508896 0.008212
1.533889 -1.804105 0.259081
1.715802 1.938689 0.031701
2.187815 0.459745 0.000714
3.044623 1.941096 0.015829
2.816989 -0.693230 0.838374
1.103565 -0.118790 0.005632
-0.307109 -0.003777 1.420806
2.846110 1.297432 0.008656
3.214794 1.620611 0.013610
2.665441 1.848732 0.008963
0.387094 1.645489 0.003341
0.102422 1.610162 0.003952
1.839745 -1.695052 0.302921
2.848277 1.442980 0.014587
3.349859 1.778920 0.007108
1.765004 -1.751866 1.290146
1.553865 -2.002737 0.800868
1.558666 -1.893852 0.722342
1.652074 1.245686 0.000933
0.008440 2.076210 0.011136
2.999235 1.635796 0.011492
3.460356 1.983317 0.014167
2.137339 1.131270 0.009643
2.276266 1.264948 0.008839
0.268470 2.742961 0.007667
2.427224 1.110693 0.004150
1.849615 1.397114 0.295722
2.655311 1.957569 0.014455
1.633781 -1.750909 1.416484
2.524510 0.638212 0.001803
1.725454 1.389620 0.309660
2.485162 2.927497 0.023758
0.304411 2.640302 0.010943
3.367069 1.545584 0.003124
1.711308 -1.749235 1.235500
2.808931 0.639043 0.223228
1.675482 1.396216 0.456582
2.277657 1.685680 0.014957
1.027064 1.324466 0.000160
0.285343 2.664905 0.006107
0.718853 1.019166 0.000730
1.709921 -1.695111 0.170734
1.763435 -1.678623 0.138423
1.893966 1.047372 0.007690
1.544747 -1.788743 1.161157
2.867276 0.265655 0.000359
2.921047 0.421981 0.005161
3.228250 0.637868 0.002196
3.243392 2.273910 0.023355
1.732930 1.396928 0.556777
2.553761 -0.957599 1.100281
2.555531 -0.966015 1.021367
1.697491 -1.743270 1.387162
2.524758 0.246714 0.000595
1.880687 0.542798 0.000227
1.685781 2.104863 0.013348
1.871372 2.390414 0.031622
1.081440 1.054694 0.000158
1.843123 2.336606 0.020815
3.202648 1.773948 0.010932
2.793543 0.665385 0.292541
2.539456 -0.737864 0.394154
2.538814 0.645800 0.508978
0.000825 -2.079582 0.582071
0.319310 2.907390 0.009480
1.543307 -2.035649 0.922441
2.170284 0.638976 0.000204
3.243226 1.456964 0.016382
1.678101 1.405349 0.482499
2.509056 0.744583 0.390679
1.765895 1.401491 0.624058
2.524534 0.822950 0.464442
2.803251 0.643805 0.145103
1.697733 1.388055 0.545639
1.562426 -1.700477 0.340040
1.623309 2.089175 0.016514
0.134932 -2.102702 1.138894
0.514618 2.871540 0.000203
0.351247 1.680929 0.001917
-3.388958 -2.998502 2.997919
1.791722 2.111186 0.013033
2.042690 2.516788 0.023976
-0.312812 -0.024718 1.092116
3.388308 1.432654 0.004618
2.550929 -0.906033 0.760552
2.528042 0.758243 0.347076
1.751169 1.396097 0.606524
2.528664 0.812006 0.409615
2.941334 0.627563 0.009355
3.151366 0.735794 0.003229
2.074347 0.832524 0.002833
2.710797 1.354002 0.012113
3.466841 1.914979 0.016262
1.766689 -1.700196 0.421461
0.284057 1.560313 0.002857
0.287595 2.163859 0.009450
0.248601 2.579057 0.015395
1.074871 1.454057 0.002303
1.838083 2.203846 0.014313
1.346213 1.796838 0.006703
1.773072 2.350118 0.016596
2.249070 1.237892 0.006241
2.666948 1.925875 0.018904
-0.313631 -0.031881 1.388113
1.544653 1.401468 0.415447
2.545895 -0.955871 0.730944
2.712635 -0.720641 0.399202
1.763552 1.380911 0.677848
1.665872 -1.712399 0.638827
1.584258 -1.709604 0.461854
1.650367 0.674022 0.001154
1.552072 1.518986 0.229290
3.448711 2.534530 0.032588
1.573939 -1.702974 0.244518
1.429064 1.908005 0.004344
1.303577 1.660450 0.000659
0.116287 2.349954 0.146245
0.142453 2.109928 0.008870
0.066773 2.333037 0.068037
0.996654 1.361950 0.000111
2.904663 1.260691 0.006753
1.741637 1.401677 0.550662
2.521763 0.814262 0.330565
2.538420 0.776362 0.376864
2.527235 0.818319 0.381708
2.213384 0.492832 0.006418
2.070577 1.114604 0.007866
3.212420 2.395198 0.026399
1.403174 1.546109 0.003612
1.838415 2.368099 0.011008
2.004558 2.641679 0.031481
0.364743 1.700229 0.001607
0.348187 1.652455 0.002305
0.564624 2.784084 0.011463
1.334094 1.495108 0.000265
1.519314 2.045076 0.014074
1.804458 2.295518 0.013150
2.029611 1.154880 0.000685
2.788259 1.872274 0.011842
3.166509 2.212677 0.013270
-0.316538 0.053105 1.263727
1.696541 1.405894 0.528300
3.349216 1.578279 0.009749
1.838368 -1.718077 0.548535
1.586935 1.278178 0.001605
-2.617129 -2.957175 2.993255
-0.014605 2.110511 0.017796
1.197582 1.007486 0.000843
3.460186 1.592694 0.025927
2.823783 -0.698164 0.911814
2.831637 -0.699099 0.572655
2.524917 0.704787 0.154496
2.223259 1.036912 0.001676
2.866219 1.331358 0.009660
2.919527 1.664741 0.010476
1.787330 1.405825 0.164108
1.336914 1.373544 0.000363
2.010479 2.468891 0.017518
2.266507 2.763139 0.021482
0.688130 0.993919 0.000355
0.236758 2.479522 0.009914
1.529812 -2.021569 0.304277
1.849511 -1.711680 0.447461
2.807013 -0.675535 0.074690
2.529623 0.702979 0.098879
2.653247 1.564184 0.010035
2.537682 -0.912318 0.933786
2.812160 -0.691430 0.687168
1.845154 -1.744548 1.301884
2.537284 -0.890254 0.904166
2.810397 -0.718368 0.690292
2.540812 -0.917269 0.216311
2.733245 0.663551 0.031209
1.553517 -1.958726 0.793902
1.546154 -2.009501 0.361090
2.355894 1.712917 0.003242
1.538752 -1.795353 0.081239
1.600680 1.877718 0.007416
1.546005 -1.926735 0.533952
1.588527 -1.704103 0.424050
1.793501 -1.708007 0.322177
2.462843 1.684572 0.008752
2.121446 1.323748 0.002465
1.539866 -2.039794 1.081200
1.749750 -1.731065 0.810072
2.794883 0.669061 0.063042
2.550032 -0.949571 0.825682
2.552269 -0.982620 1.248189
2.535342 -0.932685 0.890073
2.532491 -0.911147 0.356084
3.475450 2.486662 0.013970
1.552846 1.393889 0.282140
1.568170 -1.700182 0.381349
1.850529 -1.707814 0.277092
0.627393 0.853672 0.001557
0.143971 -2.103405 0.678651
0.014177 -2.068975 0.666743
1.541041 1.458594 0.181400
1.552865 -1.938429 0.802581
1.544512 -1.863953 1.207278
2.824430 1.463332 0.010525
1.532290 -2.016293 1.371661
0.828434 -2.428768 2.998423
1.782913 -1.730509 1.124592
1.862522 1.408345 0.572802
1.554589 -1.969554 1.132021
1.983831 0.424969 0.003779
-2.697878 -2.583443 2.999556
0.245495 2.414504 0.006106
0.030943 2.325136 0.095220
1.436919 1.323651 0.002000
2.094492 1.075599 0.004739
2.698385 2.044006 0.020371
1.799704 -1.724763 0.816603
1.865443 1.395260 0.593314
1.549013 -1.785234 1.419865
2.530610 -0.778651 0.511173
2.805458 -0.705766 1.119281
1.062851 -0.099841 0.403159
1.549134 -1.951877 1.414650
1.548269 -1.906215 1.158332
2.529281 0.765841 0.122668
2.792536 -0.713442 0.044195
2.089400 0.775289 0.005624
2.823466 1.745148 0.021591
2.857856 1.968138 0.021469
0.128078 -2.104716 1.475387
-0.054015 -2.156840 1.199246
0.372583 2.481699 0.010381
0.079744 2.316912 0.214831
0.091998 2.107514 0.007534
0.615061 2.700068 0.013981
1.530416 -1.890105 0.032676
1.460918 1.489528 0.005084
2.258431 1.103501 0.006445
1.473873 0.893820 0.000166
-0.320827 -0.006412 1.210501
2.517484 0.830794 0.137789
1.837374 1.407989 0.437658
2.531626 -0.851204 0.534378
2.562306 -0.727395 0.404439
1.733311 1.387651 0.864681
1.845051 1.379161 1.168250
1.556317 1.622506 1.431350
1.547232 1.435625 1.221914
2.532397 -0.840151 0.217986
1.783629 1.380681 0.734235
-0.323298 -0.042705 1.271494
2.497567 0.730428 0.087318
2.716548 1.247200 0.008337
3.022255 1.539517 0.010993
1.619319 1.392643 0.371378
1.680822 1.183396 0.002261
0.011472 -2.087526 1.266290
0.813706 2.909453 0.004025
0.692496 2.446062 0.002611
0.096055 2.323499 0.329156
0.708894 2.507804 0.004141
1.542815 -1.919679 0.299934
1.750528 1.419492 0.112950
-0.311504 -0.055236 1.405902
2.541775 -0.823471 0.127496
2.521164 0.884499 0.170445
3.425641 2.195827 0.016510
2.767247 1.541466 0.011374
2.530137 -0.822824 0.536545
1.537794 1.524009 0.977837
2.531015 -0.843053 0.881191
1.060658 -0.115692 0.480994
1.857680 1.363611 1.154058
1.545309 1.579160 1.175765
1.550766 1.629634 1.455249
1.057777 -0.110867 0.431740
1.837104 1.349783 1.228820
2.533465 -0.811432 0.199190
1.552754 1.539009 0.923002
1.878077 1.379300 0.498776
1.748358 1.401323 0.146845
1.587901 1.391133 0.507860
-0.319222 -0.021008 1.327497
2.712260 1.820851 0.014445
1.535888 -1.763584 0.114880
1.234486 1.077169 0.000867
0.213966 2.540956 0.016780
0.349603 1.242900 0.002790
0.095429 -2.069685 0.323310
1.692181 -1.704094 0.024270
1.743141 1.404699 0.198066
2.496810 0.883493 0.203909
2.711289 1.265299 0.007484
2.339665 1.482413 0.002191
2.819702 2.132815 0.021088
1.533548 1.498056 0.508121
1.548125 -1.972617 1.114708
1.852710 -1.724216 0.849233
1.843444 1.389405 0.659959
1.546365 1.632764 0.958556
1.543163 1.528663 0.681231
1.593877 -1.747972 1.366863
2.546291 -0.854382 0.961551
2.788792 -0.712455 0.710380
2.534174 -0.829855 0.561953
2.649376 -0.727215 0.523860
1.065989 -0.113589 0.546502
2.816538 -0.705636 1.213718
1.832389 1.368581 1.276492
1.556391 1.593781 1.454430
1.855596 1.361963 0.962749
1.549577 1.609846 0.942492
1.549647 1.608952 1.259808
2.523101 -0.799177 0.304061
2.531435 -0.853454 0.620550
1.831705 1.382802 0.642228
1.864341 1.372645 0.679573
1.504577 1.619748 0.559078
3.062771 1.491942 0.000447
1.758081 1.404375 0.348600
1.535972 1.464074 0.112482
0.756944 0.834689 0.003436
0.534083 2.292679 0.008954
-0.039514 -2.150321 1.309079
1.865717 -1.698752 0.298531
2.569633 1.216648 0.000411
2.861074 1.636383 0.014486
3.292130 2.145498 0.015670
2.988792 2.163708 0.014936
1.542522 1.629310 0.342305
1.546188 1.604917 0.706594
2.517172 0.847566 0.277915
1.834226 1.388661 0.725041
1.541149 1.676520 0.955693
1.559054 -1.812182 1.322281
2.547604 -0.811508 1.065886
2.546914 -0.836423 0.713408
2.813005 -0.716587 0.797091
1.067953 -0.106813 0.550319
1.842152 1.389200 0.824207
1.847339 1.377533 0.902181
1.548294 1.602015 1.053791
1.061228 -0.103946 0.633745
1.819247 1.369614 1.365189
1.546985 1.632097 1.378324
2.805845 -0.708269 1.334964
1.590932 1.366225 1.452304
2.539834 -0.810291 1.126122
2.815027 -0.711267 1.280418
2.803125 -0.719121 0.736756
1.803103 1.374177 1.028497
1.553205 1.628916 1.121188
1.835949 1.361191 1.307471
1.795890 1.370362 1.313909
1.555353 1.562982 1.397759
1.555909 -1.900378 1.273428
2.540077 -0.784156 0.753456
1.061465 -0.097521 0.573292
1.869722 1.364068 0.862715
2.531208 0.897658 0.354687
1.762056 1.396051 0.324953
1.555084 1.645827 0.433949
1.546430 1.558611 0.739861
1.864765 -1.714787 0.510240
2.534944 1.222242 0.002630
2.923614 1.176592 0.004919
2.889409 1.778932 0.009752
1.549803 1.660021 0.051128
1.039776 1.129944 0.002822
0.892444 0.974654 0.000890
1.069550 1.173736 0.002672
1.504678 1.152431 0.002735
1.439397 1.694417 0.010112
1.821578 2.077107 0.019719
1.846536 1.227473 0.005590
2.461483 1.331781 0.009009
2.510100 1.800014 0.015564
2.713318 1.743030 0.018083
3.173467 2.389821 0.019144
1.546807 1.659534 0.380553
2.571129 -0.726002 0.457462
2.792275 -0.711491 0.754730
1.859182 1.387026 0.817270
1.750946 1.387135 1.142302
1.542673 1.642287 1.136474
1.533027 1.448744 0.867698
1.056533 -0.101291 0.695576
1.790945 1.376753 1.394283
1.547398 1.564439 1.418877
1.752366 1.382768 1.402676
2.794336 -0.710683 1.382597
2.834749 -0.699210 0.766654
1.067126 -0.108637 0.703929
1.694317 1.378164 1.109225
1.546618 1.671526 1.059877
1.834826 1.361313 1.421757
1.548986 1.539149 1.423631
2.540525 -0.746285 0.780303
1.824024 -1.746275 1.391959
1.870866 1.376467 0.773730
1.575746 1.378818 0.878819
1.554936 1.665636 0.666849
1.686978 -1.718947 0.757076
2.526382 -0.733818 0.127747
3.433374 1.684263 0.004587
1.542901 1.550365 0.569888
1.902951 0.723369 0.001573
2.009983 0.765607 0.003773
1.872115 1.202723 0.003403
2.148447 1.255389 0.005243
1.353953 1.165206 0.002658
1.555588 1.682779 0.304419
1.471213 1.945027 0.016456
0.899558 1.087827 0.000605
-2.623578 -2.809122 2.998449
1.448045 1.175907 0.003304
1.159376 1.151065 0.000715
1.711133 2.167780 0.020370
1.563864 2.119593 0.017719
1.851803 2.651865 0.027535
2.542594 -1.031493 0.146980
2.508428 0.802110 0.222845
1.858060 1.266617 0.009414
2.204808 2.526957 0.033284
1.556059 1.641068 0.563041
1.572946 -1.863005 0.686122
2.541346 -0.814206 0.017801
2.537592 0.862096 0.227787
3.129564 1.392853 0.014525
3.095914 1.803074 0.014286
2.898091 1.528291 0.016210
1.565011 1.399440 0.648148
1.560883 1.640593 0.754813
1.552232 -1.963200 1.206087
2.542388 -1.056021 0.617651
1.581347 1.388757 0.915471
1.722472 1.382757 1.212579
1.549425 1.583155 0.897789
1.551391 1.596171 1.254800
1.842475 -1.752762 1.419751
2.548641 -0.814635 1.180594
2.548439 -1.058178 0.817201
2.779938 -0.705971 1.439509
1.557894 1.631982 1.227528
1.559377 -1.892803 1.346813
2.624693 -0.719401 0.486456
2.811282 -0.703331 0.279471
1.571378 1.394893 0.776380
1.539231 1.676584 0.868041
1.561299 -1.809351 0.659888
2.863452 1.360995 0.002076
3.078135 1.444841 0.004571
2.679952 1.638723 0.003888
1.771981 1.403254 0.384216
1.554541 1.669184 0.532550
0.091637 -2.076059 1.151752
1.535296 -1.819121 0.246548
1.773715 1.218599 0.001257
1.552732 1.691513 0.158814
1.903439 2.162444 0.014189
2.075800 2.674695 0.024328
2.234324 2.901391 0.022645
1.191162 1.629885 0.005552
-0.020593 -2.102653 0.838545
0.096103 -2.068134 0.519157
0.433947 2.673563 0.012450
1.158041 1.704258 0.005923
-0.025748 -2.112788 0.884323
0.066833 -2.070629 1.206568
0.137864 -2.103733 0.767111
1.532193 -1.880721 0.199874
1.464825 2.208225 0.011451
1.708005 2.712765 0.017406
1.694702 -1.704953 0.063453
1.818467 1.196821 0.002433
2.034639 1.528488 0.031573
2.064941 2.848083 0.028523
1.551457 -1.899298 0.609520
2.526690 0.739825 0.031271
2.625751 1.256891 0.011526
3.249931 1.869192 0.020000
2.665610 1.755577 0.012925
1.555871 1.684635 0.623543
1.673220 -1.735003 0.898682
1.861076 -1.748156 1.257743
2.659751 -0.720013 0.437721
2.809026 -0.697173 0.301274
2.526410 0.879030 0.299735
1.834502 1.388157 0.962544
1.550795 1.654920 0.860677
1.553789 1.621424 1.284922
2.543512 -0.786335 1.213048
2.535371 -1.056419 0.879432
2.536848 -0.799843 0.872800
1.063266 -0.108204 0.790142
1.670445 1.381763 1.270601
2.541933 -1.061161 1.236598
1.138674 -0.142049 0.792915
1.704481 1.376993 1.276509
-0.195064 0.014349 2.992475
2.541266 -0.801283 1.208209
2.556062 -1.054483 1.317121
2.734545 -0.707590 1.451356
1.553248 1.612686 1.348991
2.551238 -0.721451 0.538201
1.865819 1.363188 0.907624
1.548825 1.580562 0.993227
1.548474 -2.004892 1.223346
2.813810 -0.706689 0.173852
1.548751 1.653529 0.673799
1.543291 -1.874409 0.307237
2.270429 1.335376 0.000779
1.529021 2.112919 0.009024
1.607168 2.268225 0.011143
1.681034 2.716175 0.016842
0.012244 -2.078272 1.018770
0.156829 -2.109551 0.888210
1.085511 1.675442 0.002096
-2.541065 -2.766252 2.999238
-0.058347 -2.128604 0.874924
0.911440 -0.581280 0.001632
1.146868 1.628610 0.000665
0.943685 1.449921 0.002621
-0.014826 -2.118492 0.948635
1.552057 1.674154 0.200104
1.415190 2.152974 0.006910
1.282362 2.024825 0.005182
1.677024 -1.698710 0.033461
2.251679 2.869517 0.024647
1.701252 2.676419 0.020953
1.553042 -1.914167 0.541583
1.544021 -1.793497 0.496852
1.873392 -1.708649 0.325535
2.127151 0.790826 0.000295
2.474915 1.289235 0.000692
2.463347 1.731635 0.008998
2.998458 1.913709 0.009565
2.210924 1.536642 0.001552
3.232615 2.328335 0.012582
1.548877 1.694261 0.571913
1.671803 -1.734959 0.822068
1.878273 -1.710440 0.718557
2.547896 -1.039348 0.667290
2.557777 -0.734484 0.579863
2.533571 -0.759817 0.210851
2.546843 -1.052519 0.267843
2.817241 -0.692891 0.188296
2.780297 -0.714451 0.136221
2.512739 0.793586 0.257361
1.551048 1.390988 0.824335
1.551339 1.630110 0.931814
1.548084 1.639917 1.335791
-0.055667 -0.601625 2.991988
2.546844 -1.072725 1.255374
2.536371 -0.764871 0.909555
1.068786 -0.117276 0.889458
-0.165851 -0.095028 2.986667
2.549774 -0.800793 1.301971
2.826507 -0.711177 1.423768
1.077103 0.050324 0.893660
1.704427 1.365444 1.344003
2.556615 -1.052771 1.382919
2.542715 -0.742070 0.936788
2.613000 -0.729616 0.735693
1.886468 1.353919 1.067122
1.568063 1.384988 1.069011
1.555972 1.418153 1.092270
1.847485 -1.750363 1.227443
1.563158 -1.811475 0.803651
2.561007 -1.038036 0.474967
2.669061 -0.713997 0.623625
1.565576 1.400334 0.822932
2.535753 0.818910 0.004019
2.521090 1.255518 0.004195
3.013792 1.423992 0.012263
3.140497 1.811103 0.018184
2.883212 2.116535 0.014727
1.553311 1.409003 0.156242
1.656727 -1.698186 0.071383
2.021513 2.673990 0.032557
2.097484 2.786636 0.026216
2.156256 2.894489 0.029846
0.073741 -2.078729 1.278545
1.219604 1.143412 0.000540
1.250183 1.692565 0.010998
1.293995 2.216928 0.015181
1.340783 2.199457 0.016547
-0.028634 -2.106260 0.981064
0.106668 -2.062427 0.652183
0.811390 1.127892 0.000784
1.019660 1.646708 0.010125
0.899228 1.437774 0.012211
-0.008755 -2.121036 1.022564
1.080510 1.709734 0.001969
1.185431 1.989797 0.008960
0.096334 -2.071147 1.390802
1.560641 -1.811510 0.045170
1.901310 1.237989 0.006631
1.552428 1.719773 0.281000
1.707567 2.237662 0.015182
1.774777 2.643958 0.025127
1.550888 -1.818360 0.413218
2.278654 0.953103 0.000898
2.411915 1.370700 0.006534
2.534595 1.716149 0.013092
1.882079 -1.716138 0.643527
2.540906 -1.046934 0.218294
2.528335 -0.788645 0.259289
2.740675 -0.717859 0.042969
2.528957 0.786239 0.076070
3.197335 1.828489 0.007558
1.559398 1.693501 0.728958
1.550161 1.608641 1.006818
1.530172 -2.030623 1.407623
2.559241 -1.029492 0.684252
2.596027 -0.723829 0.668053
1.831811 1.385448 1.122194
1.561897 1.394870 1.027221
1.554549 1.653214 1.389022
-0.136657 -0.602255 2.987720
2.557240 -1.067018 1.253436
2.546669 -0.783729 1.325467
2.552731 -1.062312 1.042828
2.542428 -0.823835 0.961794
2.850538 -0.699737 1.080276
1.120872 -0.134879 0.982513
1.104137 0.067382 0.963694
2.542337 -0.803022 1.372792
1.092161 0.049314 0.963747
1.093878 0.051350 0.914901
1.704371 1.352638 1.409041
2.573138 -0.743465 0.931000
1.881456 1.349626 1.135752
1.570245 1.610417 1.392311
1.564188 -1.771418 1.393364
1.862726 -1.757030 1.238226
2.544726 -1.007146 0.970652
2.657390 -0.718867 0.686202
1.548311 -1.815440 0.991305
2.525768 0.773809 0.166372
3.419713 1.730193 0.017242
1.553826 1.649710 0.710361
1.538152 -1.756018 0.540452
1.673041 -1.697149 0.184738
1.891519 0.403593 0.023373
2.266819 0.526990 0.011313
2.345627 1.306099 0.005360
1.537739 1.704383 0.364448
1.653987 2.193446 0.008400
1.688981 2.682162 0.015649
0.161586 -2.133833 1.094507
0.123532 -2.068534 0.709474
1.126714 1.695515 0.000380
1.159608 2.117789 0.004167
-2.896991 -2.724639 2.996734
0.130421 -2.081537 0.753833
-0.004757 -2.085814 1.049340
1.250691 2.187799 0.010070
0.177108 -2.182810 1.075031
1.665451 -1.699726 0.244388
1.886704 1.166659 0.007082
1.545678 1.668592 0.341483
1.805228 2.748898 0.024084
1.927952 0.685191 0.000767
2.342242 1.760282 0.012219
2.516096 2.856102 0.020273
2.731311 -0.703768 0.095373
2.884057 1.263948 0.002253
2.746023 1.528746 0.006507
3.091725 2.293671 0.008512
1.815468 1.408353 0.763593
1.567056 1.419988 0.508562
1.552227 1.704645 0.792494
-1.022163 -0.567649 2.935198
1.526523 -2.030605 1.252121
2.585896 -0.727849 0.793740
1.060128 -0.090154 0.669752
1.624976 1.395017 1.019325
1.550846 1.627177 1.090789
2.537614 -0.780846 1.111110
2.542638 -1.049798 1.019519
1.623438 1.366118 1.364385
1.556991 1.665011 1.431212
2.550754 -0.828168 1.393376
2.542847 -0.847993 1.437456
1.112908 0.060590 1.027640
1.097313 0.057132 0.976345
2.779951 0.626912 1.461158
2.630228 -0.742036 0.804244
1.087178 0.062357 0.846496
1.055844 -0.093099 0.625206
1.542646 1.681555 1.047512
1.555966 -1.881744 0.969020
1.545317 1.720786 0.677370
2.772564 -1.118344 0.019841
3.150362 -1.292043 0.000421
3.420883 -0.685104 0.009051
2.700546 1.192223 0.020000
3.316315 1.746534 0.036475
3.295222 2.312248 0.030993
1.925940 0.458444 0.011901
1.952500 0.714093 0.004623
1.943816 1.469534 0.088549
2.210125 2.735521 0.030103
1.172900 1.668018 0.009826
1.549931 1.731062 0.000245
1.554358 2.170116 0.005431
1.550676 2.605328 0.019360
-0.060822 -2.136122 1.068959
0.088040 -2.059055 0.733824
1.187307 2.098852 0.008888
1.205564 1.152556 0.002718
-0.016025 -2.111135 1.073728
1.515028 1.750196 0.011399
1.931244 1.467696 0.128747
1.551554 2.230990 0.017930
1.928357 2.694253 0.034503
0.034845 -2.068477 1.367973
1.977008 0.684084 0.000996
1.930858 1.170525 0.009211
1.556946 1.683702 0.372221
2.116110 2.742141 0.034266
1.550948 -1.903910 0.609092
2.643314 -0.719193 0.014697
2.456829 0.830170 0.014648
2.922346 2.131936 0.022713
1.771423 1.401305 0.777426
1.549651 1.633220 0.511522
1.550013 1.655384 0.900750
1.561407 -1.836350 0.987425
1.088395 0.063826 0.799964
1.886354 -1.750325 1.289899
2.548635 -0.802677 0.788347
-0.221392 -0.045870 2.997579
2.552093 -0.904100 1.317734
1.083547 0.054621 1.038151
2.831810 0.654550 1.201476
2.536843 0.758180 1.326406
2.551083 -0.879199 1.415122
2.838486 -0.724812 1.165164
1.098197 0.053735 1.079416
1.087701 0.041966 1.032848
2.831838 0.631140 1.192465
2.562655 0.670993 1.462907
2.543683 0.657700 1.064888
2.704850 -0.740413 0.958424
2.549851 -0.855214 1.108364
1.573099 -1.792615 1.405107
1.862659 -1.742597 1.387826
2.549738 -0.790160 0.815114
1.567899 1.663138 0.797993
2.668339 -0.708639 0.191918
1.749524 -1.708184 0.399433
2.027855 0.684544 0.005596
2.241001 0.876796 0.008620
2.288514 1.204817 0.006480
2.370440 1.193075 0.005044
2.300130 1.688112 0.008951
1.904576 1.447455 0.150293
2.428551 1.723591 0.016887
1.681109 1.397972 0.292944
-1.551716 -0.595386 2.997565
1.555184 -1.878463 0.327280
1.162570 1.144024 0.002894
1.524429 1.253128 0.004344
1.710288 2.977586 0.024254
0.009450 -2.095851 1.209410
0.116443 -2.063862 0.871317
0.873438 1.153611 0.004613
0.829651 1.414514 0.013663
1.221024 0.264794 0.007699
1.272327 2.071460 0.009254
1.667823 -1.718026 0.385884
1.950226 1.136148 0.004281
1.537481 1.236078 0.000111
1.884558 2.174844 0.015352
1.483694 2.347697 0.013286
2.243350 1.162441 0.000284
2.409868 1.211522 0.005540
1.958702 1.226008 0.010829
1.567220 -1.922873 0.929258
2.669674 -0.711566 0.107577
1.105201 0.066784 0.665300
1.806237 1.401627 0.694848
1.831596 -1.754248 1.187228
2.555509 -0.811672 0.739040
1.554733 1.666075 1.271290
2.555131 -0.946009 1.186992
2.550870 -0.806603 1.149810
2.764969 0.660824 1.115669
2.547692 0.678108 0.830209
2.553667 -0.775841 1.458802
1.109160 0.056935 1.083377
2.549327 0.679113 1.451932
2.543769 0.681495 0.985470
2.556973 0.931589 1.464901
2.558877 -0.736604 1.104499
2.543413 0.967859 1.228051
2.548563 -0.941037 1.151522
1.074713 0.057887 0.700824
2.744342 0.665331 0.665153
2.535500 0.702368 0.842494
1.820878 -1.744398 1.262906
1.622689 1.351220 0.750437
1.552017 1.608211 0.866928
1.561655 -1.717512 0.731967
2.790202 1.816150 0.013702
1.550189 1.591019 0.503474
1.890127 1.129812 0.000339
1.555928 1.607946 0.196685
1.924469 2.640785 0.011073
1.136041 1.572540 0.003340
0.861531 1.466544 0.004951
-2.930387 -2.562369 2.999829
1.215130 0.605321 0.002587
1.200488 1.584372 0.009062
1.758795 0.834929 0.005302
1.912735 1.101490 0.003780
1.530225 1.102757 0.000227
1.963119 1.455830 0.004916
1.543668 1.611741 0.010089
1.556304 1.577001 0.400812
1.464345 2.485171 0.009833
2.211863 1.306879 0.013618
2.172513 2.624288 0.021850
2.380576 2.708890 0.017633
1.561162 -1.817951 0.760644
1.674172 -1.720013 0.669707
2.613686 -0.711185 0.170950
3.090567 0.203946 0.000039
1.545345 1.628740 0.772713
2.791730 0.663484 0.510956
2.538819 0.668143 0.871793
2.496027 0.745535 0.581299
2.695700 0.667480 0.456271
-0.524118 -0.664104 2.976812
2.809315 0.653206 1.038497
2.532940 0.966744 0.931353
2.541661 -0.861871 1.456346
2.799076 -0.721922 1.286418
2.547966 -0.951982 1.242437
2.581866 -0.732657 1.161915
1.091243 0.056327 1.131788
2.804148 0.648515 1.316166
2.531698 0.957966 1.141151
2.542716 0.960169 1.441311
2.541666 0.940662 1.244080
0.130443 -0.500255 2.993074
2.556689 -0.931467 1.395077
2.543990 -0.832053 0.942274
2.548632 -0.875115 1.264827
1.073060 -0.116178 1.066423
2.551897 0.656422 0.913700
2.711902 0.646439 1.158172
2.535769 0.957724 0.971361
2.526341 0.704667 0.587307
2.750029 -0.715345 0.195275
2.645236 0.673660 0.328071
1.547226 1.470658 0.690720
1.708313 -1.712270 0.451582
1.096862 0.063963 0.564223
1.024440 -0.043287 0.523181
1.543078 0.728818 0.002092
1.680570 2.929332 0.029763
1.233796 0.587880 0.001625
1.217698 1.602223 0.012779
1.247691 2.104152 0.016150
1.260985 0.607261 0.002897
1.172796 2.020890 0.017216
1.566535 1.107925 0.002244
1.569330 2.088131 0.012330
1.570196 2.391515 0.017073
1.429602 2.375038 0.015606
1.878931 2.612993 0.030000
1.944799 -1.783421 0.079736
1.034324 -0.084248 0.479938
1.556244 1.648701 0.309780
1.554046 -2.001124 0.714749
1.690541 -1.711009 0.556307
2.756237 -0.711656 0.291491
1.781791 1.403329 0.280713
1.540423 1.576371 0.434194
2.527942 0.721202 0.501877
1.548263 1.663835 0.823397
1.814319 -1.759030 1.389492
2.530884 0.683689 0.902927
2.766340 0.655669 0.622283
2.546611 -0.853645 1.443014
2.549575 -1.070766 1.356419
2.545432 -0.838078 1.274137
2.633755 -0.742155 1.084747
1.082102 0.045347 1.073863
2.831699 0.638481 1.287430
2.545382 0.704441 1.450749
1.104814 0.059177 1.147176
2.553020 -1.042290 1.409328
2.538351 -0.763951 1.283228
2.670319 -0.721371 0.901980
2.741437 0.644152 1.290657
2.534891 0.700117 0.900702
2.520202 0.975399 0.867808
2.608943 -0.716054 0.208594
2.660774 0.666104 0.283653
2.532608 -0.768505 0.017621
1.542511 1.374582 0.468465
1.542126 1.624890 0.451654
1.558589 -2.009128 0.669643
1.698307 -1.704664 0.423218
1.023398 0.024999 0.471190
1.820094 1.262545 0.000109
1.788428 2.152952 0.006415
1.777045 2.654621 0.016893
0.174621 -2.112677 0.991142
1.088879 1.605080 0.002124
0.005129 -2.100259 1.277504
1.336048 -0.476489 0.001983
1.028263 -0.061267 0.419451
1.493107 1.111800 0.003843
1.708914 1.203200 0.013715
1.618501 1.769432 0.094177
1.482914 1.620530 0.012703
1.488024 2.147650 0.017244
1.736791 -1.709150 0.413580
1.548535 -2.013383 0.585808
1.111294 0.067972 0.766553
1.050317 0.032618 0.466040
1.547093 1.642528 0.385536
2.278336 2.826480 0.031444
2.535800 -0.770559 0.591711
2.543580 -1.030256 0.282199
-0.488655 -0.611383 2.990822
2.544279 -1.061426 1.188932
2.835643 -0.699966 1.137907
2.752204 0.657936 1.091423
2.554703 -0.805132 1.450738
1.080622 -0.132337 1.155239
1.087818 0.048036 1.122310
2.556064 -1.015280 1.375235
1.088022 0.059781 0.654477
2.728889 0.650094 1.280247
2.528998 0.741161 0.880389
2.535061 0.780306 1.380332
1.674563 1.365157 1.448662
2.551046 -1.041238 1.160354
2.554749 -1.011816 0.812438
2.683554 -0.723820 0.784130
2.817423 0.632516 0.580692
-0.457570 -0.468759 2.992313
2.523648 0.781215 0.513807
1.047939 0.032310 0.386868
1.090036 0.064393 0.513560
1.540699 1.440246 0.198560
2.106134 2.763414 0.014748
1.453766 1.704110 0.003042
1.071391 2.038211 0.006181
1.359658 2.599184 0.006928
0.154179 -2.104418 0.936475
1.141967 1.156718 0.003864
0.159572 -2.080002 0.932411
1.112759 2.105213 0.008262
1.036437 -0.035576 0.344612
1.487009 1.208482 0.010119
1.484383 1.510755 0.009873
1.482479 2.250369 0.015262
1.349848 2.339398 0.015140
1.480096 2.711478 0.021785
1.340012 2.565545 0.019930
1.677765 -1.698667 0.276196
1.583531 1.369617 0.010539
1.675954 1.884438 0.059131
1.548895 1.672636 0.279486
2.105628 2.396080 0.023234
1.985768 2.733147 0.029906
2.172056 2.793200 0.030265
1.553352 -1.821032 0.748883
2.691822 -0.713369 0.031423
2.534465 0.818625 0.069821
1.696216 -1.737064 1.065242
2.756386 0.660229 0.592858
2.532652 0.810743 0.814890
-0.417364 -0.656291 2.994994
-0.411270 -0.875693 2.990779
2.535514 -1.043219 0.868129
2.664393 -0.728783 0.812630
-0.438957 -0.086052 2.990294
2.582709 -0.716985 1.432784
2.549915 -1.044179 1.225513
2.831949 -0.696212 1.241041
2.586724 -0.737999 1.090891
1.085449 -0.120849 1.014171
2.831834 0.646445 1.131270
2.533529 0.835396 1.461884
2.525694 0.763607 0.942533
1.849190 1.394173 1.239398
1.714406 1.365896 1.459816
0.240104 -0.487165 2.995082
0.319010 -0.909188 2.996480
2.613484 -0.730433 1.419963
2.528388 0.780787 0.859291
2.533225 0.826722 1.428458
2.545738 -1.034999 1.064640
2.541384 -0.735646 1.143470
1.088521 -0.124358 0.993344
1.861679 1.363411 1.224896
2.550981 -1.046523 0.890370
1.546696 -1.814497 1.348718
1.662567 -1.730788 1.042291
2.691524 -0.723423 0.225463
1.556333 -1.830835 0.931892
1.555355 -1.792416 0.709135
1.775233 -1.707717 0.368113
2.315788 2.823495 0.016265
1.033906 0.024531 0.298049
1.470979 0.086314 0.073034
1.503560 1.429511 0.002371
1.435191 2.977010 0.016491
1.057202 2.078262 0.005153
0.148673 -2.108765 1.058799
1.096775 0.720975 0.001577
-2.698030 -2.798042 2.993564
0.144916 -2.103273 0.983340
0.797965 1.236615 0.002639
0.749351 1.450578 0.005813
1.231490 2.475822 0.002819
1.036318 0.031476 0.315086
1.355448 1.261485 0.004720
1.446928 1.393999 0.015472
1.320964 2.214974 0.015873
1.599318 2.747793 0.029142
1.644587 -1.731511 0.964847
2.816912 -0.706415 0.131559
2.881964 1.422949 0.002773
1.842257 -1.756917 1.336046
2.547742 -1.052764 0.799677
2.808676 0.654348 0.598737
2.524763 0.866227 0.747494
-0.402291 -0.445146 2.952378
2.546043 -0.988614 1.421438
2.531244 -0.783879 1.158630
1.101515 -0.132953 1.007717
2.791518 0.652165 1.224995
2.793925 0.643150 1.185888
2.534736 0.859396 1.440057
2.524926 0.818749 0.871314
2.545105 -1.038146 1.102147
2.544369 -1.037935 0.839409
2.707928 -0.727448 0.863628
-0.614433 0.802355 2.996787
2.542822 -1.040852 0.594496
2.525678 -0.742985 0.511798
2.532784 -0.993917 0.150404
2.525669 0.850459 0.119822
1.042391 -0.079295 0.275379
1.008268 0.028987 0.241490
1.776050 2.284820 0.008046
1.822025 2.817250 0.017241
1.879904 2.839389 0.020768
1.250603 1.176472 0.018030
1.232593 1.717518 0.009423
1.355520 1.754747 0.005077
1.213669 2.174557 0.008284
1.217902 2.620377 0.011455
1.046097 1.716690 0.005390
1.089108 2.202501 0.003125
0.015197 -2.081176 1.189712
1.037159 -0.075704 0.183949
-2.351314 -2.819126 2.999501
0.003658 -2.101451 1.238164
1.048746 -0.091286 0.351102
1.638918 2.234155 0.022295
1.369522 2.281614 0.015941
1.230114 2.256783 0.018537
1.355999 2.780492 0.024972
1.556592 -1.737377 0.817497
1.872994 0.769668 0.007909
1.893635 2.781565 0.033247
1.764938 -1.752183 1.151978
1.870084 -1.709094 0.672328
2.537000 -1.024520 0.164505
3.101069 0.443815 0.006488
2.699006 0.366279 0.008140
3.143733 0.717986 0.005360
2.797843 1.426667 0.021555
2.575333 1.334567 0.017368
3.172729 1.951991 0.031034
2.539753 -1.023042 0.715852
2.610482 -0.726573 0.645595
2.797778 0.645834 0.575313
2.522578 0.874686 0.654078
1.733129 1.373445 0.956180
2.543286 -1.056256 1.098935
2.526960 0.862910 0.861861
2.795760 0.651781 0.712140
1.812060 1.384242 1.054660
1.548859 1.393366 1.209033
1.637227 1.362546 1.450844
2.546300 -1.033887 1.411843
2.704402 0.651484 1.248215
2.794987 -0.721557 1.210221
2.821530 0.636031 1.222206
2.551628 -1.031149 1.149835
2.661247 -0.728627 0.893232
2.803320 0.633322 0.915092
1.566935 1.383332 1.192698
1.536083 1.567492 1.370538
-0.498272 -0.194436 2.997239
-0.421051 -0.542174 2.980726
2.517640 0.821735 0.516362
1.772975 1.390898 0.816333
1.736313 -1.735138 1.094723
2.714067 -0.714148 0.196073
1.046077 -0.100603 0.701287
3.396115 0.200480 0.005295
2.910462 1.429435 0.005030
2.998219 1.821943 0.008501
1.546450 -2.039207 0.830636
1.915774 0.784892 0.001239
2.004238 1.093964 0.000453
1.047435 -0.093198 0.327583
1.421693 0.557169 0.007948
1.409631 1.752869 0.004626
1.358026 2.215063 0.009066
1.432030 2.237885 0.013021
1.005535 1.579598 0.009225
1.047795 1.690123 0.000746
1.003758 2.186586 0.008907
1.046146 -0.083356 0.249907
1.101669 1.212650 0.002495
1.320014 2.263992 0.021617
0.968638 2.116951 0.016445
1.576830 2.345821 0.020696
1.586014 2.858638 0.033387
1.171996 2.584175 0.019831
1.748983 -1.697880 0.228462
1.794748 0.799077 0.004541
2.526444 0.914983 0.193629
1.551688 -1.901183 1.211757
1.729338 -1.738125 1.031895
3.422980 0.177810 0.006014
3.386216 0.770317 0.000103
1.776193 1.401642 0.725770
2.580214 0.660367 0.783038
2.525000 0.921922 0.824292
1.551116 1.410470 1.145262
1.523719 1.560419 1.220710
-0.462530 -0.291197 2.991288
-0.415349 -0.452198 2.986349
2.680648 -0.732831 1.349804
2.549030 -0.733410 1.158478
2.770094 0.657699 1.174644
1.616617 1.377242 1.437168
1.549284 1.614235 1.436339
2.523638 0.934851 1.384831
2.789227 0.647561 1.262783
2.560005 0.644469 1.480766
2.533672 0.851748 1.477336
2.661220 -0.730268 1.397491
2.595799 0.652391 0.829881
2.544330 -1.001056 0.928307
1.087487 -0.120354 0.943103
1.100293 0.066004 0.875685
1.727438 1.392737 0.924616
1.539878 1.413316 1.061815
1.793956 -1.745647 1.157805
1.851283 -1.746526 1.337476
2.555142 -1.017625 0.763328
3.481384 1.654593 0.007255
1.694116 1.389989 0.702856
1.558479 -1.747171 0.644963
2.202457 1.355417 0.005615
1.570092 2.768765 0.022636
1.037886 1.261554 0.003489
0.958502 2.097796 0.014895
1.053186 -0.088635 0.321878
1.259970 2.318859 0.013104
1.231841 2.836407 0.019568
0.076803 -2.075602 1.300898
1.678062 -1.691249 0.129840
1.852588 0.836892 0.000603
1.284222 1.924091 0.007999
1.395281 2.341113 0.015264
1.532608 2.889431 0.026095
1.554021 -2.036944 0.640583
2.242348 0.914651 0.002422
1.702245 -1.724484 0.899712
1.566070 -2.002200 1.093834
2.792351 -0.701315 0.210030
2.617457 0.672554 0.243461
2.754575 1.486276 0.014777
1.663614 1.403549 0.665509
-0.756522 -0.611886 2.993760
2.713785 -0.720694 0.715038
2.541515 -0.759404 0.614933
2.799345 0.649880 0.547061
2.581547 0.652412 0.879341
2.525392 0.901994 0.466341
1.726580 1.397689 0.787540
1.552099 1.401976 1.157373
1.516969 1.571593 1.117011
2.809658 0.650544 1.298591
2.541609 0.918885 1.450356
2.556246 0.971335 1.271452
2.525387 0.952821 1.253798
2.545441 0.657148 1.440061
2.618063 -0.728348 1.396008
2.525451 0.932172 0.863827
2.656616 -0.726627 0.958730
1.790516 1.385829 1.031710
1.549198 1.412842 1.113387
1.549669 1.609613 1.202455
1.535839 1.682669 1.311961
1.559938 -1.864551 1.262504
1.046536 -0.088475 0.697927
2.789852 1.113677 0.032772
2.579243 1.410663 0.006768
2.812137 1.981406 0.010151
1.814456 1.313052 0.008183
1.553469 -1.743284 0.658599
1.799519 -1.699980 0.401731
1.274190 2.256585 0.012068
1.228912 2.753219 0.018174
0.947120 1.314508 0.009124
0.923330 2.145260 0.021269
1.381384 2.463677 0.021869
1.371108 2.844332 0.021360
1.111927 2.690595 0.009542
1.544500 -2.030231 0.535568
1.561298 -1.719057 0.798119
1.788364 -1.700661 0.298390
1.086606 0.061898 0.619724
1.919264 0.366774 0.001348
1.790406 1.311110 0.003128
2.919447 -1.203789 0.079193
2.727510 1.121939 0.013768
2.454207 1.799924 0.018913
1.552463 -1.821470 1.281233
2.536765 -1.056404 0.529712
1.687033 1.403373 0.759504
2.622948 0.660870 0.869789
1.550497 1.679247 1.121764
-0.456929 -0.026187 2.995570
2.674980 -0.725467 1.410255
2.799004 0.654341 1.276498
2.533793 0.955492 1.186631
2.581460 0.653756 1.378586
1.656068 1.363886 1.450491
2.556556 -0.976437 1.437497
2.551260 -1.026991 1.256797
2.532688 -0.729076 1.215908
2.655839 -0.724054 1.100366
2.789179 -0.713557 1.197600
1.559561 1.400209 1.202023
1.535708 1.679395 1.437263
-0.494391 0.017330 2.996711
-0.418236 -0.376774 2.993014
2.539834 -0.761233 1.035092
2.719434 -0.710466 0.902994
2.827605 0.651895 0.663889
2.527124 0.917217 0.773734
1.739233 1.406047 0.862872
1.536878 1.638681 1.015505
1.559166 1.462856 1.031727
3.338830 0.543542 0.002252
3.352969 2.473152 0.026189
1.841777 -1.695687 0.377525
2.287407 1.424519 0.007653
1.056961 -0.079173 0.357386
1.652566 -1.704850 0.177429
0.966615 1.710220 0.004858
0.975203 2.239043 0.009999
0.167708 -2.114240 1.006061
0.846209 1.316627 0.002001
0.979383 1.685000 0.000659
0.937979 2.242809 0.013437
-2.229978 -2.829000 2.998765
1.236460 2.432883 0.009406
1.086149 2.651809 0.010298
1.923903 0.833962 0.000186
1.317777 2.776147 0.015636
2.396086 1.452963 0.004746
1.547531 -2.020859 1.132294
1.720876 -1.732792 0.954877
1.534288 -2.028415 1.167013
1.580863 -1.745673 1.439063
2.555212 -0.724781 0.375537
1.102122 0.068816 0.706231
3.351469 2.176612 0.007863
2.989331 1.887076 0.005260
1.692023 1.399198 0.840132
1.582701 1.408327 0.550942
2.806806 0.654108 0.600848
2.630828 0.660344 0.823441
1.542698 1.682684 1.135666
-0.491717 -0.136157 2.978899
2.553313 -0.933155 1.426250
2.543241 -1.038270 1.158646
2.825372 0.653064 1.332684
2.579462 0.660667 1.435035
2.796038 0.637026 1.202504
2.610214 -0.722470 1.450135
2.522342 0.893672 1.025558
1.557867 1.594422 1.447471
2.733291 0.657366 0.496404
1.692601 1.390314 0.783612
1.553745 1.670432 1.179666
1.548772 1.671503 1.270125
2.535388 -0.735574 0.333130
1.548072 1.648208 0.888887
2.785641 1.155412 0.000819
1.050082 0.031396 0.423226
1.540810 -2.032353 0.466789
1.556760 -1.896461 0.423546
1.759092 -1.705851 0.239585
0.912316 2.181329 0.005447
1.105390 2.758989 0.008450
0.871226 1.370983 0.002590
-2.673145 -2.389407 2.999254
-2.620317 -2.874818 2.993627
1.035143 2.666687 0.014017
1.346681 2.974682 0.020743
1.554006 -1.798661 0.535280
1.067170 -0.098587 0.514778
1.105533 0.064882 0.485641
1.569236 -1.863863 0.946950
1.608964 -1.727491 0.849529
2.547347 -1.037207 0.603932
1.719600 1.395775 0.829724
2.543740 -1.050425 0.722491
2.524575 0.930164 0.922053
1.544230 1.650865 0.911618
-0.449631 -0.559783 2.966472
2.539360 -1.059513 1.134836
2.540767 -0.752146 1.078837
1.548045 1.663277 1.205679
2.548209 -1.041800 1.388837
2.529849 0.668174 1.333655
2.534360 0.927684 1.267495
2.554089 0.645045 1.449551
0.104775 0.358290 2.999706
2.563805 0.644722 1.125827
2.537114 0.871810 1.156097
1.850021 1.360212 1.360515
2.550403 -1.044938 1.239958
2.671568 -0.735307 1.089350
1.686535 1.399222 0.866418
1.556909 1.402502 1.319023
-0.467065 -0.372241 2.988945
2.522046 0.790543 0.564827
1.542089 1.703924 1.016567
1.749954 -1.730778 1.115154
3.427341 0.146880 0.007301
3.327342 0.591978 0.000326
2.678570 0.666530 0.192644
1.032324 -0.090477 0.639767
2.058888 0.395171 0.001035
1.548011 -2.006142 0.648741
1.375108 2.867813 0.014942
1.204523 0.725917 0.004631
0.931711 2.252730 0.014646
0.147552 -2.103547 1.029182
1.194364 0.738222 0.001470
0.982067 1.776913 0.012041
0.962663 2.196867 0.010957
1.288890 2.835947 0.018264
1.554491 -1.750837 0.783803
1.743305 1.409606 0.076421
2.623355 -1.076491 0.091002
2.619538 0.662521 0.280673
2.546092 -1.043049 1.325111
2.576086 0.648237 0.925086
2.698716 0.656192 0.666237
-0.482561 -0.081046 2.992317
1.097820 0.067414 1.156110
2.534877 0.923317 1.443239
2.526887 0.917925 1.000072
1.590628 1.376616 1.442127
2.543746 -0.920793 1.365569
2.561396 -0.728653 1.373631
2.536966 -0.735374 1.268356
2.818005 -0.715660 1.366941
1.557884 1.678234 1.458171
1.550763 -2.003732 1.270554
1.556455 -1.720331 0.927808
1.726138 1.308880 0.001150
1.013399 2.211975 0.011347
0.979276 2.725716 0.016905
0.935390 1.748238 0.013683
0.777753 1.301575 0.005034
0.689741 1.642364 0.005608
1.553600 -1.749913 0.039287
0.941582 1.822095 0.009468
1.055760 -0.086789 0.293662
0.940777 2.556552 0.009170
1.842255 -1.699743 0.432856
1.245335 2.975700 0.015146
2.147953 1.360943 0.003670
1.664639 -1.725135 0.928715
2.549001 -0.730152 0.590358
3.300146 -0.824893 0.014479
1.547064 1.557446 0.498912
1.550342 1.662479 1.085333
-0.392561 -0.460901 2.990849
2.790296 0.655210 1.011467
1.596935 1.388343 1.304807
2.566933 0.652409 1.022140
2.618922 0.653610 1.423899
2.604602 -0.730846 1.267103
2.532980 -0.749974 1.084642
2.678448 0.649418 0.819819
2.720468 0.643279 0.988044
1.867289 1.358957 1.140569
1.546632 1.710496 0.899791
2.629252 1.785763 0.001858
1.736971 1.402186 0.380296
1.547558 1.412623 0.476248
1.539903 1.588921 0.509620
1.544553 -2.030949 0.705721
0.767075 1.352596 0.025907
1.195303 2.928512 0.002427
0.827622 1.724511 0.007322
0.914592 2.676045 0.012429
1.752516 -1.697750 0.228413
1.550107 -1.935699 0.416360
1.550636 -2.015551 0.437531
1.784916 1.282414 0.010844
2.429357 0.898601 0.003840
1.989497 0.783926 0.008810
2.491251 1.353457 0.014040
2.396677 1.827930 0.028433
1.541718 1.665487 0.716175
3.007787 1.185875 0.007875
-0.376799 -0.716034 2.956443
2.794065 0.648911 0.733577
1.627187 1.386405 1.128899
1.119664 -0.151048 0.961674
2.529272 0.955230 1.089820
2.646278 0.641502 1.355968
2.618979 -0.724163 1.319357
2.727499 -0.724528 1.095961
2.670520 -0.720606 0.716975
2.577946 0.648936 0.674568
2.819694 0.633307 1.060460
1.623781 1.376601 1.284053
1.547415 1.692527 1.360649
-0.272306 -0.534376 2.999692
2.545311 -0.988863 0.752831
1.555282 1.411145 0.989002
-0.491321 1.055888 2.991358
1.556112 -1.779608 1.349193
2.539393 -0.997999 0.319015
2.768289 1.212170 0.006785
3.154246 1.480824 0.018550
3.106770 1.963119 0.016473
3.453276 2.050836 0.022047
1.548559 -2.052073 0.896890
1.546892 -1.737103 0.685663
1.826445 -1.711824 0.484046
0.888390 2.687089 0.020265
0.765681 1.761261 0.007497
0.637312 1.620025 0.005843
0.869237 2.226791 0.005081
1.496704 1.309596 0.006004
1.679795 1.313676 0.007360
2.444326 1.415641 0.009047
2.540340 -1.025306 0.304201
2.530173 -0.737184 0.251235
2.814985 1.307122 0.009639
3.383027 2.346697 0.022978
3.100220 2.286167 0.017913
1.730176 1.394645 0.713318
2.648388 -0.722167 0.662993
2.577335 0.656278 0.566598
2.789160 -0.724360 0.869817
2.839434 0.653241 1.074595
2.555762 0.655770 0.679777
2.528826 0.937858 1.113445
1.653396 1.376367 1.398620
2.552308 -1.062761 1.408915
2.535692 -0.737301 1.048980
2.530883 0.683412 1.180398
2.527243 0.762787 1.183672
1.100061 0.071394 0.597078
1.672981 1.387754 0.677138
-0.511864 0.637106 2.995754
-0.316615 -0.532688 2.981564
1.867940 -1.751440 1.404398
1.777840 -1.736455 1.028339
3.382967 1.798789 0.015991
-1.110218 -0.423732 2.904988
1.089260 0.065762 0.459253
1.735278 0.820139 0.000057
1.243066 0.996068 0.002107
0.945087 2.645000 0.013427
0.826554 1.786628 0.009446
0.778894 2.094997 0.009687
0.707796 1.256033 0.028487
1.004499 -0.009308 0.359818
0.890216 2.621166 0.006115
1.119185 2.883441 0.014195
1.587806 -1.726648 0.850062
1.063061 0.046049 0.384216
1.834098 0.841554 0.003061
2.155872 1.351330 0.000236
2.700203 1.613433 0.011611
1.524647 1.576341 0.358988
2.547584 -0.750544 0.460791
2.780478 -0.728611 0.810351
2.575891 0.647062 0.777364
2.532850 0.972772 0.809506
1.764904 1.386861 0.906331
2.700351 -0.725437 1.418731
2.542964 -0.944934 1.297912
2.544684 0.660867 1.396972
2.643236 0.645854 0.906055
2.575610 0.640064 0.890139
2.525276 0.959249 1.399434
1.069335 0.048553 0.710258
1.564312 1.387296 1.132240
-0.317610 -0.482483 2.976942
1.539611 -2.066364 1.373352
2.883509 1.937476 0.013634
1.559877 1.413802 0.606862
0.877581 1.735232 0.014458
-2.708712 -2.880146 2.999022
1.770321 -1.688383 0.160301
1.744990 0.887879 0.002329
1.054422 -0.098527 0.733190
2.635150 0.671138 0.185355
1.550295 1.411678 0.460625
1.540194 1.690681 0.513905
3.254634 1.287357 0.011132
1.550318 1.688817 0.822105
1.672438 -1.755737 1.449839
2.544989 -1.053601 0.917106
2.546865 -1.017715 0.776865
2.726785 0.657982 0.577142
1.547919 1.666745 1.181963
-0.438235 -0.036625 2.997175
-0.394925 -0.505166 2.977422
2.530141 -1.057089 1.336500
1.882774 1.359666 1.267299
-0.561563 0.906612 2.994174
1.730504 -1.732222 0.908795
2.528566 -0.744514 0.228332
1.539410 1.653796 0.428552
1.799105 0.889042 0.001470
1.137070 0.774800 0.000948
0.873213 1.834708 0.025748
1.285167 1.064376 0.001410
1.120159 2.828606 0.022859
1.628148 -1.699507 0.048202
1.826719 0.886752 0.001986
1.279536 1.043129 0.001329
1.554924 -2.012110 0.983667
2.797301 1.091099 0.018786
3.065622 1.999167 0.018103
1.548196 1.701895 0.734106
-0.718243 -0.676994 2.996463
1.547215 -1.775973 1.329196
2.702486 -0.723485 0.606585
1.106204 0.063012 0.939330
2.804713 0.648753 0.660281
2.787895 0.643705 1.146222
2.529165 0.941875 1.192307
2.541013 0.649696 1.378530
2.523756 0.899175 0.823155
2.550401 -1.009547 1.054641
2.739573 -0.720601 0.758094
-0.268737 -0.614128 2.982159
1.624790 -1.737462 1.426420
2.550815 -1.002182 0.729981
2.590667 0.659147 0.349389
2.921245 1.620009 0.013817
1.843920 1.392633 0.418665
2.977697 2.080653 0.020141
1.640931 1.398577 0.503381
-1.125229 -0.480186 2.925015
1.411375 1.245391 0.001962
-0.017065 -2.097383 1.220659
0.844065 1.824059 0.016641
0.745801 1.399401 0.030768
0.958326 2.752379 0.019625
1.688968 -1.702549 0.217936
1.552043 -1.915194 1.199391
2.693583 0.661644 0.343203
1.863776 -1.753153 1.399384
0.247043 -0.040119 2.994646
0.238632 0.064349 2.999311
2.526981 0.849755 0.764948
2.629692 -0.728273 0.780329
2.722144 0.659625 0.505102
2.816457 0.639843 0.646208
1.552165 -2.046097 0.904412
1.717687 -1.707624 0.315122
2.326224 1.353615 0.000025
2.346821 1.729796 0.004222
0.912539 2.701752 0.012476
1.019590 -0.010876 0.224343
0.899127 2.177660 0.015449
0.969915 2.637708 0.018400
1.539248 1.538776 0.087697
2.665530 1.275955 0.002600
1.640743 -1.729884 0.886187
2.706554 -0.718369 0.128263
2.912370 1.379516 0.000651
2.914985 2.195930 0.013444
1.546028 1.701095 0.751155
2.521154 0.875224 0.792764
1.765047 1.399194 0.784009
1.549187 1.388127 1.172990
-0.398347 -0.100532 2.992438
0.365749 -0.962164 2.997473
2.553238 -1.005417 0.984730
2.771638 0.650751 0.664359
-0.365235 -0.590477 2.976523
1.660527 -1.736549 1.431098
2.534947 -0.999235 0.129026
2.807236 1.136172 0.000015
1.526886 1.702706 0.523633
1.545347 -1.792429 0.710460
1.530267 -2.026623 0.407824
1.196970 0.984180 0.000144
0.803997 1.675724 0.026470
1.245053 1.026942 0.002069
0.841006 1.882638 0.012392
1.496427 1.155264 0.004823
1.716007 -1.702086 0.284163
1.810315 0.785204 0.002961
1.544864 1.688369 0.460307
2.264644 1.183626 0.003757
3.146279 2.336286 0.017172
1.641050 1.402558 0.547334
-0.393362 -0.624657 2.997584
2.540386 -1.064914 0.987317
2.823972 0.653669 1.115345
2.527986 0.836390 1.389491
2.587569 -0.735051 1.345284
2.525013 0.777600 1.423187
1.553578 1.389837 1.228022
1.864842 -1.751643 1.303119
2.526357 0.806618 0.679166
1.658907 -1.730760 0.993359
2.703207 -0.716845 0.342070
3.366706 0.165544 0.003914
3.293565 0.708506 0.000930
1.551982 -1.828489 0.565080
1.684648 -1.705851 0.255281
1.396166 0.714817 0.000524
1.451663 1.253780 0.006969
1.537969 1.585667 0.010127
0.007268 -2.091797 1.136835
0.869371 2.256127 0.010976
0.734192 1.794804 0.011774
0.791875 1.942226 0.014652
0.150539 -2.098583 0.961765
1.450172 0.947352 0.001383
1.385203 1.421543 0.001696
1.569349 1.714006 0.136815
2.264714 1.354699 0.006626
-0.939442 -0.574681 2.905804
1.558287 -1.795217 0.820358
1.879333 -1.708844 0.599722
2.812901 1.790386 0.007386
1.712872 1.396968 0.699256
1.542724 1.671383 0.760602
2.557853 -1.070120 0.585599
2.524627 0.755590 0.717467
-0.345495 -0.040824 2.979481
2.805415 0.651448 0.966263
2.540317 0.735369 1.313270
2.596596 -0.728014 1.261192
2.814146 0.631576 0.960495
2.538230 0.738913 1.358690
2.531450 -0.735551 0.883404
2.528162 0.772375 0.820872
1.547856 1.496024 1.441818
2.526142 -0.749517 0.847706
1.549612 1.391967 1.051475
3.213670 0.455039 0.000857
3.240078 0.733181 0.002493
3.185910 1.369101 0.014965
3.242684 1.905922 0.021887
1.542258 -1.825120 0.394682
1.625817 1.300819 0.007827
1.440845 0.744377 0.000690
0.127400 -2.100246 0.846551
0.800426 2.187737 0.009556
0.869603 2.704812 0.014918
0.704953 1.875654 0.013031
0.699781 1.885937 0.012849
0.818884 2.342449 0.016308
-0.000631 -2.088217 1.182752
0.136785 -2.105956 0.912945
1.689884 -1.703159 0.135550
1.543298 1.649113 0.283070
1.753283 -1.739328 0.986738
1.874697 -1.707047 0.451985
2.750697 1.666540 0.006310
1.543950 1.722193 0.472216
2.801390 0.658231 0.164558
3.455465 1.868548 0.001796
2.538250 -0.762903 0.997959
2.627492 -0.734032 1.222491
2.700535 0.656117 1.045922
2.526896 0.889652 1.226990
0.519978 -0.910707 2.995292
2.521993 0.836961 0.936150
1.638270 1.372017 1.193417
-0.262267 -0.079657 2.998611
-0.223911 -0.628392 2.997316
2.522187 0.884665 0.023864
1.539495 1.703563 0.598518
-0.560175 0.733208 2.978537
1.036829 -0.101652 0.637704
2.882809 2.095095 0.014001
1.558226 1.398534 0.460276
-0.948508 -0.677699 2.999150
1.031498 0.021543 0.422215
1.593415 1.757870 0.181693
0.806584 2.282562 0.011742
0.727120 1.800168 0.009658
1.566288 1.408792 0.407809
1.534554 1.713675 0.345918
2.785093 -0.695134 0.256726
-0.345901 -0.092539 2.992428
2.539025 -1.033465 1.266009
2.676576 -0.726051 1.162656
2.702463 0.658161 1.109187
2.527864 0.848034 1.154338
2.529556 0.709535 1.041965
2.748520 0.644185 1.094648
1.719916 1.375849 1.361954
1.542564 1.622512 1.456796
2.525155 -0.993124 0.283634
3.424110 2.335936 0.016171
2.416765 2.763398 0.029035
1.541038 1.613069 0.076319
0.695482 2.370783 0.010784
-2.663359 -2.698381 2.998558
-2.229625 -2.711193 2.997915
1.515046 0.099035 0.012951
2.681156 1.686635 0.007038
-1.037073 -0.658568 2.998524
2.522758 0.761451 0.022921
3.168699 1.328683 0.005164
3.137923 1.791779 0.010504
2.868403 2.166177 0.013798
1.820418 1.399112 0.786174
2.594046 -0.731396 0.738493
2.524188 0.726782 0.711543
-0.390162 -0.088149 2.997909
-0.304955 -0.557320 2.967640
2.531760 -1.058224 1.033696
2.768846 0.658977 0.957986
2.533175 -0.812249 1.037374
0.326992 -0.492370 2.990964
1.814058 1.360434 1.461232
2.548132 -0.981723 1.086220
1.864417 1.367278 0.729709
1.551608 1.676373 1.017319
-0.322209 -0.441383 2.976809
2.554928 1.764697 0.013438
1.558364 -1.988251 0.568319
1.552527 -1.783324 0.277380
0.799077 1.837935 0.016608
0.785731 1.721673 0.015481
0.898367 2.102464 0.022450
0.702645 2.389498 0.011356
1.037608 2.736896 0.018431
1.475859 1.430281 0.000547
1.068097 0.051521 0.424438
1.612610 -1.734666 1.002166
1.677058 1.381308 1.218393
2.618788 -0.740190 0.950186
2.529485 0.703570 1.424829
1.778290 1.359987 1.454562
2.543095 -0.879092 1.224706
-0.222121 -0.473413 2.985932
2.585827 -0.720574 0.048137
2.649858 1.195870 0.004142
3.101895 1.314840 0.008532
2.792703 1.644151 0.010417
0.797761 2.154974 0.003380
0.716543 2.187274 0.006379
0.653450 2.676895 0.008276
1.530705 1.706557 0.170851
1.801438 0.721406 0.000168
2.666908 1.204766 0.008569
1.553951 -1.891840 0.834776
2.932080 1.812111 0.006135
-0.298462 -0.103030 2.992261
-0.223430 -0.564149 2.983201
2.529702 0.731685 0.756215
0.413307 -0.957984 2.992805
2.590340 -0.722602 0.626558
1.843096 1.347802 1.442501
1.551612 1.657270 1.342909
1.552655 -1.894596 0.879245
2.523821 0.755181 0.227024
2.526958 0.699289 0.399379
2.519300 1.308491 0.002414
1.551109 -1.902601 0.474877
1.628788 -1.702992 0.215463
0.911941 2.430649 0.017845
0.724966 2.423620 0.010278
1.543838 1.725990 0.432094
2.842371 0.626575 0.001896
3.226362 1.809405 0.028402
2.606151 1.806403 0.020191
2.576472 -1.072934 0.459842
2.522625 0.827549 0.589827
2.805426 0.650053 1.182193
1.796382 1.385473 1.075552
1.548091 1.589135 1.289535
2.541273 -0.974607 1.182545
2.832741 -0.698349 1.154368
2.744358 0.644950 1.130551
2.519578 0.879950 1.372019
-0.264830 -0.584825 2.981336
2.518585 0.850587 0.094422
1.654026 1.397972 0.570885
3.181548 2.332894 0.019835
2.048773 1.396634 0.001867
0.906183 2.371648 0.018227
1.145891 0.726743 0.000251
0.788232 1.690770 0.025041
0.629928 2.247336 0.009050
1.412662 1.266448 0.001194
3.258911 1.993944 0.009397
2.622278 0.655876 0.768217
2.698760 0.637264 1.439866
1.864231 1.348356 1.208816
-0.515915 0.576789 2.980763
2.667333 -0.723929 0.263987
1.560465 1.396129 0.376164
-1.128845 -0.387107 2.939268
1.527128 1.676746 0.036022
1.000677 2.970341 0.012445
0.840083 2.778360 0.012669
0.734119 1.719465 0.013516
1.374936 1.330007 0.007883
1.540224 -1.742277 0.524472
2.857430 1.125111 0.008703
1.547208 1.409763 1.166471
1.551350 1.498108 0.949511
2.747198 -0.734939 0.840298
2.666054 0.648742 1.379368
0.390286 -0.497002 2.998113
2.621498 0.650312 0.740077
1.544277 1.388518 1.106427
2.530037 -0.919044 0.513616
-0.611648 0.692407 2.991596
1.610916 1.785049 0.176964
0.809406 2.806355 0.019295
0.628404 2.280445 0.011359
1.615692 1.808540 0.160842
2.649439 -1.098245 0.010592
2.741173 1.566251 0.008568
2.210183 1.405296 0.001574
2.573901 2.947694 0.027627
3.394411 1.666242 0.010860
2.824153 0.645101 0.521631
-0.242363 -0.143426 2.964125
0.471064 -1.008035 2.997862
2.718918 0.650285 1.151576
2.800700 0.645487 1.036580
2.636142 -0.718839 0.393832
2.849347 1.505682 0.001571
1.674274 1.390011 0.622779
2.071291 1.366472 0.002421
0.844346 2.236464 0.023530
2.720457 -1.124027 0.149910
-0.125334 -0.876913 2.996374
1.705725 -1.746199 1.292637
-0.289473 -0.039443 2.973726
-0.201317 -0.446932 2.974200
2.547853 -1.065306 1.400998
2.524954 0.821214 1.313936
0.360624 -0.444299 2.983433
2.779960 0.640409 1.086734
-0.119190 -0.387336 2.999470
1.838566 1.383080 0.861286
-0.264230 -0.467201 2.965103
2.850453 0.650530 0.218939
3.302603 0.753108 0.002531
3.447890 1.829860 0.024968
1.552798 -1.813302 0.548403
1.915761 1.454613 0.182365
1.179916 1.080149 0.009942
1.023129 -0.037041 0.170657
0.759507 2.585824 0.013067
0.672985 1.516637 0.032654
1.018346 -0.005225 0.269485
1.057199 -0.100181 0.392640
1.751234 0.721738 0.005541
1.544378 1.679317 0.243553
-0.840426 -0.614490 2.996897
2.143783 0.241751 0.000486
2.384426 1.288342 0.004568
2.509814 1.783877 0.014351
1.069947 0.044274 0.693284
2.524289 0.781663 0.638432
1.547600 1.644302 0.815314
-0.202105 -0.509526 2.968462
0.357853 -0.547840 2.977457
2.751234 0.649821 1.021780
0.433455 -0.490246 2.996390
2.529068 0.769062 0.657104
1.550354 1.506301 1.189924
3.490999 0.763669 0.006339
1.551505 1.667881 0.598354
1.551518 1.689208 0.997948
2.608706 0.270373 0.001934
2.773069 1.792525 0.023428
1.803075 0.691795 0.005089
1.540801 -1.800570 0.068372
1.231409 0.073532 0.075456
1.442632 0.691158 0.001186
1.160456 0.930537 0.005861
0.610586 2.137775 0.016592
0.707166 1.652444 0.007400
1.546325 -1.854133 0.241279
1.724871 1.177845 0.003351
2.234336 0.346826 0.003513
2.287504 0.771186 0.001749
2.606577 -0.719626 0.142659
-0.245383 -0.091799 2.973382
0.305036 -0.548508 2.997770
2.545568 -0.970793 1.008076
3.396124 0.296319 0.005995
2.304171 1.272355 0.010563
3.385416 2.263304 0.025870
1.546975 -1.848294 0.344433
2.205159 0.735150 0.003494
1.957970 1.486106 0.106598
1.144274 -0.130396 0.288824
1.136370 0.624890 0.009111
1.111220 2.645291 0.017689
0.719176 2.069286 0.016681
0.884683 1.751792 0.016603
1.866748 0.692956 0.007381
1.527715 1.529853 0.444929
1.103445 0.071408 0.509636
1.545420 -1.923108 0.894308
2.663471 -0.717495 0.078134
1.543115 1.577116 0.619509
1.547482 1.599985 1.079048
2.534757 -0.857763 1.044939
0.348128 -0.436903 2.999413
2.525680 0.875239 1.111053
1.870665 1.359753 1.407756
2.540882 -0.987056 1.140675
2.535046 -0.860103 1.094090
2.534496 -0.863784 0.665732
-0.381832 -0.402746 2.980750
1.843881 -1.753639 1.263456
2.528814 -0.826665 0.054511
1.537924 1.528693 0.583385
3.016917 2.194542 0.026735
1.911672 0.613043 0.000112
1.025174 2.068849 0.010386
1.079838 2.641915 0.012388
0.876523 1.593341 0.011395
0.929942 1.687806 0.018881
0.791284 2.266101 0.014551
0.777529 2.380834 0.015196
1.327557 0.931030 0.002701
1.522280 -1.907678 0.248393
1.859952 0.612554 0.001136
1.937076 1.097615 0.007765
1.544028 1.396176 0.312368
-1.033973 -0.580510 2.963856
2.481633 1.620838 0.008977
1.507683 1.484588 0.489862
2.520486 -0.934225 0.323160
3.433124 1.601788 0.002156
2.547000 -0.932385 1.234775
2.533130 -0.941228 1.001390
2.555338 0.647478 1.193857
2.523777 0.936318 1.064953
2.534436 0.665311 1.030066
2.522392 0.882954 1.092539
2.528679 0.832526 1.060390
1.148404 -2.963973 2.998655
2.530298 -0.909341 0.282740
2.968314 0.387576 0.001066
2.894615 1.464410 0.010770
1.950123 1.087839 0.005638
1.923462 -1.755387 0.012472
1.588279 1.086250 0.004978
0.792785 2.048374 0.014906
0.805300 2.555580 0.017625
0.815011 2.445802 0.014859
1.096727 2.570911 0.021061
1.541191 -1.938671 0.097549
2.240696 1.465254 0.004495
2.962806 -1.239293 0.054093
1.536924 1.539953 1.091278
2.542326 -0.912215 1.089742
2.546815 -0.919027 1.428260
2.531304 0.688548 1.115633
2.264282 1.032058 0.000699
1.059534 2.494360 0.010485
0.835278 2.032446 0.006869
0.841110 2.520568 0.006358
1.101100 2.057535 0.008714
1.189638 2.608659 0.014956
1.962139 -1.787704 0.006366
1.017616 -0.050033 0.512400
1.547776 1.386393 0.365713
2.525053 1.660917 0.009313
2.920465 1.718802 0.008319
3.344155 2.169228 0.015768
3.230605 2.457285 0.022772
2.916041 2.205812 0.014808
-0.258926 -0.403091 2.978372
1.163544 -2.965408 2.999342
0.313829 -1.006778 2.987868
2.663905 0.656736 0.913668
2.527791 0.963683 1.345023
2.721505 0.648049 0.937172
1.543893 1.573080 1.042471
-0.269116 -0.366511 2.988306
2.528039 -0.879357 0.032093
2.560013 1.121808 0.000136
2.689635 1.547898 0.006708
2.931643 1.935795 0.012614
1.614153 1.398208 0.555119
-0.941258 -0.447102 2.994293
1.537388 1.387653 0.291845
1.094692 2.163578 0.009352
1.111655 2.585981 0.012876
0.818792 2.396263 0.009123
0.763843 2.205140 0.010292
1.544904 -1.925738 0.104363
1.895582 0.583718 0.003490
1.545171 0.775547 0.000301
1.454680 0.771244 0.001771
1.959364 1.486354 0.095087
2.812728 -1.173649 0.013534
2.228013 1.060325 0.008301
2.720043 2.057863 0.028661
-0.884029 -0.504576 2.996378
1.544404 -1.925516 0.925765
-0.306386 -0.889183 2.993669
1.760844 1.380466 1.185647
2.615597 0.653660 1.351539
0.530867 -0.586170 2.992424
0.457061 -1.054189 2.992467
2.530887 -0.902351 0.955351
2.520960 0.976775 1.042700
-0.121696 -0.025134 2.991613
2.697505 0.656814 0.409843
1.543843 1.504573 1.163724
1.537802 -1.879410 0.921937
2.570091 0.991614 0.098534
3.278939 2.034566 0.016983
1.061043 0.048527 0.544330
1.531910 1.492720 0.423150
0.166351 -2.164350 1.164570
1.090889 2.250247 0.013539
1.645756 1.401807 0.014144
1.590847 1.407535 0.061570
1.540298 -1.921127 0.175507
1.903851 0.576708 0.000082
1.527646 1.480617 0.396828
3.160223 1.674478 0.021174
-0.167328 -0.613405 2.977415
2.523748 0.949831 0.996389
2.623653 0.651862 1.262769
0.906835 1.206400 2.787352
2.811511 0.635250 0.283659
-0.178148 -0.485323 2.986855
1.547282 -1.934021 1.228506
1.548956 -1.962081 0.888191
2.644887 0.670271 0.146575
3.408818 1.582254 0.019341
1.539578 -1.889753 0.147495
-0.926971 -0.582436 2.897686
-0.934680 -0.928882 2.980279
1.550987 -1.905032 0.556667
2.701074 0.666923 0.080040
2.251529 1.083656 0.002654
1.551741 1.573807 1.086013
2.626279 0.653352 0.674294
1.546917 1.454926 1.199887
2.545654 -0.926221 1.325329
2.623219 0.646529 1.401671
2.543506 -0.982522 1.340784
2.704239 -0.723922 1.370973
2.615577 0.645422 0.577243
2.549476 0.645145 1.280571
1.542945 1.513825 1.458243
2.976405 0.515584 0.001663
2.629933 1.046107 0.020912
2.993427 0.646632 0.000077
2.993579 1.269385 0.010358
3.352606 2.552455 0.016788
1.603266 1.416127 0.330340
1.537807 1.457499 0.709115
1.529696 1.532584 0.771444
1.714952 -1.698001 0.467218
1.200110 2.314246 0.012572
1.201372 2.566061 0.021593
0.981610 1.602659 0.014990
1.223792 2.548841 0.018585
0.906451 1.604974 0.012571
0.880735 2.027221 0.016806
0.004601 -2.104052 1.470409
1.339853 0.086819 0.086275
1.494622 0.095473 0.015312
2.693581 1.072428 0.004237
2.294135 1.489891 0.007991
1.622918 -1.729956 1.100372
3.337988 1.975533 0.016354
1.555728 -1.981005 1.283738
2.614197 -0.718154 0.553327
2.663848 0.664595 0.624762
1.548626 1.463558 1.103666
1.554437 1.457177 1.454557
2.542746 0.947405 1.336861
2.610371 0.654254 1.336743
2.558538 -1.045513 1.333998
2.543406 -0.729705 0.670651
-0.307531 -0.313618 2.985252
1.559957 -1.733101 1.068238
2.539512 -0.969225 0.238336
3.445747 0.732531 0.007306
1.550618 1.554154 0.924345
1.556012 -2.017531 0.898001
1.562920 -1.968141 0.646349
2.535469 -1.012431 0.048213
2.077643 0.484143 0.002102
1.623255 1.048576 0.006217
1.347887 2.529750 0.015582
1.293324 2.565651 0.014338
0.977390 2.438296 0.015006
0.913343 2.028393 0.011328
1.555634 1.035949 0.000008
1.359728 0.830963 0.003470
1.344164 2.443835 0.017132
1.977855 1.014882 0.005783
2.630428 0.659876 0.454785
1.551996 1.552205 1.001086
-0.317753 -0.779410 2.997277
1.177388 -0.155142 0.845663
1.550716 1.596287 1.344443
2.652041 0.629884 1.462282
1.854762 1.349691 1.422958
1.552447 1.512473 1.021457
1.556683 1.485439 1.354551
1.563061 -1.791077 1.293581
2.520576 0.892274 0.428455
1.560308 -1.731093 1.013219
2.538876 -1.019729 0.053691
2.904979 1.879202 0.012610
3.201409 2.026450 0.025460
1.968937 0.978650 0.005884
2.001677 1.471852 0.006670
1.411615 0.822534 0.001210
1.636427 2.972026 0.020008
1.263110 1.976574 0.012310
1.252491 2.498097 0.018505
1.241514 2.906465 0.024435
0.158210 -2.134463 0.807144
0.931498 1.511853 0.006928
0.956669 1.961141 0.016486
1.006031 2.413546 0.026610
1.234296 2.054863 0.009718
1.382142 2.926375 0.019511
1.544587 -1.964626 0.515958
1.570119 -2.035837 0.076532
2.061922 0.953910 0.004665
1.640506 0.947801 0.000186
1.935287 1.404306 0.001073
2.624456 -0.723409 0.089968
2.292238 0.191975 0.001718
2.323418 1.423050 0.008480
3.018923 0.359243 0.001108
2.570297 0.658386 0.350102
1.555553 1.484425 0.988327
-0.367430 -0.785506 2.992809
1.552166 -1.955229 1.419541
1.602332 -1.738590 1.253656
1.697135 -1.742809 1.251036
2.658987 0.659138 0.746863
1.625183 1.389437 1.083451
1.550828 1.522840 1.324416
2.542960 -0.729522 1.456035
1.550156 1.405176 1.450298
3.451212 0.459391 0.000427
3.014288 0.706181 0.018264
3.462241 1.380323 0.007794
1.553361 -1.995659 0.812982
-1.140191 -0.532089 2.955984
1.270757 2.127931 0.012161
1.062355 1.569594 0.000777
0.905649 1.573963 0.015894
0.901816 1.988961 0.015459
1.001190 2.521098 0.031287
0.921480 1.190952 0.021051
1.258347 2.517573 0.018840
1.036343 2.461452 0.016961
0.003350 -2.101238 1.385803
1.556448 -1.995370 0.485820
1.601270 -2.089766 0.023614
1.948722 0.966638 0.003743
2.031517 1.448671 0.003664
3.085764 0.575878 0.001142
3.038109 1.807276 0.010470
3.298548 2.451978 0.024639
1.861073 1.392290 0.626308
1.634617 1.396574 0.733544
2.543147 -0.974481 0.879174
2.621332 -0.722013 0.412796
2.640146 0.665643 0.350428
-0.388791 0.122495 2.996354
0.266149 -0.436679 2.995819
2.539094 -0.899797 1.151711
-0.389907 0.224596 2.993778
2.635549 0.564105 0.000161
1.531803 -1.969809 0.044511
-0.011056 -2.097468 1.343549
0.880268 1.267936 0.000356
0.860966 2.345009 0.020067
0.952904 1.525847 0.002558
0.888985 2.088212 0.006868
-1.696136 -2.934622 2.997090
2.684795 0.665132 0.146712
2.551629 -0.832332 1.444894
3.444299 0.233993 0.008681
3.385874 0.718126 0.014262
2.579803 0.999614 0.130031
1.959941 0.608180 0.001433
2.222272 0.665684 0.002149
2.223822 1.126463 0.007525
1.438092 0.090427 0.036114
1.477796 0.609780 0.000240
1.183429 0.603914 0.000592
1.119954 2.155636 0.012717
3.475638 1.833015 0.022810
2.983024 1.797768 0.015561
1.818044 1.402153 0.707934
1.542286 1.566598 0.833414
1.552335 1.442437 0.661820
0.233490 -0.078765 2.973588
2.535690 0.700307 1.137820
2.692435 -0.719818 1.037107
1.672374 1.373170 1.173242
1.556856 1.555599 1.249375
-0.330862 -0.658306 2.995958
1.552984 -1.964344 1.314298
1.553627 1.545046 0.894591
1.914911 0.213945 0.000615
1.876689 0.718704 0.007570
1.547616 -1.806919 0.188556
1.050810 2.126797 0.003614
1.044672 2.590383 0.015296
0.935498 1.772636 0.010425
0.757776 2.659035 0.016617
1.016126 2.134125 0.012250
3.416412 2.292163 0.003605
-0.260950 -0.924444 2.994638
2.550789 -0.890417 1.256876
2.541594 0.702195 1.265889
0.510653 -1.055407 2.998948
2.552100 -0.889812 1.314652
2.638752 0.651093 0.968935
2.545325 -0.922747 1.122878
1.102736 0.068675 0.612050
2.727210 1.690739 0.006751
1.600770 1.404447 0.265744
1.185586 -0.136429 0.274659
0.156355 -2.097928 0.883403
0.865696 1.673261 0.022333
1.757682 1.163105 0.002109
3.438835 2.626898 0.016939
1.551166 1.569692 1.123612
2.544425 0.745866 1.096807
1.851562 1.363965 1.452184
0.512861 -1.101573 2.995312
2.539200 -0.879103 1.301408
2.762497 0.643719 0.978245
2.536152 0.763306 1.091178
1.548729 -1.880254 1.346085
2.652267 0.668264 0.081140
1.758974 -1.714618 0.468355
1.641901 1.098061 0.005082
1.638209 1.396485 0.006653
0.977650 2.024565 0.011605
0.798249 1.580539 0.006909
0.826325 1.584215 0.015290
0.894360 1.627920 0.026854
0.768808 1.995665 0.012351
0.785292 2.512378 0.013875
2.744103 0.657623 0.984739
0.360996 -1.006136 2.989887
2.663389 0.654159 0.988605
2.985513 1.550262 0.006731
1.533832 1.494439 0.604478
1.612736 1.401795 0.242755
1.128950 2.511680 0.006513
-2.769454 -2.645528 2.999815
0.826651 2.148957 0.009652
0.764769 2.632677 0.011957
1.873764 1.435254 0.141128
1.643110 -1.702196 0.505362
1.544815 1.516604 1.102078
-0.356630 -0.986591 2.999457
2.524908 0.828213 1.222215
0.233031 -0.591220 2.989268
2.546342 -0.955229 0.815827
2.625286 0.648727 0.785478
1.537227 1.466681 1.209663
1.189478 2.517416 0.002533
1.003391 2.047529 0.009259
0.967733 2.503639 0.015338
-2.906657 -2.717021 2.995565
2.004231 1.011973 0.001020
1.543387 1.482528 0.573191
1.041019 0.014402 0.547254
2.974522 2.146611 0.012984
2.989653 -0.739788 0.010936
1.553685 1.495670 1.266957
2.558059 -0.979726 0.763611
2.830927 -0.697517 0.702430
2.549582 -0.950071 0.962317
2.842226 -0.689218 1.398546
2.812857 0.657691 1.368535
2.564215 0.662373 0.975016
2.537995 0.878768 1.326872
2.578007 -0.738511 1.456593
2.773674 -0.719479 1.346290
2.790735 0.629465 1.363726
2.574108 0.639524 1.016777
2.784471 0.636562 0.641705
2.737939 0.659260 0.196681
2.909215 1.149941 0.021572
-0.039114 -2.151680 1.101051
0.147223 -2.109102 0.878911
1.266032 2.786298 0.022954
0.138240 -2.095311 0.844811
1.553396 -1.905545 0.317213
3.064389 0.638461 0.002272
2.664637 0.668641 0.234787
1.548735 1.545411 1.236338
-0.766847 -1.200947 2.998642
-0.469529 -0.714421 2.986653
1.553732 1.395637 1.369662
2.527812 0.771965 1.248149
-0.438452 -0.648633 2.993462
3.327687 1.346845 0.010084
1.074721 2.515826 0.010626
0.807128 2.498021 0.010024
1.537447 1.504094 0.456659
2.717706 0.667737 0.142727
2.674165 1.129143 0.007561
0.357420 -1.157134 2.994458
2.737246 0.652729 0.601796
2.643026 -0.718971 0.268157
2.584998 1.150820 0.006879
1.544482 1.579073 0.929097
1.049117 2.637980 0.013590
-1.182845 0.418019 2.979699
2.974068 1.713306 0.009859
2.639781 0.666623 0.426789
1.552959 1.524669 1.201511
-0.331158 -0.707572 2.997119
-0.319361 -0.959457 2.975011
0.281687 -0.221049 2.988670
2.543783 -0.844320 1.450383
2.531359 0.896862 1.262519
2.728493 0.647559 0.609123
1.550731 1.447610 1.369752
-0.408138 -0.237210 2.997810
2.758793 -0.720635 0.062657
2.539117 -0.880565 0.321289
2.988852 1.665826 0.007737
1.521313 1.515654 0.399862
1.546205 -1.880733 0.557911
0.809888 2.666149 0.011727
-2.506422 -2.861328 2.998003
-0.005246 -2.103801 1.149468
2.245857 1.707694 0.023284
2.816549 0.673046 0.008904
2.617114 1.202227 0.015614
1.778243 1.393874 0.868520
2.802993 0.652541 0.731461
2.556154 -0.879566 1.453415
0.235598 -0.181484 2.986521
-0.353563 -0.252429 2.998451
1.797182 0.651124 0.000079
2.393933 1.690331 0.011609
0.952596 2.298460 0.011047
-2.715716 -2.946944 2.995121
-2.465958 -2.865535 2.998934
1.694626 -1.703823 0.307577
1.557007 -1.953232 0.862490
2.814205 -0.719884 0.011724
1.543691 -1.932666 1.265054
2.539703 -0.819411 0.680178
1.861918 1.371958 1.307227
2.558311 -0.905335 1.452082
1.551913 1.474055 1.314402
-0.034124 -2.161655 1.193765
0.983821 2.326204 0.017017
1.554805 -1.907771 0.741103
2.801427 0.653543 0.546773
-0.423115 -0.968729 2.987282
0.137748 0.498222 2.965619
0.229059 -0.132899 2.989757
1.554830 1.530377 1.447309
1.552159 1.525437 1.133911
3.081504 -0.758122 0.005766
3.351991 0.375556 0.000329
1.606740 -1.699671 0.479994
0.935789 2.069549 0.009109
0.976507 2.453547 0.011278
0.785535 2.115281 0.006354
0.708080 2.576461 0.012661
0.792576 2.716195 0.014116
0.771138 2.871412 0.016232
1.662857 -1.702276 0.454503
3.027368 2.355865 0.014995
1.782382 -1.750095 1.229734
2.537593 0.681940 1.212197
2.526531 0.745020 1.180061
2.550821 -0.983693 0.747516
-0.471632 -0.505065 2.985537
1.622115 1.404121 0.496999
3.036063 2.325410 0.019919
1.019576 -0.027347 0.405942
0.920756 2.539144 0.004094
1.138793 2.943741 0.025636
2.564479 -1.041450 0.020371
3.000536 1.378419 0.001124
1.540171 1.395993 0.873547
-0.798677 -1.122978 2.985004
1.552897 -1.740531 0.955460
2.526886 0.881538 0.550807
1.743044 -1.751649 1.293652
2.536248 -0.762680 1.421772
2.824997 0.618013 1.358167
0.921579 1.240970 2.877855
0.244861 -0.236264 2.986405
2.598335 0.634176 1.201699
2.533667 0.789697 1.274189
1.692179 -1.744977 1.344944
1.046394 -0.109857 0.676563
2.587637 -0.716855 0.119398
3.351410 0.423312 0.001063
2.362556 0.885737 0.001510
2.773068 2.107707 0.019842
1.529702 1.717547 0.636115
1.217036 -0.121917 0.010244
1.362030 1.387087 0.002239
1.532863 1.704584 0.267172
1.545005 1.689891 0.116571
1.945454 2.262792 0.015688
2.555338 1.701989 0.012506
3.037421 2.273098 0.016552
1.548449 -1.735879 0.280567
3.363570 1.616184 0.011110
1.547703 1.414515 0.809970
2.637478 0.652785 0.938591
1.550438 -1.779800 1.006999
-0.464017 -0.336662 2.991143
2.720111 0.661352 1.312966
0.094673 -0.795863 2.986640
2.555132 -0.979713 1.457591
2.701905 0.639232 1.465943
1.102707 1.130835 2.852904
0.890935 1.168110 2.790857
1.549929 -1.902993 1.373223
2.756826 0.634136 0.926152
2.714688 0.634065 1.401873
-0.486545 -0.227506 2.999159
1.551096 -1.778765 0.969291
1.539565 -1.762144 0.279404
1.726534 -1.696555 0.096478
0.084078 -2.082338 0.480855
2.131087 2.694278 0.010759
1.821926 2.487071 0.010690
1.571630 1.734059 0.197731
1.397841 1.649167 0.009386
1.067471 0.057916 0.361503
2.110858 2.614772 0.024842
3.082602 2.391912 0.013074
3.077602 1.752034 0.009070
-0.946145 -1.014411 2.993273
1.879395 -1.698353 0.328434
2.561534 0.663778 0.533917
1.724363 -1.717302 0.695512
2.550002 -1.050251 0.856978
-0.559259 -0.486179 2.990447
1.650926 -1.740490 1.142945
1.094265 0.051189 1.237048
1.235767 1.093888 2.850908
1.014958 1.120334 2.786735
0.110108 -0.851583 2.992121
2.794382 0.626424 1.419015
0.992140 1.191224 2.783708
2.533106 0.897027 0.466485
1.678132 1.383368 1.011443
1.043743 -0.102369 0.536221
1.551626 1.561669 0.806112
-0.615708 -2.991279 0.546908
0.171491 -2.179958 0.076981
1.994498 2.559224 0.023387
2.265450 2.971539 0.022195
1.777723 2.581359 0.023077
-0.721660 -2.999930 0.542385
1.559375 1.700663 0.027722
2.006842 2.565155 0.030432
2.021242 0.499125 0.000620
3.063312 2.406595 0.017976
1.550818 1.596877 0.712222
1.054674 -0.087052 0.457011
2.677676 0.672197 0.039877
3.464779 2.179656 0.012506
1.544982 1.514284 1.256699
2.544405 -0.720953 0.065822
2.852085 0.667617 0.344141
2.537370 0.697584 1.288865
-0.412291 -1.276208 2.989096
2.553729 -0.856183 1.398702
1.080747 0.050770 1.282891
1.081378 1.098998 2.779376
0.014825 -0.900454 2.984769
0.160528 -0.325962 2.987068
2.542193 -0.875886 1.362411
1.152377 1.101058 2.774905
2.814855 0.612174 1.444428
2.915830 -0.726280 0.012303
3.209060 -0.155287 0.000459
3.440656 -0.148776 0.002788
-1.758602 -2.663138 2.996421
1.585834 -2.055799 0.107205
1.341182 0.127557 0.036062
2.650345 1.722795 0.012166
2.844068 2.038399 0.015710
3.190198 2.520941 0.018106
1.551339 1.594621 0.470119
-0.038516 -2.121109 0.366981
0.179612 -2.198937 0.148214
1.684431 1.006596 0.005721
2.090047 2.553582 0.030182
-0.897867 -2.968965 0.554146
0.152419 -2.099636 0.091778
1.333724 0.122481 0.056167
1.722086 0.936080 0.004173
1.560745 1.646275 0.146050
1.758807 1.974193 0.055969
2.112712 2.981412 0.033788
-0.002196 -2.118033 0.342585
2.043982 0.936169 0.001243
1.638629 1.395509 0.676227
1.551507 1.598446 0.850243
2.550257 -0.973416 0.655130
2.622280 0.647001 1.264853
-0.432866 -1.220458 2.993280
2.558443 -0.736374 0.805192
1.173446 1.068087 2.782929
1.089567 0.054401 1.351190
-0.032911 -1.159217 2.985755
1.105428 -0.140328 1.223530
1.201109 1.107796 2.776037
2.609511 1.029687 0.098192
1.562047 1.382701 1.259587
-0.677272 -2.966780 0.546960
-0.024691 -2.171887 0.108489
2.309448 1.215761 0.003164
2.731859 2.112655 0.023812
1.932766 1.296811 0.004462
-1.199657 -2.945427 0.552444
-0.033687 -2.209217 0.077476
2.022664 0.724778 0.006160
2.681156 2.076967 0.027088
1.545367 1.543212 0.741525
1.718784 1.396445 0.622104
1.542256 1.494133 0.819391
3.216676 0.774360 0.001320
3.420054 -0.000440 0.004793
-1.103107 -0.989034 2.990247
1.003811 1.437960 2.998541
-0.619789 -0.638056 2.989443
1.624398 -1.719838 0.685090
1.093768 -0.130382 1.125491
1.103951 -0.140077 1.279167
1.556260 -2.003814 1.439162
1.549110 -1.924302 1.323970
1.092162 -0.141298 1.249357
1.163948 1.207204 2.965556
3.395327 -0.097847 0.000157
1.059238 0.038648 0.852553
3.073946 0.699445 0.003915
3.378731 0.818218 0.005739
1.547198 1.466195 1.389096
2.205378 0.590229 0.002236
2.359418 0.598231 0.001062
3.115162 1.705518 0.023160
1.543671 1.409067 0.908084
1.543694 1.710987 0.841618
-1.238281 -2.951030 0.558042
2.099293 1.625736 0.025708
1.549565 1.451371 0.787867
1.707563 1.427228 0.303531
2.334066 1.026005 0.006961
3.471358 2.728948 0.024955
-1.283329 -2.985140 0.582292
2.376186 0.515658 0.001971
3.031514 1.710446 0.008178
1.039263 0.022754 0.672130
2.534657 0.862695 0.507897
0.020656 -2.091596 0.701111
1.756629 -1.704127 0.512608
1.110570 -0.139788 1.373489
1.024295 0.008934 1.415113
1.058885 0.036550 1.484591
1.032560 -0.077099 1.474508
1.096419 -0.140046 1.376746
1.109899 -0.139680 1.050450
1.033413 -0.030458 1.489087
2.551141 -1.074739 1.119940
1.085190 0.048196 1.201908
1.245141 1.127248 2.874851
1.554595 -2.031935 0.524620
1.050038 1.198537 2.781449
2.568251 0.647620 0.634781
-0.463872 -2.974879 0.558218
1.039008 -0.013873 0.640046
-1.207317 -2.968515 0.536110
2.311751 0.740116 0.005422
2.476494 0.769787 0.004172
1.833331 1.400292 0.844566
1.035838 0.008925 0.589526
1.077112 0.043424 0.583671
0.045835 -2.094944 0.151699
1.048959 -0.032767 0.663342
2.746420 0.656487 0.783691
2.545289 0.829247 1.296039
0.008380 -2.115145 0.795984
1.561808 -1.853501 0.197233
1.890824 -1.711355 0.155133
0.008194 -2.117269 1.128700
-0.406865 -0.263525 2.977622
-0.504310 -0.426645 2.969751
2.540881 -0.979402 1.451116
1.044313 -0.107529 1.386343
1.109596 -0.143130 1.483439
1.065206 -0.129672 1.453789
-0.094949 -0.956627 2.999277
-0.286904 -1.206170 2.991980
-0.209386 -1.100478 2.981416
1.083383 0.046488 1.438322
1.084072 -0.134411 1.432642
2.792554 -0.714472 0.672964
1.102680 1.257079 2.848129
1.703692 -1.693423 0.126967
2.879037 -0.714161 0.103746
3.310871 -0.776872 0.016176
2.625362 0.643990 1.054270
-0.796072 -2.956561 0.554646
0.188559 -2.228392 0.034536
2.856884 -0.024294 0.001990
2.608818 0.651199 0.582481
-1.202890 -2.985279 0.006134
1.026247 -0.072755 0.568467
1.700302 1.395587 1.112804
0.188231 -2.240385 0.103000
2.864934 -0.716370 0.097881
2.568462 0.658355 1.234296
0.193496 -2.175748 0.755663
1.070212 0.044166 1.387374
-0.664347 -0.533723 2.991084
0.177844 -2.161288 1.045017
2.617442 -0.739187 1.131139
0.170049 -2.150030 1.367402
-0.223513 -0.992787 2.981939
3.250490 -0.110729 2.980472
1.553638 -2.021392 1.348997
1.186441 0.389153 2.931857
0.935384 0.041619 2.987610
2.556736 -0.751977 0.871661
0.000929 -2.143849 0.818623
0.149716 -2.101070 0.737096
1.558059 -1.875353 0.256516
2.556392 -0.869494 0.477288
0.005820 -2.146513 0.102398
0.179825 -2.119308 0.277319
2.822811 -0.697568 0.008151
3.172475 0.138461 0.004046
3.429426 0.336235 0.005655
1.730453 1.402258 1.389072
1.050032 -0.008190 0.738554
3.372271 0.315790 0.000913
0.207469 -2.144481 0.247541
2.544901 0.752781 1.146668
-1.018110 -2.974354 0.560500
3.243536 -0.726400 0.001021
2.565993 -0.996041 0.461701
0.075396 -2.089227 0.580229
1.562248 -1.949667 0.288583
1.859541 -1.696991 0.356897
1.048639 -0.016049 1.415755
1.547739 -1.978413 0.448949
1.635665 -1.718556 0.715177
1.040334 -0.067458 2.992586
0.616134 -0.384463 2.996803
-0.139434 -0.943530 2.999424
2.557906 -1.059528 1.083840
-0.526291 -2.986366 0.560442
1.554021 -2.002157 0.348365
2.550130 -1.008138 0.309446
1.046815 -0.072855 1.393263
-0.994757 -2.997826 0.612373
0.035309 -2.091609 0.527183
-0.024871 -2.237982 0.119407
1.111400 -0.123607 0.914979
1.120996 -0.121023 0.703879
1.062198 0.037935 0.928976
2.526346 0.792520 0.439403
2.776316 -0.689340 0.210459
1.048308 0.004552 1.285085
1.704452 -1.693115 0.348398
2.561007 -1.051655 1.200417
-0.394772 -0.180511 2.986105
-0.594335 -0.356155 2.956538
1.004214 -0.155365 2.990342
0.510945 -0.487652 2.971085
-0.292713 -0.896574 2.998905
-0.633044 -1.196917 2.995386
1.362579 0.170932 2.989486
-0.013217 -2.152410 0.898679
2.553687 -0.895499 0.721748
-3.363101 -2.937985 2.999154
-0.719479 -2.983245 0.556000
0.012410 -2.111959 0.230356
2.563405 -1.014381 0.153895
1.035808 -0.030553 1.187803
1.106933 -0.115173 0.833387
3.383479 0.087458 0.001273
1.041697 0.012458 1.015185
0.000319 -2.144310 0.282812
1.563183 -1.966816 0.103986
1.118550 -0.132260 1.404050
-0.672221 -2.957282 0.550947
2.556978 -1.043197 0.928416
-0.289481 -1.055514 2.998659
-0.725344 -1.237077 2.992027
1.560703 -1.793936 0.913926
0.004892 -2.121439 0.933104
1.551448 -1.999730 0.380620
-0.013982 -2.163504 0.537772
-0.008106 -2.198915 0.205823
0.151604 -2.089665 0.254140
1.848389 -1.683995 0.022310
2.118908 -1.842081 0.008897
1.033019 -0.039208 1.032064
-3.350497 -2.046789 0.563698
-0.007330 -2.221797 0.151836
0.150197 -2.083862 0.182695
2.564440 -0.934713 0.436011
1.066819 0.049071 1.338281
2.788517 -0.678932 0.729894
2.795580 -0.692852 0.880279
-1.106203 -2.976725 0.548448
0.143780 -2.102946 0.343903
2.553789 -0.972039 1.072301
3.167798 -0.121343 2.996470
-0.494558 -0.408950 2.941916
1.181195 -0.453776 2.949687
0.564120 -0.634011 2.986094
0.210301 -0.652586 2.965932
-0.297854 -1.047983 2.999089
-0.719114 -1.141799 2.999921
-2.057459 -2.640920 2.994737
1.171635 0.394008 2.956121
-0.534453 -0.352872 2.996203
-2.791543 -2.560088 2.995126
1.548212 -1.987711 0.494742
2.555887 -1.060821 1.186288
2.527546 -0.741416 1.446876
-0.010028 -2.157599 0.310309
2.734422 -0.707207 0.537251
2.777161 -0.697649 0.535350
1.051214 -0.086429 0.988292
1.049379 0.017775 1.351548
-3.356299 -2.050903 0.576918
2.551838 0.916539 1.376621
1.733187 -1.688960 0.033800
2.564632 -0.996573 0.389163
-0.005603 -2.193281 0.085010
0.113212 -2.085502 0.119587
2.557389 -0.777098 0.732733
1.554094 -2.014092 0.276410
1.702745 -1.731435 0.726700
2.622994 -0.737573 1.181771
0.151262 -2.099908 1.016926
1.682481 -1.758039 1.398798
1.064097 -0.464880 2.970681
-0.377028 -1.040595 2.995821
-0.761013 -1.176594 2.990346
0.175313 -0.769400 2.978170
0.010068 -2.120679 1.401617
1.743762 -1.758844 1.204676
1.146452 -0.196925 2.906750
1.551158 -2.044603 0.351257
2.556029 -1.031325 1.020400
1.554748 -1.853092 0.014703
2.558679 -1.062372 0.535531
1.116348 -0.139620 1.346129
0.087022 -2.088600 0.066090
2.561815 -0.970517 0.170450
-3.351686 -2.057358 0.545753
-3.428095 -1.959297 0.645368
-3.316151 -2.029829 0.500615
0.123133 -2.094349 0.050054
2.735990 -0.695576 0.688441
1.606600 -1.719330 0.358947
-0.834181 -2.987008 0.542661
0.181742 -2.156253 0.676662
1.573550 -1.745960 1.100551
1.105531 -0.506248 2.985005
-0.354156 -1.081885 2.990518
-0.829591 -1.170766 2.981841
0.554853 -0.598145 2.963742
1.651950 -1.762741 1.343307
-2.386956 -2.922361 2.999508
0.062848 -2.081737 0.678051
1.551869 -1.974308 0.165173
2.554212 -0.970993 0.848325
2.602363 -0.741263 1.017656
2.551283 -1.027946 0.372421
1.046880 -0.008999 1.290556
2.557238 -0.905381 0.489178
0.034594 -2.111597 0.415612
0.004529 -2.119723 0.987524
1.571226 -1.751987 1.081511
-0.587489 -0.349858 2.969641
1.562483 -2.033263 1.102589
0.967557 -0.565129 2.982732
0.517120 -0.769888 2.997946
0.061972 -0.885666 2.990781
-0.404005 -1.032015 2.976665
-0.023292 -2.158301 1.382585
0.953564 -0.544717 2.990685
-2.138924 -2.639699 2.994138
-2.344539 -2.937966 2.997783
1.544044 -2.061621 1.078019
-2.814983 -2.578363 2.999712
0.014179 -2.123285 0.346047
1.162171 -0.140482 1.479529
1.027858 -0.037545 1.361040
2.555744 -0.914749 0.080660
2.681455 -0.708086 0.527822
-3.452012 -1.865566 0.629148
-3.241735 -1.974784 0.468386
2.662702 -0.710295 0.352940
-3.408465 -1.829232 0.609069
2.624169 -1.031849 0.111640
1.201281 -0.128133 1.166842
1.117371 -0.146646 1.179732
1.028100 -0.020288 1.335188
0.051965 -2.103196 0.064464
1.558260 -1.801844 0.389961
2.560722 -1.063049 0.806790
2.571882 -0.757035 1.063064
0.015670 -2.117587 0.657072
1.560633 -2.043374 0.798068
-0.652077 -0.378713 2.993450
-0.390532 -0.374175 2.969865
-0.645222 -0.493225 2.970968
-0.053374 -2.182697 1.065423
-0.929512 -1.207706 2.992869
0.558082 -0.840169 2.984777
1.526174 -2.054037 1.415372
0.964658 -0.749031 2.996148
0.510253 -0.698512 2.993721
-2.269232 -2.976508 2.996396
-0.025429 -2.168664 1.064223
1.155946 -0.044028 2.920925
0.844777 0.016320 2.999557
-1.004856 -2.995926 0.549706
1.553811 -1.869283 0.394636
1.812611 -1.692759 0.478354
-3.444674 -2.963193 0.142062
-3.303495 -1.944598 0.514160
-3.369632 -2.377419 0.105466
2.791344 0.677317 1.398290
-3.367492 -2.306252 0.108423
0.187303 -2.160557 0.295356
1.783451 -1.696520 0.043101
2.563071 -1.060369 0.791299
-1.306766 -2.962121 0.555106
-1.259112 -2.978713 0.534041
1.715213 -1.728669 0.772310
1.760239 -1.753709 1.147417
-0.587658 -0.445141 2.971730
-0.035030 -2.160260 1.007809
1.545277 -2.055780 1.207230
1.552335 -2.025326 1.372847
0.970601 -0.851016 2.999429
0.458885 -0.839707 2.973444
0.062549 -0.978870 2.963362
-0.501801 -1.129182 2.991531
0.505836 -0.863789 2.970968
-0.990404 -1.255536 2.992052
2.603112 -1.311636 2.997552
0.909901 -0.249998 2.993084
1.765249 -1.699404 0.386206
-3.427209 -2.986418 0.157476
-3.309300 -2.993951 0.117372
-3.367920 -1.770576 0.558849
-3.397035 -2.218424 0.079877
-3.323002 -1.809642 0.542604
-3.369603 -2.291956 0.107006
1.151649 -0.125884 1.442126
2.550042 -1.025619 0.525233
1.650463 -1.726918 0.733040
2.551028 -0.767447 1.408671
-1.145105 -2.972930 0.557006
-0.024748 -2.158372 0.657334
-1.054182 -0.533216 2.929350
1.552576 -1.993479 1.185333
1.608042 -1.749017 1.388966
2.698139 -1.309400 2.999417
-0.180319 -0.564960 2.978319
-0.546666 -0.597519 2.994645
-0.492034 -1.102068 2.954001
-0.037380 -1.088664 2.976444
0.906473 -0.966902 2.981019
-1.028037 -1.404002 2.977963
1.663128 -1.755593 1.242743
3.317168 -0.146545 2.988567
2.548073 -0.762482 0.746012
-3.338772 -2.018668 0.418474
-3.311852 -1.763265 0.507846
-3.448380 -2.045461 0.315884
2.564998 -0.995859 0.409304
2.552722 -0.772631 0.686797
2.557309 -0.755080 1.038166
0.187568 -2.178399 0.219989
1.663713 -1.748249 1.166641
-0.579956 -0.540375 2.962446
0.881725 -1.042732 2.999236
-0.485177 -1.228544 2.971480
-1.069874 -1.232951 2.983953
0.901251 -1.005587 2.964304
0.416414 -1.053497 2.974516
-0.084304 -1.154120 2.963324
-0.547922 -1.162930 2.970456
0.861900 -0.448916 2.969294
3.253745 -0.166250 2.989054
-3.404890 -1.768465 0.588641
-3.243432 -1.889686 0.427528
-3.377202 -2.389544 0.061480
1.551942 -1.789158 0.032653
1.980658 -1.729020 0.128379
-3.316136 -1.671618 0.404759
-3.476684 -1.951306 0.108862
-3.348479 -1.744689 0.553441
-3.409657 -1.798392 0.617191
-3.343568 -2.339364 0.085793
1.549924 -1.861502 0.082805
0.040162 -2.088619 0.634988
-0.626966 -0.744585 2.931692
-1.127342 -1.277273 2.980908
0.360478 -1.242349 2.993902
-0.743331 -1.173711 2.944080
0.456236 -1.222515 2.975662
-0.182259 -1.224451 2.957389
-0.693123 -1.260849 2.997776
-1.087971 -1.348069 2.995764
0.863491 -1.179982 2.984759
0.880156 -0.621473 2.997216
1.547366 -2.054784 1.173432
0.824442 -0.476215 2.983288
-0.003070 -2.253527 0.224684
-3.465659 -1.828186 0.618258
-3.394976 -1.994288 0.558064
-3.263839 -1.941394 0.463412
1.867008 -1.699488 0.432163
2.556847 -0.964728 1.283300
2.544583 -0.751770 1.450729
-3.377403 -2.262800 0.040366
2.065400 -1.755700 0.061558
-3.263717 -1.273787 0.463393
-3.242162 -1.816475 0.259845
2.551481 -0.893658 1.153152
2.549185 -0.727229 1.343081
0.004519 -2.156889 0.288226
0.046775 -2.100055 0.643401
-0.581295 -0.660424 2.948664
-0.562826 -2.991593 0.557534
0.007585 -2.118817 0.712615
-0.180065 -0.673039 2.985837
0.803032 -1.274106 2.995442
-0.707931 -1.375918 2.991256
-1.179884 -1.314665 2.990254
0.322741 -1.277921 2.995211
-0.084186 -1.135043 2.927161
-0.179281 -1.140634 2.933204
-0.698940 -1.243722 2.978880
0.423750 -0.702784 2.968867
-0.988867 -2.996527 0.595245
0.773542 -0.623221 2.967937
-0.145329 -0.529867 2.991385
1.571658 -1.854214 1.200960
0.002588 -2.153630 0.301832
0.017227 -2.128732 0.074384
0.244164 -2.332071 0.047906
-3.484241 -1.641120 0.148304
-3.258931 -1.248955 0.473469
-3.339635 -1.689354 0.259585
-3.298862 -1.759869 0.228121
2.381531 -1.852428 0.004619
2.553341 -0.940970 1.028605
2.542179 -0.704081 1.398508
0.023583 -2.109323 0.585535
1.693620 -1.756113 1.285206
-1.136251 -0.570981 2.969200
-1.086994 -2.964545 0.548496
-0.537526 -0.703639 2.960316
0.787857 -1.326338 2.997073
0.028614 -2.093426 1.051061
-0.740891 -1.254985 2.947720
0.902950 -1.330431 2.986192
0.360947 -1.262006 2.984679
-0.184961 -1.308888 2.950355
-1.176617 -1.431398 2.993545
-0.135125 -0.774107 2.990536
0.933199 -0.711696 2.995222
0.472637 -0.725714 2.973209
-0.582603 -0.661929 2.998158
1.555657 -1.965440 0.539726
-0.006171 -2.202082 0.273960
-3.324281 -1.989479 0.509002
-3.218487 -1.849638 0.333404
-3.222544 -1.865554 0.369962
-3.360182 -1.784826 0.127304
2.559194 -0.976158 1.398470
-0.003732 -2.165349 0.373772
0.016616 -2.120244 0.503293
1.541163 -2.052258 1.349614
-0.644544 -0.718603 2.998988
-1.128218 -1.442620 2.983584
-0.014252 -2.152287 0.933581
-0.643015 -1.327104 2.957841
0.838433 -1.391870 2.988252
0.362613 -1.404848 2.983495
-0.233009 -1.367326 2.966839
-0.639955 -1.459624 2.977465
0.882851 -0.741739 2.990257
0.432012 -0.822992 2.981707
-0.628564 -0.811343 2.967503
-0.138471 -2.978397 0.551805
1.140920 -0.629434 2.929772
3.261887 -0.036958 2.988736
-3.459106 -2.095008 0.477101
-3.229120 -1.850894 0.342166
-3.315662 -1.706084 0.489891
-3.230763 -1.915736 0.330221
-3.350238 -1.748995 0.555355
1.829741 -2.166342 0.009017
0.024229 -2.098770 0.451301
0.151253 -2.094085 0.461828
-0.148903 -2.991867 0.545547
-0.231625 -0.768084 2.980249
-0.847997 -1.366594 2.987592
-1.147450 -1.428882 2.944298
0.408671 -1.343652 2.980433
-0.178647 -1.402784 2.950196
-1.140175 -1.475774 2.991802
-0.746769 -0.742873 2.991988
0.672539 -0.698126 2.971100
-1.116645 -2.948252 0.544893
-0.012162 -2.140096 0.192856
0.037962 -2.079874 0.274345
0.263747 -2.373797 0.078749
-3.317307 -1.707151 0.523385
-3.206496 -1.921236 0.385264
2.558369 -1.021369 0.633379
2.550617 -0.897060 1.003131
2.558633 -0.800516 1.044213
0.020201 -2.114417 0.384709
0.008411 -2.244874 0.175470
-0.795991 -0.245313 2.924816
-0.767861 -2.973005 0.542357
-0.728236 -0.790956 2.964781
0.902799 -1.429582 2.985297
0.226686 -1.416055 2.970729
-0.114827 -1.450268 2.965581
-0.676960 -1.475368 2.959399
-1.112897 -1.608431 2.980790
0.719100 -0.537929 2.965609
0.331402 -0.867863 2.990512
-0.811942 -0.830961 2.998021
-1.303578 -2.949496 0.550881
0.025224 -2.091444 0.242815
1.914517 -1.694881 0.017864
-3.286950 -1.821302 0.483238
-3.493427 -2.120474 0.485111
2.544456 -0.756418 1.371719
-0.823223 -0.883347 2.963452
-1.238269 -0.901880 2.992469
-0.017257 -2.158028 0.982449
-0.781236 -1.584147 2.968464
-1.158528 -1.720757 2.981401
0.324570 -1.399751 2.974746
0.970188 -1.243833 2.994684
0.243010 -0.872971 2.983259
-2.960326 -2.755382 2.999007
0.690849 -0.621725 2.987945
1.563541 -1.756048 0.485226
2.638915 -1.033206 0.752949
-3.295369 -1.976596 0.497394
2.551621 -0.930304 0.675302
-3.297750 -2.000385 0.494815
-0.864821 -0.958143 2.949707
-0.557624 -1.115128 2.948317
-1.208266 -1.774163 2.983956
0.711704 -1.427550 2.989198
0.330095 -1.528427 2.995243
-0.201593 -1.570795 2.964339
-0.771976 -1.683087 2.963731
-0.509420 -0.890983 2.948576
-0.010054 -2.152303 0.564327
-0.811583 -1.030876 2.985570
1.558972 -2.059933 1.071190
2.667767 -1.029963 0.394724
2.664475 -1.062487 0.451593
1.568211 -2.014229 0.119320
2.572586 -1.053796 0.939071
0.002294 -2.250647 0.177523
-0.417516 -0.917195 2.985682
-0.464996 -1.049872 2.959470
0.611285 -1.401242 2.982390
-0.662450 -1.639000 2.937068
-1.266429 -1.875261 2.984011
0.234464 -1.544916 2.979195
-0.257526 -1.621956 2.964426
0.948449 -1.479636 2.993116
0.642014 -0.779353 2.976394
0.142730 -0.956880 2.943504
-0.463108 -1.044648 2.932112
-0.870244 -1.187021 2.931125
1.556311 -2.056598 0.830095
1.719122 -1.698974 0.374044
-3.391352 -2.986502 0.121147
2.752419 -1.023648 0.441377
3.018503 -1.005271 0.036865
2.727452 -1.042292 0.337940
2.545324 -0.759432 0.664571
2.552422 -0.931630 0.157891
1.553462 -1.990470 0.073952
2.717494 -1.068606 1.130288
-0.960370 -0.502050 2.992807
-1.031942 -1.053780 2.994295
-0.505732 -1.042447 2.947154
-0.914079 -1.223590 2.934074
-0.755019 -1.724494 2.942001
-1.195910 -1.970238 2.980479
0.204352 -1.497986 2.998001
-0.245013 -1.587579 2.948249
1.147706 -1.249634 2.998408
0.769763 -1.415807 2.986570
-1.257123 -1.904517 2.989287
-0.551239 -0.918033 2.962658
-0.832120 -1.124848 2.976030
-0.641714 -0.208625 2.969027
-1.095105 -0.353806 2.983516
2.682185 -1.037154 0.907404
-3.386839 -2.972546 0.155344
3.195734 -0.966029 0.004664
2.606587 -1.038014 0.228112
2.542551 -0.702432 0.607940
2.551331 -0.695266 0.289335
0.017397 -2.105636 0.194006
1.552725 -2.017045 0.230863
2.641194 -1.068819 1.093624
-1.084972 -0.473488 2.939343
-0.502527 -1.061772 2.980613
-1.012811 -1.191184 2.956409
-1.287684 -1.279893 2.986490
-0.451556 -1.144806 2.947077
-0.919798 -1.377117 2.952992
-1.194600 -2.012874 2.981369
0.743524 -1.359341 2.999381
0.203367 -1.578235 2.994719
-0.240186 -1.679916 2.962387
-0.751626 -1.834716 2.967702
0.671567 -1.377003 2.982069
0.292959 -1.537017 2.986062
-0.237342 -1.622845 2.988510
-0.766166 -1.762998 2.968492
-1.227737 -1.961161 2.998417
0.061705 -0.933061 2.991112
-0.968787 -1.218514 2.941850
1.802249 -1.697450 0.559132
0.158130 -2.104495 0.136577
0.144814 -2.540686 0.005148
2.579449 -1.022233 0.214627
0.009889 -2.097668 0.304841
2.553523 -0.998019 0.246656
2.966591 -0.579813 0.029201
2.793683 0.666297 1.456482
2.570293 -1.024302 0.290334
2.638217 -1.038604 0.560397
2.632855 -1.053115 1.036319
1.781037 -1.748158 1.264727
-0.563919 -0.975702 2.987467
-1.008925 -1.233240 2.938190
-0.449860 -1.200035 2.928532
-0.966297 -1.321279 2.967566
0.624025 -1.390598 2.998001
-0.703412 -1.815177 2.960233
-1.132096 -2.100468 2.964146
-0.289366 -1.700466 2.961609
0.143474 -1.506979 2.964132
-0.238375 -1.713131 2.986946
-0.653487 -1.922133 2.988974
-1.245060 -2.102367 2.982196
0.062522 -1.014238 2.994916
-0.549823 -0.961891 2.948113
-0.987315 -1.201868 2.969155
0.399571 -0.760067 2.968267
-1.360670 -1.410020 2.997136
1.553780 -2.050771 0.851281
-0.962718 -2.981917 0.549187
2.571951 -1.021474 1.452470
2.706340 -1.040327 1.259536
2.790329 -1.028584 0.722738
-0.005006 -2.102322 0.259616
2.803888 0.654693 1.408987
-0.006531 -2.136914 0.247727
1.787857 -1.699974 0.069632
2.737956 -1.052238 0.566638
2.689637 -1.058577 1.337630
-1.318111 -0.792562 2.979944
-0.945568 -2.970787 0.555661
1.792719 -1.733583 0.943757
-1.115211 -1.238785 2.952885
-1.492032 -1.418866 2.984542
-0.546116 -1.143918 2.947982
-1.015096 -1.409055 2.945408
-0.337609 -1.749750 2.947799
0.674489 -1.430354 2.993948
0.244133 -1.619381 2.988889
-0.180435 -1.796393 2.996009
-0.704144 -1.964149 2.977075
-1.191737 -2.208817 2.997198
1.143111 -1.277889 2.998154
-0.546774 -1.175171 2.928926
-0.996203 -1.466017 2.925066
1.555902 -2.060859 0.940302
0.808325 -0.532406 2.994782
-1.223221 -0.826381 2.982358
2.748078 0.656259 1.458443
1.160262 -0.146165 1.361459
1.043444 -0.121066 1.499873
2.623962 0.649914 1.214342
2.669874 0.644384 1.279210
2.078683 -1.717539 0.013697
2.723709 -1.042440 0.428446
1.685974 -1.711570 0.500088
-1.327545 -0.836562 2.994462
1.793338 -1.732546 0.875241
2.690326 -1.072030 1.417474
-0.500658 -1.264973 2.925845
-0.962112 -1.436366 2.936714
-1.125997 -2.303103 2.973112
-0.693050 -1.954098 2.953325
0.213553 -1.657048 2.995547
-0.229949 -1.817396 2.970391
-0.644453 -1.952571 2.952695
-1.201857 -2.306022 2.990935
0.669299 -1.461273 2.989339
-0.553768 -1.320303 2.905679
-0.904571 -1.457733 2.917635
-1.238217 -1.711203 2.993382
0.312989 -0.790574 2.991342
-1.026052 -1.356254 2.975939
3.300370 -0.157826 2.995670
1.743157 -1.704547 0.537546
1.154713 -0.133924 1.341106
-0.010420 -2.158164 0.271259
2.656938 -1.047027 0.469823
2.700841 -1.048940 1.244430
-1.317424 -1.002591 2.978309
-2.691692 -2.465332 2.982153
-0.897209 -1.513373 2.915599
-0.497692 -1.251760 2.939616
1.556470 -2.053428 1.420766
-1.123011 -2.404174 2.987078
-0.329772 -1.861036 2.965839
-0.686039 -2.160132 2.998167
0.619518 -1.477799 2.989334
0.252829 -1.703857 2.984327
-0.284235 -1.909993 2.997679
-1.178272 -2.403128 2.994747
-0.242284 -1.258587 2.981303
-0.482493 -1.360141 2.983871
-0.877723 -1.609799 2.945542
0.307702 -0.965667 2.979421
-0.602784 -1.208398 2.921493
-1.083274 -1.554693 2.947979
-0.848364 -2.990533 0.560125
1.546466 -1.858551 0.633028
1.772772 -1.690547 0.329379
2.785492 -1.027158 0.582000
2.901547 -0.586201 0.004883
2.720888 -1.041413 1.043184
-1.275504 -0.897445 2.991175
-0.963779 -1.533917 2.942269
0.217616 -1.744269 2.990391
-0.327104 -1.993674 2.981012
-0.695997 -2.143560 2.980752
-0.692449 -1.666009 2.880693
0.255139 -1.036475 2.974296
-0.047582 -1.246019 2.987264
-0.601142 -1.410527 2.924527
-0.910202 -1.599947 2.942739
1.558732 -2.051255 1.040048
-0.372488 -2.973822 0.567119
1.545046 -1.745987 0.494321
1.617392 -1.696830 0.508009
3.208524 -0.044475 2.992447
-0.908714 -0.800400 2.996358
-1.311533 -1.102049 2.988695
-1.688726 -1.302237 2.997611
2.778373 -1.027636 0.807808
2.535629 -0.716997 0.738569
3.269104 0.054521 0.000230
2.676312 0.660100 1.065442
2.769436 0.645775 1.325768
2.754245 -1.037036 0.541459
-1.378908 -1.021580 2.999277
-0.889259 -2.987449 0.547769
2.713597 -1.050386 1.206196
-1.220737 -1.124202 2.967505
-1.648011 -1.435660 2.981409
1.615913 -1.727590 1.099102
-0.584797 -1.519898 2.926440
-0.994824 -1.753806 2.907167
0.620033 -1.541868 2.997357
-0.274823 -2.014001 2.984877
-0.689310 -2.241666 2.974341
-0.995055 -2.490038 2.979953
-0.593742 -1.344900 2.956553
-0.974955 -1.644457 2.948374
-0.870242 -0.802157 2.981817
-1.456469 -1.092823 2.980798
0.186263 -2.125559 0.211457
-0.004914 -2.211239 0.301539
2.758517 -0.144330 0.002685
3.187534 0.209476 0.010683
2.529868 -0.727515 0.169953
2.827086 -0.350496 0.000939
2.994902 0.020927 0.004053
2.769876 -1.042111 0.918723
-0.903868 -0.860913 2.990950
-0.432015 -2.970142 0.556273
2.829269 -1.076291 1.397932
-0.590239 -1.461170 2.927565
-0.947821 -1.683748 2.921255
1.064556 -1.225414 2.998623
0.429445 -1.211073 2.996407
0.187781 -1.754941 2.998467
-0.167805 -2.002641 2.991113
-0.627657 -2.293943 2.985390
-0.965681 -2.637538 2.979994
-1.035654 -1.787937 2.931537
1.544562 -2.053276 1.253686
0.217983 -0.972495 2.985630
2.739515 -1.036974 1.059869
-0.952014 -0.891978 2.982920
-1.421193 -1.242412 2.984167
2.727076 0.650311 1.425191
1.071959 -0.138839 1.302413
2.583564 -0.078059 0.002500
2.745940 0.638563 0.867113
1.147172 -0.153057 1.255121
0.022063 -2.261380 0.259100
2.608588 -1.037346 0.333688
2.852842 0.623352 1.239376
1.547718 -1.716019 0.363663
-1.128442 -0.924815 2.998089
-1.492545 -1.191894 2.973827
-1.874776 -1.562130 2.988598
2.721301 -1.053047 0.917423
0.111791 -0.837408 2.994182
-0.702391 -1.483255 2.942600
-1.112544 -1.980223 2.786507
-1.454044 -2.147094 2.993123
0.582187 -1.475349 2.992139
-0.537583 -2.375721 2.979008
-0.969019 -2.673350 2.986207
0.213007 -1.768111 2.984835
-0.223356 -2.059119 2.995851
-0.644515 -1.601582 2.888481
-0.962032 -1.993719 2.952999
-1.446784 -2.166945 2.996984
0.127530 -0.931968 2.993349
1.549773 -2.052397 0.583789
2.805661 -1.054658 1.202954
-1.060172 -1.148841 2.979701
2.802617 -1.055084 0.493570
1.088129 1.213433 2.836347
-1.091854 -0.936402 2.988847
-1.087116 -2.956843 0.559836
2.508538 0.868047 0.914790
1.198141 -0.144120 0.928927
2.520959 0.011057 0.000797
2.833851 0.367789 0.005201
3.018552 0.591407 0.008844
3.246046 0.834306 0.006869
3.126873 0.681819 0.010397
2.508266 0.896220 0.601367
0.207795 -2.136053 0.096956
2.417442 0.210547 0.005259
2.630372 0.071278 0.003297
2.909913 0.238246 0.004703
3.088950 0.816816 0.014285
2.680910 0.651116 0.579300
1.220369 -0.156298 0.941419
1.020494 0.005481 1.194203
2.647158 -1.039967 0.356186
2.741303 -1.040647 0.534490
-1.438201 -1.367234 2.990341
1.572863 -2.044282 0.557925
2.829931 -1.065478 1.150093
-1.151643 -1.890732 2.918904
-1.382123 -2.205623 2.998127
-1.688048 -2.632605 2.997234
-0.176472 -1.198252 2.987012
-0.688914 -1.546872 2.917690
1.556193 -2.014858 1.227837
-0.873180 -2.768054 2.983030
0.170613 -1.710470 2.994546
-0.268684 -2.078586 2.990208
1.551787 -2.063050 1.263692
0.549668 -1.301654 2.990346
-0.229003 -1.334061 2.979555
-0.730857 -1.593059 2.908373
-0.992981 -1.948249 2.967325
1.549742 -1.731161 0.874317
0.012231 -1.040967 2.950655
-1.114307 -1.041003 2.963466
-1.600982 -1.544256 2.985891
1.018778 1.231395 2.767364
0.925710 1.191492 2.799619
1.029418 0.008045 1.347304
2.438896 0.159341 0.006559
1.534273 1.380139 1.448325
2.176875 0.296535 0.004429
2.491915 0.719891 0.003707
1.175463 -0.129969 0.967783
1.540295 1.450976 1.470095
0.390776 -2.160841 0.077229
2.568252 -0.699414 0.012134
3.300766 0.102455 0.000801
2.760009 0.650755 1.441723
-1.233209 -1.233515 2.995011
-1.574662 -1.585115 2.994762
-1.867179 -2.020425 2.990890
-0.742623 -1.736690 2.942568
-1.115107 -2.075087 2.966912
-1.287634 -2.389700 2.998294
-0.641616 -1.765463 2.953598
-0.894987 -2.131294 2.930596
-0.857500 -2.965591 2.986017
0.543150 -1.431765 2.994268
-0.465194 -2.617260 2.984828
0.122940 -1.725739 2.988585
1.566932 -2.080496 1.392077
1.815137 -2.096864 1.380024
-0.144986 -0.971386 2.958755
-0.283791 -1.380468 2.958123
-0.659392 -1.736680 2.905978
-0.965943 -2.031317 2.958469
-1.398842 -2.387011 2.999210
1.552266 -2.058228 0.707226
2.835917 -1.074198 1.344704
2.541627 -0.746362 0.984840
-1.221655 -1.328217 2.978701
-1.420473 -1.790137 2.999105
1.547547 -1.708876 0.233841
2.947416 -0.992786 0.003568
2.879957 0.652122 1.345981
1.172034 -0.128299 1.276340
-3.297277 -2.819860 2.996475
0.100840 -2.305882 0.248836
2.735551 0.578038 0.007213
2.223185 0.399567 0.001181
2.271453 0.838545 0.004200
2.608145 1.381168 0.013629
1.198425 -0.133109 0.604728
1.035173 0.007087 0.968707
1.859074 1.369095 1.001932
1.555564 1.469888 1.145539
2.679000 0.642681 1.091581
0.902872 1.240493 2.841915
-1.235631 -1.377411 2.984992
2.766521 -1.050459 0.832392
-0.806465 -1.640582 2.950177
-1.141203 -2.153183 2.862817
2.712654 -1.046865 1.418272
-0.076786 -1.109172 2.995007
-0.338433 -1.399542 2.995670
-0.906464 -2.184725 2.942882
-1.023743 -2.442982 2.982557
1.619575 -2.054919 1.272586
1.828348 -2.073218 1.287234
-0.474239 -2.502184 2.961251
-0.703132 -2.957961 2.973551
0.159991 -1.690176 2.995798
-0.600120 -2.654468 2.994895
-0.975632 -2.121948 2.965384
1.557574 -2.055892 0.499478
2.775374 -1.059913 1.437496
-0.077572 -0.891082 2.993377
-1.249649 -2.545976 2.994840
2.779306 -1.069608 0.787346
3.095798 -0.943866 0.063578
-1.286783 -1.326037 2.978679
-1.833222 -2.113293 2.993949
-2.106014 -2.584883 2.996872
-2.373693 -2.992669 2.999260
2.920123 -0.114054 0.005049
3.337678 0.292824 0.007510
2.515480 0.805330 0.182539
1.155501 -0.119658 0.763824
1.025233 -0.020082 0.927907
1.542118 1.438092 1.324091
-3.293801 -2.899048 2.989604
0.365488 -2.104297 0.062245
2.566640 1.296056 0.015817
1.177766 -0.116107 0.537208
2.626365 0.668110 0.019300
1.542250 -1.724684 0.190685
2.827442 0.638909 0.182881
2.717580 0.646970 0.535861
1.036891 -0.081297 1.100163
-1.787481 -2.246175 2.994153
2.564791 -1.037912 0.096721
2.852171 0.616532 0.933058
1.117830 1.116503 2.784144
-1.557536 -1.816338 2.976879
2.805509 -1.038771 0.500447
2.700789 -1.037378 0.989294
-1.351593 -2.543566 2.999075
2.818322 -1.047998 1.250299
-0.744672 -1.773359 2.932037
3.244242 -0.166385 2.994704
-0.383582 -1.615302 2.979905
0.450940 -1.378677 2.994520
-0.466383 -2.744122 2.966483
-0.130859 -2.233800 2.998620
1.596285 -2.059534 1.245259
-0.249801 -2.296639 2.983978
-0.426076 -2.657131 2.993336
-0.639732 -1.879207 2.917369
-0.978554 -2.224005 2.958464
-0.297016 -1.475819 2.948695
1.573017 -2.056383 0.547060
2.773900 -1.049593 0.954040
0.118606 -0.665328 2.998199
2.523642 -0.864061 0.552168
-1.207782 -1.476686 2.966645
-1.470328 -1.879588 2.978151
3.391208 0.101408 0.011151
-1.258424 -1.157195 2.986789
2.495018 0.170181 0.007162
2.836591 0.696804 0.076294
2.378147 0.934701 0.014726
1.180748 -0.109787 0.591016
-2.948033 -2.771986 2.997946
1.876559 0.090021 0.000846
2.112726 0.478332 0.013440
2.624960 1.342232 0.018717
2.819194 1.674258 0.024300
1.206635 -0.117959 0.601908
1.019431 -0.022284 0.823229
1.553468 1.545291 1.277464
2.141048 1.000255 0.002551
2.978506 2.753374 0.024476
1.550964 1.466999 0.748274
2.509424 2.094422 0.004830
2.817573 2.532088 0.008072
2.760487 1.343680 0.003208
2.800276 1.644916 0.012504
2.511487 1.003124 0.187401
2.605342 0.647741 0.616303
1.205111 -0.120201 0.712734
-1.310639 -1.463754 2.995354
2.689896 -1.037340 0.153193
2.692654 -1.046000 0.803275
-0.710994 -1.816344 2.947825
-0.972465 -2.375497 2.959446
2.816086 -1.065638 1.402224
-0.556878 -1.913175 2.962458
-0.862436 -2.374549 2.975116
0.435588 -1.481407 2.995499
-0.385907 -2.644817 2.985438
0.160163 -1.916592 2.999636
-0.141706 -2.336643 2.997292
-0.430116 -2.743119 2.989686
-0.352347 -1.556054 2.988004
-0.594610 -1.867901 2.939382
-0.974205 -2.254453 2.979311
2.541402 -0.976392 1.271618
-0.049519 -1.044428 2.972337
2.781120 -1.052771 0.504560
-1.278728 -1.518129 2.975960
-1.601034 -1.992275 2.996521
-1.848810 -2.346812 2.990970
1.075678 1.146016 2.768123
1.029781 0.047651 0.934862
-2.732389 -2.971537 2.996469
2.142540 0.369899 0.002349
2.430217 0.834015 0.002717
2.770934 1.581885 0.027938
1.532815 1.559150 1.326929
1.148863 -0.128418 0.514385
2.996576 2.905178 0.030908
1.612651 1.384364 0.847234
2.369129 2.042042 0.019915
2.661453 2.402599 0.023371
1.667048 1.391840 0.983780
1.541776 1.480569 1.276399
2.792282 0.670628 0.033710
3.001541 0.782725 0.099658
-1.459194 -2.016619 2.986286
-1.659407 -2.466758 2.980526
2.564844 -1.038912 0.108944
-1.183497 -1.644137 2.961996
2.814040 -1.037000 0.419242
-0.964526 -2.210742 2.945796
2.808089 -1.040605 0.989281
2.788810 -1.044756 1.099484
2.633621 -1.052790 1.327705
-0.295771 -1.548007 2.994648
-0.599880 -2.022965 2.929846
-0.878457 -2.315873 2.983234
3.252992 -0.217629 2.998388
-0.265242 -2.746340 2.997192
0.484598 -1.425180 2.999490
-0.342358 -2.779928 2.969016
1.547170 -1.757630 1.365608
0.636174 -1.153975 2.991718
-0.705075 -1.951902 2.931179
2.697142 -1.072579 1.367471
-0.119691 -1.127554 2.998075
-0.920627 -2.363323 2.955426
2.625145 -1.058814 0.760000
1.243577 1.305771 2.911288
-1.217686 -1.573482 2.948332
-1.523951 -2.086777 2.984122
-1.776188 -2.518496 2.990402
-1.943542 -2.937552 2.999068
2.820152 0.024289 0.000517
3.162781 0.409054 0.011222
3.131869 0.493179 0.005756
1.024431 -0.004730 0.963030
1.544605 1.417240 1.451724
2.051626 1.652818 0.007120
2.621305 2.523924 0.018004
1.110252 -0.122848 0.593020
1.224484 -0.132675 0.911443
2.492882 0.928369 0.899485
2.525198 0.801954 1.134836
-1.248130 -1.607415 2.997981
-1.649060 -2.573972 2.979568
2.726635 -1.021924 0.377917
2.725026 -1.039270 0.814704
-0.709528 -2.054362 2.928403
-0.905367 -2.402449 2.905237
-0.307091 -2.824492 2.989829
-0.253404 -2.821346 2.990379
-0.060796 -1.286415 2.966893
-0.608964 -2.098600 2.937956
-0.858243 -2.505050 2.982529
-0.221060 -1.182074 2.968198
-0.602964 -1.739879 2.977330
2.655734 -1.041485 0.291878
-1.199595 -1.770314 2.986763
-1.177249 -1.296139 2.979230
-1.569588 -2.613646 2.975435
3.036815 -0.069563 0.002365
1.077558 1.326752 2.912868
2.428914 0.294801 0.001458
1.176860 -0.118711 0.875506
1.014512 -0.069983 0.949078
1.541294 1.455195 1.333050
2.288032 2.033749 0.005941
1.408570 0.219372 0.038959
-2.555659 -2.731450 2.999215
1.107091 -0.124898 0.615916
3.385477 2.042105 0.008508
3.249958 2.449037 0.005903
1.595018 1.392323 0.991466
3.161387 0.378142 0.003126
1.222991 -0.150125 0.952634
-1.159247 -1.826182 2.995508
-1.562266 -2.183053 2.963279
2.522352 0.749561 1.248700
2.867380 0.639421 1.128153
2.837849 -1.043018 0.472939
-0.583167 -1.764165 2.996390
-0.644040 -1.966407 2.802885
-0.871173 -2.465584 2.972067
2.742486 -1.047178 1.170692
2.613100 -1.055849 1.396603
-0.303387 -1.621127 2.996353
3.243696 -0.109805 2.997645
-0.355983 -2.973559 2.983957
-0.245212 -2.775210 2.980609
-0.523882 -2.107718 2.911288
-0.704024 -2.512127 2.960483
-0.230026 -1.229684 2.957433
-0.286460 -1.576715 2.999947
-0.894627 -1.652093 2.993433
-0.620778 -2.053529 2.973290
-0.920768 -2.563627 2.981421
2.753810 0.640031 0.892178
1.040394 -0.088169 1.255317
-1.473915 -2.227796 2.990470
-1.691741 -2.695488 2.984468
3.317374 1.065522 0.002231
1.214190 -0.130016 0.969424
-2.139126 -2.414701 2.996859
-2.205498 -2.936195 2.995814
3.292487 2.587555 0.007233
1.017708 -0.023554 0.871357
1.552482 1.427511 1.007989
1.554229 1.611067 0.990675
1.174895 -0.117341 0.222051
1.544862 1.675492 0.628812
1.930785 1.525036 0.060490
2.080281 0.525648 0.004052
2.356717 0.801779 0.003914
3.288547 2.606495 0.026397
1.208089 -0.135994 1.005651
1.528523 1.411916 1.440299
2.879817 0.636865 0.603149
0.989280 1.148201 2.788141
1.127775 1.456258 2.982055
-1.211411 -1.873042 2.983395
-1.406768 -2.213610 2.981325
-0.411381 -1.759965 2.997768
-0.557934 -2.195103 2.956413
-0.810252 -2.560433 2.972602
0.471936 -1.537324 2.998234
0.255514 -1.854627 2.999385
-0.197621 -2.907417 2.997060
0.262427 -1.955806 2.997997
-0.117589 -2.904385 2.990440
-0.472516 -2.250482 2.932043
-0.282365 -1.262783 2.986308
-0.319464 -1.751950 2.955669
-0.595541 -2.207794 2.961284
-0.871799 -2.621625 2.969323
-1.231610 -1.437903 2.981558
-1.219989 -1.918437 2.953440
-1.468240 -2.343485 2.978685
-1.591988 -2.703826 2.977682
2.817771 0.071404 0.010510
3.163478 0.530737 0.009661
2.789528 0.073482 0.005478
2.670691 0.646058 0.385450
1.038554 -0.095004 1.336661
1.181847 -0.115907 1.088838
1.600506 1.359971 1.230321
1.594165 1.385407 0.589106
1.185211 -0.121641 0.187534
1.568618 1.698717 0.284693
1.140007 -0.125216 0.061659
1.151265 -0.121821 0.302993
1.546414 1.425001 0.951220
1.752395 1.384750 0.957902
1.067557 -0.093766 1.299381
-1.155743 -1.472305 2.995933
2.613775 0.654031 1.045268
-1.256828 -2.427972 2.966019
-0.675350 -2.085188 2.951522
-0.842832 -2.605541 2.988616
-0.255559 -1.675522 2.978282
0.080073 -2.390630 2.997760
-0.060167 -2.946295 2.977688
-0.213293 -1.757509 2.928552
-0.535521 -2.206128 2.909392
-0.121403 -1.234169 2.957983
2.667121 0.652181 1.464198
-1.462804 -2.389602 2.992248
-1.632150 -2.830360 2.995369
3.225350 0.392265 0.006235
1.193481 -0.120117 0.823032
1.026892 -0.010938 1.062106
1.619448 1.370215 1.308852
1.136788 -0.123126 0.142781
1.550380 0.959000 0.006656
1.315407 0.723221 0.000527
2.015392 2.722301 0.021398
1.599717 0.492346 0.002455
1.009164 -0.038602 0.577467
1.901049 2.570316 0.031263
1.536537 1.635367 0.603277
1.547639 1.412436 0.628290
1.704569 1.390673 1.012694
3.404468 0.913410 0.000659
1.204692 -0.119210 1.458198
0.865145 1.123276 2.842842
1.042425 1.434477 2.949353
-1.006282 -1.789064 2.981838
-1.344385 -2.541018 2.947131
1.931893 -2.001836 0.027379
1.672566 -2.035102 0.577916
-0.651035 -2.662366 2.995887
-0.109972 -1.353841 2.992298
-0.259161 -1.757260 2.968448
-0.459353 -2.200386 2.964623
1.817940 -2.038850 0.867575
1.683530 -2.036661 1.044071
1.655273 -2.050329 1.194502
0.245445 -2.038720 2.997696
-0.035414 -2.949502 2.988072
0.117752 -2.500117 2.996610
1.841352 -2.057614 0.917134
-0.561216 -2.247831 2.945841
-0.716892 -2.709028 2.993328
1.652915 -2.042539 0.467398
1.819320 -2.067976 0.775542
2.779310 0.639564 0.692309
1.048073 1.196963 2.765779
0.947089 1.379443 2.898818
-1.258243 -2.124498 2.954832
-1.334522 -2.478667 2.969290
-1.532905 -2.974279 2.990994
1.569198 1.394719 0.709159
1.032140 -0.065420 0.011564
1.148591 0.242349 0.020888
1.350471 0.680826 0.004618
1.510566 1.903967 0.018878
1.608578 2.329100 0.026574
1.752921 2.762806 0.023782
1.382472 0.771809 0.008918
1.306141 1.204683 0.008741
1.461718 1.891924 0.012972
1.654587 2.790084 0.032118
1.856880 2.402596 0.025381
1.990381 2.874963 0.029525
2.416634 0.381144 0.000918
2.425161 0.956719 0.001633
2.890535 2.331063 0.020167
3.392046 2.982350 0.027992
1.543410 1.417460 0.689867
2.846525 0.645556 0.073223
2.622955 0.648776 0.117221
2.597485 0.652550 0.422385
-1.405700 -2.630369 2.972574
-0.515590 -2.260449 2.973458
-0.676772 -2.805554 2.984606
1.816368 -2.040681 0.843315
1.551107 -1.817638 0.869324
0.323535 -2.018332 2.998006
0.152120 -2.478454 2.997861
1.783080 -2.056541 0.869298
1.556322 -1.784065 0.899811
1.557354 -1.807552 1.006707
-0.271889 -1.429322 2.952622
-0.543646 -2.293237 2.939901
-0.648397 -2.751611 2.981625
1.892874 -2.021281 0.093645
2.554760 0.700890 1.021096
-0.748586 -1.064258 2.999403
-1.274433 -2.665328 2.988909
1.043280 -0.108947 0.965613
-1.478519 -2.659253 2.999671
1.162422 -0.122031 0.428546
0.999241 -0.033009 0.196693
1.790470 2.809450 0.027671
1.114369 0.915245 0.003418
1.103356 1.316110 0.011549
1.231557 1.954981 0.008028
1.355422 2.957813 0.037425
0.082726 2.271080 1.506774
0.124409 2.332026 1.238531
-0.034500 2.313210 1.396378
-0.296731 -0.203987 1.378391
0.904256 0.835704 0.000397
1.366288 1.739990 0.010457
-0.065583 2.343025 1.469958
-0.317024 -0.204478 1.338694
1.333865 0.830158 0.002053
1.633088 2.149624 0.016791
1.946510 2.727800 0.023524
0.116960 2.309406 1.400727
0.045656 2.276859 1.484233
1.847873 0.630190 0.000454
1.661844 1.386855 0.240529
1.544538 1.632231 0.433865
1.191332 -0.121934 0.495092
3.052927 2.722703 0.024076
3.366145 2.926422 0.019311
1.667961 1.381289 0.905172
1.543085 1.425112 1.044213
-1.271208 -1.807084 2.992376
-1.154911 -2.288549 2.976171
-1.455346 -2.795023 2.953152
1.157740 -0.132553 1.197845
-1.007672 -2.005536 2.994520
1.819222 -2.026074 0.204763
-0.469069 -2.348979 2.941554
-0.581439 -2.905827 2.970035
-0.368754 -1.938821 2.991162
0.365770 -1.478279 2.993511
2.807880 -1.040615 1.354890
1.826277 -2.065988 0.808028
1.545080 -1.742385 1.078305
2.814604 -1.069883 0.667445
2.654650 -1.046149 1.201725
-0.385891 -1.820875 2.996837
-0.552626 -2.377434 2.992257
-0.622704 -2.851336 2.997680
1.544700 -1.709723 0.429828
-0.366556 -1.458333 2.965082
2.748997 -1.038764 0.056744
1.209071 -0.123374 1.370198
1.200013 -0.125642 0.861307
-1.273138 -2.775114 2.995504
1.633526 1.388574 0.242453
1.315814 1.909759 0.011896
0.103615 2.313396 1.397795
-0.002446 2.281575 1.368719
0.741041 0.436843 0.002908
0.820872 1.491609 0.019856
0.851412 1.988910 0.011054
0.869229 2.382010 0.019322
0.115149 2.345524 0.991283
0.033938 2.288682 0.954743
0.101605 2.338977 0.797934
0.021189 2.287245 0.880486
-0.055282 2.330817 0.960690
0.556854 0.517470 0.002397
0.824437 0.931976 0.003584
0.570020 0.999079 0.004909
0.569343 1.505110 0.015553
0.583209 1.932691 0.015388
0.135094 2.360120 0.631461
0.023856 2.291031 0.749042
-0.342616 -0.214802 1.382560
0.899196 2.995733 0.028779
0.133339 2.334986 0.831148
0.053328 2.290698 0.914157
-0.090874 2.338460 1.427650
1.049072 0.990455 0.000420
1.156634 1.912247 0.004219
1.338149 2.376927 0.012917
-0.022459 2.288805 1.336851
1.549784 2.378048 0.013262
-1.416465 -2.846399 2.989974
2.619421 2.141686 0.009366
2.915755 2.392010 0.014544
3.135787 2.918677 0.022229
-1.208351 -2.878556 2.994437
1.573434 -2.034955 0.486302
1.196570 -0.138427 1.009052
1.056931 -0.106558 1.252012
2.790018 -1.034744 0.373603
2.742154 -1.042597 0.703071
-0.316956 -1.499346 2.987504
-0.518238 -2.438798 2.954179
-0.511865 -2.948315 2.967433
1.801327 -2.042571 0.747579
-0.330724 -2.491485 2.976445
2.826699 -1.049969 1.104357
1.831190 -2.059430 0.735134
2.625870 -1.061360 0.717191
2.778498 -1.057761 1.051685
2.686220 -1.065907 1.238902
2.812892 -1.056715 0.501280
-0.402271 -1.399229 2.965674
-0.422661 -1.865963 2.977714
-0.466082 -2.438522 2.950423
1.844098 -2.053792 0.210293
2.540582 -0.763989 0.199660
3.250711 -0.881558 0.006375
3.342389 -0.173494 0.003026
1.016980 -0.034423 1.127792
1.183441 1.152740 2.764576
1.230314 1.403739 2.958887
1.152202 -0.158291 0.892846
1.559408 1.430567 1.411058
-0.898818 -1.372909 2.967905
-1.163214 -2.947631 2.987933
1.133208 -0.144538 0.350183
1.618236 1.389075 0.413350
1.110281 0.832418 0.003350
-0.024459 2.333587 0.994539
-0.029506 2.333553 1.417883
-0.431548 -0.208027 1.379782
0.699419 0.490724 0.000516
0.697720 1.442096 0.015568
0.732335 1.988976 0.021541
0.790344 2.915071 0.036188
0.105016 2.310508 0.677063
-0.416075 -0.212517 1.425118
0.335298 1.079888 0.006778
0.322820 1.371174 0.007708
0.039691 2.298249 0.351795
-0.284970 -0.195831 1.017549
-0.544027 -0.221018 1.362941
0.758982 2.773480 0.013884
1.050939 2.919811 0.015196
0.140410 2.319088 0.633342
-0.061849 2.345969 1.068915
1.056883 -0.094544 0.038412
1.573507 1.346828 0.000059
1.847576 2.566028 0.020697
1.039964 -0.083851 0.826637
1.555767 -1.998018 0.445166
-0.420581 -2.996601 2.989101
1.803409 -2.035100 0.564868
2.779765 -1.031377 0.248047
-0.358675 -2.538629 2.989238
1.851939 -2.039091 0.781997
2.682788 -1.034614 0.757886
2.803712 -1.043256 1.030991
0.317369 -2.996536 2.998690
1.787238 -2.048412 0.764172
2.803740 -1.060181 1.066868
-0.334237 -1.521407 2.937733
-0.383291 -1.921744 2.945554
-0.377127 -2.583513 2.989873
2.839279 -1.078318 0.276513
2.635671 -1.046897 0.160419
-1.179904 -2.462769 2.972335
1.579393 1.528894 0.523909
1.340840 1.500860 0.004200
1.429163 2.419847 0.015822
1.516930 2.981059 0.009349
0.144645 2.320067 1.455005
0.706441 0.945809 0.003324
0.718888 1.510770 0.008283
0.711287 2.016678 0.017388
0.160714 2.384942 0.578686
-0.050903 2.356717 1.094605
-0.476590 -0.195208 1.441702
0.472546 1.002934 0.003042
0.191977 2.347529 0.286049
0.195909 2.335020 0.691396
-0.005439 2.354988 0.426630
-0.457322 -0.198943 1.395158
0.735023 2.478637 0.005348
-1.536273 -2.558456 2.997343
1.664438 2.983000 0.012371
-0.974619 -2.574014 2.998959
1.563140 1.569278 0.579955
2.752699 -1.032310 0.334723
-0.338496 -2.584243 2.983528
1.540819 -1.986953 1.151010
1.548259 -1.738549 1.120141
2.804147 -1.052604 0.984888
1.549892 -1.734589 0.804639
-0.358400 -1.975249 2.932214
-0.478794 -2.481123 2.954677
2.846108 -1.075406 0.320097
-0.488772 -1.051363 2.993129
-0.430179 -1.722783 2.928663
3.134221 0.099929 0.005474
3.109814 0.543523 0.008073
-0.909564 -1.516848 2.994992
-1.013663 -2.626586 2.990759
1.578388 1.998312 0.011453
1.642158 2.489011 0.012951
-1.390650 -2.577215 2.991959
0.730386 0.469803 0.002729
0.774326 1.534187 0.013111
0.829922 2.620751 0.032551
0.120611 2.347756 0.926903
-0.022896 2.317946 1.015121
-0.568730 -0.205320 1.425312
0.346542 1.035498 0.002607
0.175233 2.351736 0.362489
-0.045301 2.338078 0.635263
-0.296418 -0.130808 1.044773
-0.614730 -0.192955 1.405383
-1.725561 -2.066339 2.968160
1.036592 1.497463 0.003153
0.780547 2.411985 0.014794
0.960787 2.553885 0.008580
1.261075 2.372655 0.011136
1.303833 2.830873 0.019125
0.169005 2.329975 0.986666
-0.005973 2.307866 1.345283
-0.374063 -0.199070 1.412369
1.656093 2.561172 0.019193
-1.195760 -2.366748 2.970419
1.733207 -2.031682 0.088498
2.802579 -1.037063 0.043094
3.465052 0.276472 0.005786
0.884082 1.093310 2.860741
-0.431007 -1.540889 2.999452
-0.432335 -2.068929 2.979526
-0.430523 -2.585077 2.959707
1.813080 -2.029356 0.381728
2.830208 -1.034192 0.363533
2.545143 -0.961500 1.373102
0.398192 -2.947755 2.999468
0.333879 -2.600867 2.994656
1.547315 -1.737502 1.157632
2.841968 -1.064526 1.038060
0.288181 -2.408215 2.989530
2.823368 -1.054683 0.421129
-0.370186 -1.614461 2.934911
-0.359267 -2.064422 2.996970
1.753905 -2.033099 0.215844
2.856872 0.615188 0.521176
2.740678 0.640986 0.730101
1.735461 -2.016374 0.014874
0.990463 1.561160 0.018481
0.974888 1.262103 0.014238
-0.043727 2.296993 1.473823
0.095479 2.325040 1.099716
0.521447 0.473787 0.001981
0.489928 0.994138 0.003898
0.461949 1.568557 0.011372
0.407340 2.875948 0.019604
-0.098069 2.359351 0.744615
0.065228 2.319709 0.434278
0.155438 2.371479 0.306515
-0.063657 2.340377 0.648894
-0.042447 1.847504 0.001507
0.864608 2.871143 0.017235
0.137391 2.354458 0.542908
-0.075155 2.336060 0.830589
0.117341 2.311010 1.020591
-0.291925 -0.138978 1.154217
0.153852 2.339493 1.478365
-0.457729 -0.202214 1.385329
-0.645295 -2.703151 2.997438
1.778347 -2.027746 0.060266
-0.493390 -1.664164 2.996802
-0.486418 -2.690752 2.970220
1.804470 -2.028111 0.271754
3.037645 -0.923832 0.111953
1.844724 -2.041821 0.752205
2.812201 -1.048960 1.051547
0.279276 -2.120648 2.995817
1.547986 -1.997170 1.083590
-0.312377 -2.127691 2.938185
-0.272943 -2.686095 2.983308
1.811383 -2.042036 0.342607
2.752522 -1.055102 0.276381
2.563269 -1.051608 0.278697
2.853714 0.609473 1.049175
-0.403936 -1.664161 2.936556
1.543661 -1.703725 0.319217
2.952415 0.172155 0.001982
2.657249 0.632063 0.328563
3.251219 1.026750 0.004827
2.563433 0.643046 0.305783
3.430218 1.112653 0.002266
-0.550934 -1.590782 2.960692
1.808577 -0.008372 0.001606
-0.027563 2.290550 1.508579
-1.549846 -2.769350 2.992954
0.668032 0.921953 0.007433
0.647382 1.456872 0.013936
0.689268 1.940150 0.017723
-0.072002 2.359574 0.779556
0.083096 2.314593 0.608405
-1.767466 -2.792563 2.998748
0.262020 2.291133 0.002793
0.031244 2.296246 0.271523
-0.350804 -0.198345 1.021572
-0.591395 -0.208383 1.347095
0.589604 2.025882 0.004957
0.143622 2.349392 0.378835
-0.044898 2.311012 0.767949
-0.576916 -0.203276 1.394046
-1.715201 -2.819272 2.994431
0.920614 2.494752 0.009701
-1.387356 -2.801800 2.998476
1.537560 -1.798272 0.164857
1.750811 -2.027155 0.170107
-0.371494 -1.740884 2.988320
-0.387227 -2.147742 2.984842
0.265553 -1.617268 2.992312
0.318132 -2.203432 2.980506
1.854482 -2.050793 0.826548
1.618164 -2.042464 1.120789
2.752274 -1.042795 1.040643
1.541067 -1.899067 0.813991
1.547664 -1.730420 0.643245
2.676250 -1.041630 0.426990
2.851585 0.613400 1.194412
-0.329954 -2.168919 2.957581
-0.361596 -2.664876 2.983377
2.610525 -0.659027 0.066335
3.188561 0.160077 0.000528
3.491479 0.019349 0.006657
2.552439 0.645312 0.710630
-0.502071 -1.766181 2.923265
-0.980866 -2.752888 2.978889
-0.014593 2.300856 1.219962
-0.021479 2.321477 0.919906
-0.505948 -0.209603 1.438901
-0.309624 -0.161294 1.220427
0.091153 2.306889 0.289862
-0.051828 2.338260 0.476955
-0.300941 -0.128690 1.021320
-0.300008 0.045961 0.659464
0.507457 1.454751 0.002692
0.112298 1.807088 0.004149
0.482656 1.777839 0.005684
0.152598 2.345287 0.328534
-0.609720 -0.205197 1.363036
-0.021493 2.310817 1.195270
-0.901581 -2.774674 2.985899
3.187983 2.597918 0.015638
1.811987 -2.018864 0.112569
-0.450152 -1.704921 2.998266
-0.302055 -2.720836 2.995671
-0.575286 -2.773857 2.998567
1.853258 -2.035459 0.824138
0.328646 -2.655858 2.991201
1.643463 -2.044442 1.178069
2.691446 -1.060693 1.103002
-0.309063 -2.210160 2.984418
2.851613 0.638165 0.758681
-0.402686 -2.158811 2.991835
2.491838 0.946947 0.315033
1.765647 0.509276 0.003398
-1.222166 -2.456062 2.982934
-1.410467 -2.799435 2.996269
-0.086490 2.335914 1.368762
0.066218 2.296719 1.074621
-0.378639 -0.207729 1.426867
-1.644442 -2.874846 2.991468
0.090380 2.305042 0.361597
-0.011781 2.309198 0.683137
-0.322624 -0.189804 1.024149
-0.304586 0.090166 0.979385
-0.210229 2.438664 0.012839
-0.303137 -0.044958 0.695158
0.117054 2.322149 0.258592
-0.299071 0.080477 1.160902
0.127812 2.318598 1.110685
-1.234683 -2.416431 2.979261
2.244621 1.901803 0.012462
2.518396 2.198128 0.015600
2.652746 2.656030 0.021871
1.934719 -1.989777 0.034329
1.618229 -2.020671 0.014681
2.496212 0.954031 0.125061
3.033284 1.883562 0.003253
2.851361 0.644235 0.748109
-0.242245 -2.832932 2.979338
1.616269 -2.035026 1.057253
1.856673 -2.067559 0.761637
1.659866 -2.049716 1.168844
0.328775 -2.252193 2.981214
1.674427 -2.044978 0.734342
-0.161652 -2.721942 2.985840
1.852369 -2.059094 0.620848
2.584696 -1.039682 0.414573
2.542250 0.644366 1.408180
-0.410855 -1.149363 2.998515
-0.267393 -2.162442 2.955922
-0.298320 -2.783911 2.978750
1.959526 -1.982957 0.069614
2.499675 0.936096 0.721317
1.206607 -0.119198 1.243614
2.771372 2.507238 0.014383
-0.986903 -2.806160 2.973023
0.117473 2.321719 0.881428
0.092788 2.307283 0.180169
-0.603027 -0.212369 1.400946
-1.709809 -2.349320 2.998921
-1.979308 -2.919546 2.999658
0.008167 2.304546 0.164871
0.165534 2.363897 0.297513
-0.052767 2.330770 0.668912
-0.337143 -0.192430 1.058758
1.044002 -0.107070 0.202859
0.103287 2.299003 1.103933
1.856860 -2.019767 0.194244
2.380273 1.353823 0.003139
2.637830 2.162905 0.014933
3.014938 2.614568 0.015057
1.137992 -0.136219 0.899007
1.615737 -2.031644 0.543260
1.621446 -2.032687 1.006084
1.854119 -2.061976 0.898464
1.705639 -2.050557 1.198342
2.640570 -1.058991 1.416747
0.388594 -2.243146 2.995570
1.673826 -2.040646 0.668054
-0.389793 -1.711711 2.930055
-0.255475 -2.853171 2.980510
2.554525 0.646730 0.193553
-0.947257 -2.837102 2.988271
1.750645 0.491167 0.001746
1.171911 -0.116908 0.391827
-1.318630 -2.854117 2.997095
-0.073999 2.358358 0.559462
-0.270528 2.904073 0.025375
-0.622258 -0.215461 1.346642
1.102775 -0.123273 0.206050
1.496195 1.353173 0.000397
2.046505 1.311763 0.002421
2.415621 1.999200 0.003184
2.899240 2.275904 0.011424
2.710558 2.355614 0.015559
2.546342 2.466587 0.007944
3.060341 2.755630 0.017122
2.856873 2.846144 0.025338
1.095788 -0.134562 0.849991
1.539819 1.507252 0.867295
-0.570339 -2.817025 2.995747
-0.919073 -2.548549 2.986064
1.842632 -2.014245 0.095903
2.524163 0.756389 0.463740
-0.450361 -1.759444 2.989139
1.860235 -2.043071 0.716800
1.687245 -2.026671 0.914464
1.720462 -2.051566 1.204128
0.464617 -2.289890 2.980368
1.749881 -2.042092 0.725221
-0.259687 -2.162582 2.937661
1.671745 -2.034391 0.506722
2.576617 0.628241 1.326616
-0.570036 -2.890737 2.991841
1.850926 -2.042015 0.207111
3.279189 0.895852 0.000795
2.641069 2.652642 0.016380
2.577035 2.251527 0.009746
1.558056 1.490930 0.793235
1.569080 1.505335 0.675512
-0.945530 -2.875732 2.977149
1.431431 1.976237 0.010391
1.513942 2.298917 0.013924
-1.564144 -2.930237 2.997545
-0.343400 -0.204682 1.078387
-0.324173 -0.197538 0.986503
1.266338 0.823277 0.003635
1.339030 1.721206 0.008588
1.987372 1.510229 0.003383
2.313087 2.151895 0.009588
1.873682 -2.009808 0.018210
1.638337 -2.031483 0.489401
1.550038 -1.733950 0.545272
3.034256 2.527310 0.001623
1.542579 1.541628 1.301504
2.564869 0.641859 0.830834
1.136800 1.167311 2.767290
-0.196454 -1.847304 2.988733
1.667295 -2.045928 0.797027
0.501222 -2.286888 2.993080
0.502080 -2.776066 2.989807
1.853470 -2.065919 0.719710
2.852524 0.613303 1.297588
-0.333728 -1.845286 2.974261
-0.199282 -2.260257 2.968004
-0.519899 -2.843296 2.991070
2.446341 0.477547 0.000952
2.657487 1.166781 0.017788
3.291161 2.986853 0.005114
3.195434 2.793791 0.023399
1.543389 1.616676 1.179740
-0.898770 -2.928358 2.987922
1.521139 1.708963 0.214741
1.844931 2.878523 0.019733
-0.322091 0.062557 0.824875
1.349005 0.281409 0.004875
1.331440 1.429240 0.000061
1.208316 2.026075 0.007643
1.590592 2.454271 0.017207
2.200540 2.024322 0.009562
2.843688 2.233948 0.017694
2.487119 2.380900 0.011057
2.799548 2.794561 0.026677
2.621352 2.901834 0.020918
2.493750 0.946732 0.841179
1.185551 -0.130708 1.239091
-0.360933 -1.878733 2.989086
-0.157468 -2.810230 2.976363
1.547575 -1.722018 0.790863
1.776908 -2.039309 0.672386
1.742258 -2.047706 1.163991
0.504559 -2.325294 2.976454
1.688151 -2.040057 0.850509
-0.239861 -1.859492 2.943516
-0.129220 -2.811166 2.985456
1.541132 -1.726756 0.553194
2.906515 0.654563 0.662663
2.679605 0.621716 0.929777
0.914608 1.170585 2.802704
2.676279 0.640172 0.097460
3.475561 2.786283 0.029436
1.157770 -0.151775 0.980342
1.027306 -0.077689 1.186636
1.201490 -0.101451 0.364823
-0.935166 -2.711890 2.968888
0.990825 1.837323 0.001145
1.025280 -0.024035 0.063582
0.981614 2.841439 0.012971
-0.716065 -2.947264 2.996336
1.516200 2.078256 0.009038
1.729816 2.352202 0.006803
1.572308 2.592531 0.012905
1.671614 -2.024018 0.415592
2.696737 0.648665 0.415396
2.665204 2.262690 0.014540
3.334213 2.923151 0.018423
2.814978 2.785050 0.026253
1.107995 1.206261 2.766164
1.724211 -2.038361 1.106817
0.492251 -2.222260 2.983584
0.614078 -2.748840 2.995807
1.548428 -1.737816 0.959507
0.288926 -1.342323 2.998954
1.203745 1.178868 2.760559
-0.228779 -1.892052 2.969213
-0.251794 -2.314858 2.946650
1.912983 -1.994451 0.091336
2.856109 -0.089349 0.001599
2.939982 0.397300 0.003592
3.196821 0.873430 0.004354
3.277165 1.112499 0.011231
1.220903 -0.101295 1.075966
-0.402342 -1.469787 2.976108
1.986188 1.161400 0.000734
2.057056 1.724943 0.006639
1.219320 -0.101589 0.450880
1.021792 -0.062587 0.052890
1.123577 1.975059 0.001653
1.011542 2.895234 0.012080
-0.484445 -0.195952 0.979609
0.305481 -0.674119 0.001573
-0.476840 -0.193856 1.004353
-0.441764 -0.196424 0.692182
0.516856 1.377916 0.006386
0.607712 1.884507 0.005440
1.014283 -0.067175 0.134413
0.896386 1.339693 0.003949
1.055564 1.922050 0.001486
1.369956 1.960749 0.005920
1.060671 2.878954 0.016062
1.412338 2.830642 0.021812
2.525915 2.444341 0.004425
3.267534 2.549309 0.012961
1.027826 -0.073419 1.435695
-0.007955 -2.805710 2.993341
1.720981 -2.038421 1.091808
1.719515 -2.032799 0.658757
2.734151 0.636511 1.372105
2.624477 0.624738 1.112555
-0.248984 -1.900099 2.948009
-0.148108 -2.396966 2.993093
2.529781 -0.798883 0.076035
3.317636 0.085659 0.003748
3.368838 1.014507 0.005407
2.582812 0.634973 0.414024
1.902439 1.346282 1.300477
-0.430222 -1.563457 2.976766
1.669057 -2.021663 0.039657
2.138777 0.326717 0.000579
2.448223 1.867092 0.020685
2.525115 2.283834 0.007262
2.622964 2.733110 0.016872
1.183184 -0.124992 0.652079
1.211480 -0.043103 0.024904
-0.993111 -2.892543 2.992318
-0.523559 -0.209738 1.016161
-1.542944 -2.858509 2.987340
-0.517855 -0.207622 0.648815
0.485227 1.448344 0.001221
0.889972 2.532203 0.007740
1.333571 2.067272 0.003989
1.539552 2.417103 0.002974
1.352567 2.540064 0.010233
1.552537 -1.861663 0.500923
2.971411 2.312697 0.016541
2.433017 1.935016 0.008565
2.820134 2.567711 0.010004
2.539556 2.391424 0.014028
1.019213 -0.066810 0.959523
2.543264 0.647803 0.917823
0.441901 -2.368171 2.979871
0.629075 -2.753886 2.991525
0.429481 -2.317184 2.981810
2.601074 0.623174 1.331159
-0.187024 -2.451940 2.975858
1.850899 -2.046096 0.586394
2.784195 0.630340 0.769122
1.233336 -0.098487 1.440004
-0.255579 -2.003345 2.946751
2.706831 0.645255 0.011441
2.995466 2.586219 0.020361
3.147810 2.780116 0.016887
3.308368 2.893320 0.023504
1.024403 -0.066114 1.022338
-0.538328 -1.668249 2.964062
-0.463483 -2.096749 2.947408
1.720623 2.541300 0.014148
0.749291 1.084443 0.001079
0.742920 1.553289 0.011119
0.672334 2.088893 0.012695
0.660280 2.493814 0.011062
0.631280 2.054561 0.007990
0.416899 1.448247 0.002531
0.088022 2.355415 0.023235
0.363316 2.967143 0.011184
1.172913 1.891682 0.006019
1.355783 2.621371 0.015633
1.167414 2.769563 0.018710
0.064282 2.295782 1.244150
2.474145 2.096137 0.005429
3.410370 1.309702 0.002924
3.356525 2.759055 0.018819
-0.217540 -2.549004 2.988698
1.844873 -2.030528 0.458586
1.552945 -1.932883 0.851626
2.549011 0.640011 1.147788
2.511977 0.856629 0.950427
1.841464 -2.040912 0.925292
1.860804 -2.035567 0.898356
0.557412 -2.308800 2.985780
0.692942 -2.858408 2.985101
1.763234 -2.037593 0.848199
1.838959 -2.050151 1.100525
0.182331 -1.437461 2.998331
0.515904 -2.359989 2.981851
1.788461 -2.032465 0.428604
2.653693 0.630571 0.871393
-0.317911 -2.045653 2.963613
-0.163817 -2.558363 2.991908
2.646831 0.648804 0.161693
3.279879 0.927876 0.006834
1.244219 -0.098123 1.053763
1.766065 1.392857 0.166404
1.064729 0.168098 0.025224
-0.062866 2.303610 1.224445
0.249125 1.446452 0.002496
-0.129078 1.934517 0.002498
0.100365 2.339160 0.015716
0.732902 2.812890 0.011959
-0.056859 2.308548 0.568323
0.127107 2.326800 0.723495
1.438214 2.866918 0.025911
1.740752 -2.024923 0.284167
1.539682 -1.794003 0.399894
2.935964 2.477471 0.010533
3.292178 2.848782 0.023326
3.068408 2.981715 0.018809
2.718640 2.644477 0.021616
1.219189 -0.078928 1.039011
1.010278 -0.068492 1.238810
-0.320027 -2.129212 2.999430
-0.228940 -2.606020 2.996168
1.849312 -2.038625 0.431212
2.652466 0.645497 0.794308
0.554083 -2.360998 2.993951
0.666566 -2.804302 2.983283
1.850639 -2.052514 1.113412
0.291115 -1.942676 2.993175
0.596551 -2.406421 2.980358
0.705275 -2.847240 2.999597
1.863585 -2.046663 1.028014
-0.193590 -2.253808 2.937094
-0.168683 -2.604102 2.983234
2.496438 0.934570 0.799484
-0.324596 -1.665723 2.973222
1.548833 -1.793453 0.341785
2.299705 0.942461 0.000160
2.587073 2.310773 0.014202
2.684683 2.781430 0.022416
2.710237 2.497869 0.007939
2.807406 2.968194 0.018322
1.909109 1.372113 0.491183
1.437024 1.855484 0.000213
1.424387 2.525932 0.016558
-0.027514 2.296695 1.422181
0.618470 1.049211 0.003618
0.508852 1.569874 0.002353
0.445611 1.879766 0.013963
-0.085788 1.352221 0.002715
-0.278999 2.238773 0.008074
-0.311994 2.993304 0.010341
0.629056 2.187656 0.000896
0.148753 2.360280 0.498551
1.208051 -0.074351 0.119393
1.369915 2.012279 0.003158
-0.092436 2.321390 1.327258
0.086460 2.277170 1.440235
1.732763 -2.028669 0.164653
1.552006 -1.810086 0.274463
2.257449 1.811344 0.005997
2.776305 2.251203 0.012579
2.339359 2.249458 0.007014
2.683478 2.925149 0.022554
2.423318 2.726274 0.013230
1.754306 1.396869 0.391915
2.538323 0.646006 0.559240
2.532695 0.633649 1.325563
0.624022 -2.367002 2.971210
0.751014 -2.859752 2.989310
1.853555 -2.059441 1.002333
1.836890 -2.039808 0.514716
-0.159498 -2.210028 2.949810
-0.064593 -2.610929 2.979095
3.070871 0.361804 0.007976
3.235601 0.976378 0.007186
3.403170 2.850855 0.028370
1.251434 -0.082988 1.014661
-0.274583 -2.553281 2.972037
1.221394 -0.103199 0.435220
1.743667 1.392303 0.147922
1.027188 0.057009 0.017415
0.288530 1.010477 0.000014
-0.428950 2.320003 0.001166
0.173820 1.832678 0.000032
-0.090028 2.343151 0.171191
-0.420311 2.730344 0.008469
0.157861 2.340617 0.467836
0.099498 2.300251 0.911841
-0.010391 2.296301 1.190525
1.209374 -0.104060 0.263089
2.131498 1.798388 0.013105
2.189587 2.189733 0.010918
1.630401 2.893645 0.022129
1.850209 -2.033883 0.444463
2.715136 1.764780 0.005419
2.920885 2.634400 0.019753
1.734815 1.373047 1.067088
1.548764 -1.985213 0.905572
1.846004 -2.038001 0.995190
0.623254 -2.409759 2.977164
0.749477 -2.899375 2.990402
1.843534 -2.048769 0.621681
1.214408 1.060699 2.751159
2.682286 0.625168 1.019155
2.557509 0.777863 1.425692
-0.038666 -2.243797 2.973071
0.004975 -2.696213 2.998550
1.872013 -2.039047 0.475542
3.351970 0.908157 0.004299
3.426839 1.151616 0.010463
2.550783 0.684358 0.604061
2.556082 0.726365 0.663376
1.904671 1.358735 1.281379
-0.353669 -1.665441 2.974112
-0.286854 -2.209476 2.995857
-0.111715 -2.636896 2.998158
2.266445 0.212726 0.001410
2.255053 1.556704 0.013421
2.370397 2.310887 0.026067
2.461864 2.823639 0.027660
2.594776 2.624273 0.021168
1.155273 -0.137648 0.707024
1.240156 1.790498 0.008547
1.240412 2.353243 0.016713
0.120921 2.295469 1.248280
0.156006 2.324359 1.013665
0.505937 1.032954 0.002360
0.406958 1.526933 0.015255
-0.046099 2.342513 0.241528
-0.266951 1.247687 0.000986
-0.432044 1.777028 0.000353
-0.585088 2.217762 0.005665
0.259539 1.830598 0.003290
-0.226853 2.215885 0.010279
0.001628 2.296882 0.202404
-0.371976 2.718169 0.014215
0.721108 2.244573 0.005350
0.665405 2.716486 0.009435
0.152235 2.333993 0.595317
0.029213 2.288611 0.568481
1.521666 2.512460 0.013003
0.011394 2.264394 1.504727
1.693923 -2.027032 0.177846
2.193284 1.680990 0.004917
2.271592 2.130048 0.000016
1.742068 1.399235 0.374085
1.143013 -0.135814 0.690242
-0.026875 -2.702940 2.997952
1.849790 -2.043120 1.023883
0.403926 -1.937604 2.999736
0.677175 -2.409557 2.974742
1.849358 -2.052212 1.078958
0.830634 -2.914785 2.989634
1.764924 -2.041028 0.725401
1.551232 -1.800333 0.480052
-0.096472 -2.883790 2.998461
2.740677 -0.068026 0.001497
2.782755 0.221155 0.003968
2.673288 1.322067 0.018520
2.846307 0.575405 0.004044
2.568018 1.045828 0.120916
2.952194 2.480539 0.022112
3.040862 2.916949 0.038777
3.270889 2.916201 0.028757
1.585947 0.409066 0.002433
1.600455 0.866722 0.004324
1.122314 -0.137066 0.431431
0.100568 2.272121 1.497808
0.845018 0.628638 0.009030
0.680069 1.675784 0.009073
0.618170 2.012425 0.017016
0.138106 2.371641 0.570913
-0.016804 2.299588 0.759005
0.098899 2.308491 0.468383
-0.358902 2.593364 0.008024
-0.302589 0.047507 0.814088
-0.544511 1.671142 0.003073
-0.288509 0.101606 0.397167
-0.303775 -0.067269 0.220940
-0.139322 1.238033 0.000978
-0.302184 0.081587 0.383267
-0.166288 1.745682 0.002267
-0.615972 2.142023 0.006527
-0.295636 2.142770 0.004875
-0.806721 2.661505 0.008165
-0.442847 2.574288 0.014721
-0.312203 0.006665 0.725252
-0.046448 2.311619 0.448939
1.092555 2.745106 0.011329
0.046248 2.282774 0.809500
-0.055047 2.304900 1.111919
2.446294 2.197383 0.004168
2.197076 1.988005 0.008737
2.518147 2.630234 0.005585
2.628962 0.647638 0.217137
-0.169175 -2.184194 2.990692
-0.037338 -2.697125 2.995774
0.465147 -1.979465 2.999133
0.667094 -2.363075 2.977745
0.788969 -2.813107 2.984127
1.794504 -2.042011 0.631755
-0.019889 -2.593383 2.994192
3.284393 0.146661 0.002337
2.992650 0.836371 0.080344
2.675273 0.643733 0.245531
3.448318 1.399290 0.006399
2.249490 2.236818 0.010528
1.031977 -0.086704 0.754632
-0.307493 0.004901 1.034788
-0.303283 -0.215532 1.137797
-0.301494 -0.071067 0.613591
-0.388730 1.666581 0.007214
-0.716690 2.513192 0.014749
-0.295215 0.095684 0.319429
-0.299018 -0.096067 0.209292
-0.356213 0.354606 0.017879
-0.282472 0.094424 0.353934
-0.363731 1.702821 0.002380
-0.510990 2.089148 0.004435
-0.684571 2.541354 0.009502
0.533484 1.290822 0.000021
-0.425497 2.763550 0.001504
0.199415 2.408461 0.714773
1.330413 1.863572 0.004425
0.159282 2.382612 1.338690
1.776734 -2.032384 0.463237
3.031122 2.417301 0.005467
2.787091 2.457020 0.010147
2.882543 2.940453 0.017949
2.589691 2.682440 0.010672
-0.233872 -2.189215 2.993415
0.731845 -2.362886 2.975887
0.846540 -2.801896 2.986532
1.846781 -2.042159 0.683289
2.671908 0.633722 0.676789
2.873021 0.614620 0.422900
1.906614 1.365839 1.380131
2.439642 0.120660 0.000961
2.261371 0.559347 0.000552
2.688805 2.210508 0.020206
2.594410 2.807935 0.030409
-0.466070 -2.283256 2.990702
1.427360 0.621185 0.001072
1.331047 2.914238 0.016462
-0.024735 2.347635 0.360529
-0.463207 2.226203 0.005051
-0.637166 2.696300 0.013248
-0.305347 0.086312 0.293350
-0.312547 0.010414 0.104729
-0.434400 -0.197181 0.387220
-0.306612 0.020880 0.648073
-0.602978 2.011380 0.003731
-0.793186 2.507613 0.004156
0.184913 2.358585 0.003446
-0.338963 2.919726 0.011479
-0.061676 2.334201 0.285694
-0.296003 0.068973 1.018788
-0.394210 -0.204747 1.127972
-0.405254 -0.196529 1.375479
0.891806 1.116519 0.001727
0.694862 2.785355 0.015799
0.087934 2.291109 1.281833
2.184293 1.725317 0.009839
1.991054 1.579725 0.003601
1.698568 1.409980 0.098652
2.462045 2.265382 0.014128
2.238912 2.124942 0.006553
2.530231 2.710261 0.014447
2.259977 2.466635 0.024791
3.275261 2.796380 0.023214
0.057440 -2.628423 2.997670
1.852984 -2.037420 1.099729
0.781376 -2.360063 2.975145
0.898595 -2.752110 2.980021
0.957180 1.216286 2.788707
-0.149553 -2.277255 2.979789
2.804067 0.308223 0.006176
2.982620 0.747386 0.010746
3.251297 2.663997 0.040231
1.274934 -0.088328 0.959599
1.058209 -0.090037 1.168969
1.662910 0.920654 0.006557
1.759942 0.439845 0.000507
0.151321 2.336880 1.508551
0.683190 2.161553 0.005010
0.161063 2.363032 0.404157
0.002392 2.312883 0.707138
-0.952073 -2.311587 2.998044
-0.255669 2.420128 0.001577
-0.419551 2.955105 0.010545
-0.309380 0.045829 0.895254
-0.484703 -0.194613 0.723478
-0.462955 -0.195890 1.114044
-0.612314 1.560343 0.001885
-0.300138 0.088989 0.349856
-0.303572 -0.034467 0.127276
-0.354271 0.326712 0.023743
-0.299927 0.015783 0.022756
-0.280213 0.078800 0.289090
-0.606158 1.995130 0.005063
-0.797704 2.465439 0.003403
-0.152789 2.676896 0.005940
-0.295140 0.047549 0.943809
-0.477069 -0.199791 1.154885
-0.461168 -0.197457 1.201631
0.781150 1.416324 0.002848
-0.287971 0.112432 1.205254
1.682722 1.401948 0.123094
1.304674 1.827664 0.003015
1.260904 2.716290 0.020864
1.861640 -2.032504 0.531443
3.058616 2.810980 0.024719
2.530413 2.589991 0.007475
1.229230 -0.094479 0.780234
-0.078075 -2.238456 2.997489
2.561886 0.649498 0.509541
2.856611 0.650837 1.102562
2.725768 0.646025 1.002860
2.856325 0.618797 1.361959
0.902093 -2.790762 2.988898
0.738222 -2.121126 2.997606
2.532772 0.717760 0.954935
2.697964 0.629327 1.102645
3.329091 0.670272 0.006198
3.205886 1.025391 0.006112
2.885351 0.637674 0.290888
3.458623 2.977533 0.037431
2.032585 1.691637 0.012746
1.006237 -0.057226 0.729673
1.069880 0.271436 0.004630
0.789479 2.346780 0.007329
0.196021 2.402650 0.499632
0.026396 2.296468 0.679216
-0.526624 -0.213782 1.276308
-0.234929 2.467154 0.005495
-0.339605 2.560407 0.015002
-0.309681 -0.050713 0.953302
-0.630261 1.475294 0.000331
-0.314496 0.022637 0.335245
-0.554121 -0.203808 0.676209
-0.448903 -0.186836 0.137791
-0.285924 0.033666 0.219992
-0.549485 -0.193391 0.660925
-0.427690 1.696584 0.002481
-0.666655 1.884531 0.009987
-0.583365 2.052436 0.010812
-0.493557 2.545592 0.012673
0.041965 2.308678 0.103531
-0.283083 0.046769 1.051697
1.118561 1.934317 0.007214
0.582043 1.999662 0.015291
0.193257 2.438165 0.549038
0.073048 2.304515 0.520222
-0.006533 2.299773 0.957684
-1.537759 2.851310 2.795533
2.040347 1.780545 0.013695
2.298735 2.394831 0.019697
1.669445 1.396378 0.443135
1.010276 -0.054935 0.868843
2.593952 0.648806 0.490784
2.981823 2.364595 0.000191
3.379773 2.896879 0.022510
3.035388 2.744032 0.016370
1.635524 1.380348 0.913966
1.852938 -2.030842 0.605876
1.063530 1.211499 2.780258
0.765592 -2.346645 2.973192
0.932234 -2.740063 2.985856
1.717462 -2.034431 0.855767
2.583812 0.643737 0.582454
0.335532 -1.842337 2.994306
3.162345 0.456233 0.003457
2.494046 0.915376 0.601141
-0.157322 -2.210371 2.999595
2.005213 0.578188 0.000017
2.279579 2.181090 0.010707
1.158520 -0.120406 0.114773
0.156123 2.327986 0.609666
0.071878 2.293317 0.693456
-0.290367 0.075974 1.392198
-0.296098 -0.082925 1.425105
-0.383487 2.650388 0.014986
-0.300954 -0.071909 0.899212
-0.301848 0.036693 0.766396
-0.522305 -0.200914 0.265144
-0.584539 -0.203918 0.720759
-1.223036 1.261062 0.003453
-1.364583 1.488905 0.000034
-3.361616 1.507535 1.733520
-3.475369 1.486940 1.845908
-3.386956 1.590298 1.625219
-1.800789 2.578150 0.009318
-0.612077 -0.200211 0.576507
-0.788419 2.619858 0.001403
-0.284105 0.070652 0.566061
-0.541344 -0.201522 0.947173
1.139308 -0.123807 0.154360
0.107562 2.231176 0.004414
-0.189209 2.007528 0.007354
-0.351067 2.486390 0.011213
-0.410584 -0.196340 1.080641
0.018165 -2.262206 1.448718
1.032719 1.992860 0.001139
0.858454 1.897357 0.005994
0.919372 2.851326 0.011073
-0.056505 2.328962 0.921737
-0.065654 2.321290 1.267199
2.814524 2.663338 0.012830
2.231163 2.292907 0.010286
1.223834 -0.123481 0.849962
-0.158994 -2.337202 2.997212
1.677811 -2.030504 0.841844
1.219326 -0.078251 1.100549
1.044687 -0.113287 1.268232
1.845978 -2.036689 1.068049
0.726122 -2.342261 2.978251
0.984399 -2.750652 2.988239
0.327619 -1.946764 2.989744
3.421557 0.837842 0.001047
3.434585 1.010202 0.002944
2.854935 0.638641 0.363622
1.247229 -0.099558 1.219682
1.750852 1.386019 0.247907
2.475422 2.584671 0.024337
1.605127 1.390755 0.482572
1.627005 -2.022283 0.167460
1.682021 -1.519979 0.000372
1.060049 -0.099287 0.173477
0.055098 2.292320 0.789344
-0.035271 1.620765 0.003889
-0.399223 2.417400 0.000520
-0.298387 0.065993 0.736993
-0.574765 -0.205693 1.103876
-0.301825 0.081614 0.198120
-0.318717 -0.196925 0.374462
-0.595916 -0.206623 0.173937
-1.156067 0.795523 0.001119
-3.401093 1.623042 1.506971
-0.620717 -0.135145 0.022758
-3.285827 1.692875 0.887418
-3.111634 1.530884 0.652766
-0.588190 -0.203760 0.305502
-3.353947 1.754911 1.194471
-3.278764 1.496587 1.378625
-0.299472 0.039432 0.108629
-0.579996 -0.210286 0.517328
-1.851401 2.447383 0.003476
-0.295214 0.067080 0.246426
-0.279171 1.477694 0.002999
-0.644155 1.895919 0.009368
-0.316661 -0.185607 0.626491
-0.424805 1.819484 0.002454
-0.858789 2.341116 0.008326
-0.615626 -0.211567 1.039208
0.723218 1.117430 0.000575
-0.283268 2.681986 0.022262
-0.305984 0.069623 1.045059
-0.315699 -0.194319 1.307368
0.052095 -2.276986 1.453513
1.549402 1.401131 0.133400
1.170216 2.711682 0.014338
0.141697 2.336483 1.191635
3.381106 2.841377 0.029112
2.971775 2.852255 0.019364
2.594300 2.369839 0.006029
0.010443 -2.384990 2.991484
0.172744 -2.730994 2.999589
1.646801 -2.029913 0.838555
0.960557 1.202757 2.805713
0.980005 -2.743333 2.986425
1.649348 -2.037373 0.857713
2.567507 2.179075 0.024409
2.349589 2.350359 0.020512
2.553523 2.745325 0.033726
1.232026 -0.118104 0.671379
1.204540 -0.121429 0.775641
-0.190957 -2.382113 2.983187
1.626783 -2.034733 0.275712
1.057708 1.233085 0.003204
1.186891 1.532341 0.006733
0.991406 1.937251 0.006725
0.999269 2.386659 0.017021
-0.037034 2.336821 0.826759
-0.295027 -0.148811 1.437089
-0.620178 -2.163832 2.987822
-0.435698 -2.404584 2.998506
-0.359404 2.252196 0.005473
-0.520417 2.648757 0.008544
-0.066581 1.531510 0.008414
-0.303808 0.072953 0.770514
-0.316446 -0.193851 0.889705
-0.586323 -0.209071 1.197046
-0.304838 -0.189027 0.248733
-0.322297 0.107597 0.100113
-0.460433 -0.204890 0.393498
-1.968741 2.848444 0.018126
-1.990865 2.742709 0.010520
-3.363811 1.519109 1.260134
-3.222824 1.485353 1.052153
-2.997515 1.531883 0.254035
-3.144275 1.532061 0.894206
-3.186461 1.559826 0.025386
-3.348947 1.494303 1.104718
-0.322894 -0.189170 0.261726
-0.616190 -0.207600 0.180692
-0.610193 -0.208417 0.797924
-1.742260 2.157745 0.007647
-2.072022 2.642574 0.014068
-2.039095 2.937104 0.018923
-3.342037 1.534482 1.669039
1.554747 -2.010561 0.179255
-0.214058 1.198663 0.002596
-0.385622 0.882354 0.000250
-0.182195 1.505033 0.007179
-0.323078 1.831269 0.005463
-0.684403 1.806257 0.003983
-0.671587 2.153575 0.017621
-0.650245 2.558663 0.018161
-0.878477 2.596774 0.019891
-0.462248 -0.196579 0.636492
-0.288903 0.094541 0.647930
-0.302683 -0.113837 1.109056
0.120046 -2.251698 1.441887
0.840543 1.619105 0.010598
0.698320 2.206241 0.015649
0.357496 2.680535 0.021347
0.040105 2.303312 0.548283
-0.384994 -0.200176 1.329263
-0.284890 0.098648 1.218477
-0.546817 -0.195496 1.439662
2.153720 1.824533 0.023379
1.799952 1.398789 0.079865
1.285894 2.447657 0.011421
-0.102639 -2.535062 2.986658
0.172003 -2.871166 2.996621
2.652232 2.189294 0.000246
2.653656 2.801832 0.006421
2.599104 0.642916 0.970891
0.281597 -2.019642 2.997491
1.009793 -2.687491 2.990897
0.037125 -1.624172 2.990290
0.258477 -2.061374 2.998326
1.868497 -2.021090 0.362566
1.874925 -2.029021 0.671538
3.315044 0.843825 0.001015
3.187954 1.124138 0.011041
2.332089 1.885478 0.014860
2.625174 2.225077 0.018042
2.300698 2.414069 0.019626
3.349476 2.961149 0.045388
2.935167 2.830299 0.038122
2.598312 2.758360 0.024354
1.910833 1.410693 0.249995
1.590808 1.397086 0.441906
1.254442 -0.096208 0.782874
-0.110876 -2.497435 2.987741
1.681431 0.566033 0.002348
0.063447 2.289701 0.811445
-0.533019 -2.162541 2.993025
1.709693 -1.475002 0.005283
0.120664 1.356198 0.002182
-0.438522 2.613955 0.010251
-0.284484 0.124916 0.746690
-0.323408 -0.199118 0.917043
-0.558586 -0.204272 1.079277
-0.595388 -0.211331 1.218088
0.053384 -2.261806 1.386376
-0.691687 -2.900072 2.997094
-0.339322 -0.199587 0.311642
-0.603012 -0.192650 0.559551
0.012883 -2.246439 1.013232
-3.229233 1.469570 1.102631
0.206155 -2.141576 0.663037
0.037891 -2.226805 0.859086
-3.448643 1.636519 0.284769
-3.135911 1.219714 0.003546
-3.351443 1.131813 0.001094
-0.372915 -0.190440 0.339044
-0.712319 0.083072 0.021204
0.193813 -2.159905 0.710402
-3.191227 1.488862 1.004616
-3.241242 1.473899 1.211892
-1.565220 1.603364 0.001774
-2.255099 2.561182 0.006079
0.030121 -2.248555 1.139494
-0.423402 2.428115 0.006450
-0.744701 2.217170 0.001246
-0.780074 2.766332 0.001835
-0.974796 2.681125 0.009185
-0.283194 -0.058350 0.597463
-0.563409 -0.192064 1.055057
0.194117 -2.151998 1.408079
1.887187 -2.028659 0.332991
0.010947 2.321657 0.932647
-0.285408 -0.028973 1.300617
2.982974 2.619985 0.010696
2.961467 2.827916 0.020174
0.110997 2.295667 1.343178
-0.044789 2.333607 1.511057
1.424669 -2.938328 2.981802
2.850212 0.653150 1.187184
1.857253 -2.036393 1.108222
2.876648 0.663395 0.662921
2.868141 0.654866 1.292966
-0.130182 -1.755966 2.999168
0.244136 -2.125827 2.982733
1.035500 -2.738860 2.992137
1.422060 -2.992097 2.970937
3.204314 2.556803 0.027571
2.710732 2.336334 0.017731
2.689688 2.581275 0.019424
0.043152 -2.602147 2.992280
0.238783 -2.876185 2.998158
2.042118 1.218077 0.011109
1.223425 -0.094804 0.302700
1.177533 2.338328 0.014539
0.070528 2.285446 0.879719
0.198260 2.356668 0.922274
-0.008809 2.316357 1.058793
0.138458 -2.236782 1.336906
1.835279 -1.282972 0.011996
0.768481 0.464552 0.001810
0.256860 1.307674 0.004881
0.307039 1.618902 0.003949
0.068912 2.181998 0.004648
-0.273301 2.816934 0.003864
-0.286825 0.036089 0.875318
-0.429878 -0.205707 0.452036
0.174530 -2.163581 0.999148
0.016973 -2.253429 1.001564
0.178606 -2.175037 0.816361
0.061046 -2.251708 0.698818
-2.938845 -0.092605 0.788797
-3.049528 -0.093522 0.638517
-3.041621 -0.206577 0.874190
-2.729111 0.077454 0.206362
-3.203430 -0.062971 0.720779
0.168795 -2.220040 0.682685
0.047007 -2.253570 1.059325
1.579396 -1.919305 0.238762
-0.581792 -0.198749 0.264443
-3.285745 1.484429 1.443970
-0.786073 1.986739 0.006054
-0.428353 -0.191256 1.048861
0.208540 -2.176494 1.310105
0.736973 1.328333 0.002742
0.578377 1.779997 0.003385
0.166245 2.277864 0.004503
-0.321410 2.342538 0.007000
0.042162 2.316366 0.261833
-0.502433 2.735653 0.019697
-0.260979 0.076107 0.984080
1.177706 2.658671 0.006209
0.147211 2.356775 0.973049
-0.085013 2.348547 1.174906
-0.085636 -2.593158 2.993228
3.012702 2.651713 0.004788
1.550016 1.533891 0.831297
1.554075 1.507304 1.383648
1.137885 -2.819119 2.995298
1.916566 1.382545 0.645949
0.651122 -2.336049 2.980423
2.618515 1.166402 0.071886
3.147138 2.572731 0.011572
1.268411 -0.110558 0.881957
0.186204 -2.991543 2.996583
3.225974 0.893428 0.003084
3.081396 0.976416 0.010560
1.915019 1.397187 0.244927
2.131673 1.812282 0.015520
0.195944 2.337479 0.937749
0.062328 2.269682 1.162650
0.658106 1.216419 0.003113
0.193054 2.418501 0.028643
-0.273622 0.129875 0.928384
-0.418964 -0.201915 1.162774
0.169067 -2.209013 1.327321
-0.439947 -0.206017 0.535282
0.050233 -2.242027 0.699423
-2.747506 0.064493 0.284915
-3.263028 -0.040621 0.737735
-3.033619 -0.123095 0.663762
-2.728687 -0.181965 0.213321
-3.304095 -0.093401 0.691855
-3.113573 -0.210136 0.629968
-2.780696 0.020386 0.303143
-2.982837 -0.110317 0.751321
0.052613 -2.243596 1.069306
-0.247462 0.124437 0.295790
-0.368696 -0.178145 0.553121
-2.079290 2.555048 0.004305
-2.385164 2.618447 0.009408
0.212148 -2.145344 0.915623
0.110204 -2.251720 1.342114
-0.341791 1.947618 0.008025
-0.711699 1.845689 0.005067
-0.678358 2.616113 0.015855
-0.806835 2.416159 0.011228
-0.251062 0.110006 0.633550
-0.553252 -0.192443 0.932575
1.562974 -1.800947 0.323979
1.557428 -1.699607 0.432858
0.483305 1.266920 0.005086
0.423979 2.801606 0.022620
0.098751 2.939013 0.024306
0.023404 2.295124 0.420730
-0.378561 -0.208335 1.294311
0.196194 -2.924762 2.995253
2.828932 2.809491 0.016884
1.551853 1.578306 0.218251
1.551742 1.626454 0.628886
0.020890 2.282578 1.032130
0.144463 2.333112 1.507677
-1.164958 2.327742 2.787776
2.527199 0.745761 0.629539
1.546662 1.459120 1.024957
0.200929 -2.070477 2.998793
0.483831 -2.342236 2.998371
1.516624 -2.965072 2.984702
1.214901 -0.101793 1.432149
1.079284 -2.663425 2.994995
2.567068 0.647741 0.358354
1.928164 1.386622 0.880969
1.255727 -0.109157 0.714152
2.869371 0.664026 0.138727
2.432254 1.282829 0.001429
1.804850 1.398218 0.063126
2.180378 1.936807 0.011065
1.909610 1.398603 0.299579
2.458707 2.678698 0.021083
2.147861 2.169463 0.001706
2.389342 2.815758 0.034362
0.170463 2.358442 1.011516
0.029451 2.283134 1.142823
0.138706 2.304472 1.297411
0.242949 -2.943684 2.997154
1.808701 -2.031760 0.152621
1.555120 -1.919175 0.172521
1.062847 -0.062033 0.113529
0.713440 1.243812 0.000428
1.026944 1.502971 0.008318
0.022611 2.326234 0.408686
-0.258199 0.096744 1.058115
-0.371461 -0.193807 1.275909
-0.165198 -2.659331 2.985110
-0.270427 0.073604 0.403773
-0.745713 1.894066 0.010090
-0.388403 -0.195893 0.634473
-0.411110 -0.192260 0.018968
-2.056315 1.748521 0.008626
0.075924 -2.243463 0.705401
-2.779224 0.063363 0.312867
-3.064728 -0.186858 0.858431
-3.199461 -0.079110 0.781959
-3.081364 -0.067093 0.563775
-2.804533 -0.237650 0.157217
-3.226526 -0.049081 0.324613
0.202160 -2.150443 0.391042
-2.978992 -0.158259 0.297891
-2.749164 0.006191 0.268201
-3.132570 -0.127555 0.371592
-3.096693 -0.018528 0.381459
-3.239288 -0.054559 0.757978
-2.963497 -0.083362 0.822895
1.578179 -1.884205 0.105192
-2.053444 1.636101 0.009902
-0.253919 0.104651 0.200352
-0.411955 -0.180341 0.582428
-1.596371 1.847900 0.001386
-1.914865 2.277353 0.008289
-2.309347 2.816476 0.013230
0.207981 -2.138750 1.041480
0.060932 -2.238675 1.294278
1.564025 -1.840112 0.223844
0.355828 1.230452 0.001499
0.414782 1.625788 0.001169
0.211759 2.114052 0.007550
-0.113345 2.316326 0.004108
-0.159317 1.902476 0.001272
-0.487265 2.595685 0.012863
-0.386227 1.899372 0.003916
-0.571263 2.272093 0.006176
-0.778629 2.678048 0.016032
-0.301985 0.079622 0.890935
-0.302506 -0.193851 0.791182
-0.463075 -0.200393 1.245681
0.145198 -2.242203 1.361024
1.700720 2.804704 0.016179
1.272066 2.862732 0.017807
0.906234 2.904105 0.017471
2.869774 0.647179 0.499947
2.791586 2.580614 0.008559
0.037823 2.271299 1.449589
1.237271 -0.092027 1.319637
-0.162662 -1.916695 2.992394
1.080246 -2.635113 2.987582
1.517364 -2.845437 2.978641
2.541071 0.823052 0.601107
1.259777 -0.093873 1.389911
3.240434 2.711212 0.041033
2.623156 2.357936 0.012935
2.539547 2.770322 0.007484
2.121140 2.225387 0.001977
0.342048 -2.852850 2.986006
1.208257 -0.123999 0.180888
1.181401 2.471337 0.016048
0.740925 2.619664 0.007550
0.224691 2.362143 0.286850
0.201858 2.362136 0.404537
-0.026121 2.348718 0.705143
-0.263693 -0.088976 0.666001
-0.264344 0.086356 1.283195
-0.548218 -2.543802 2.996252
-0.056702 -2.750692 2.969451
0.292819 -2.938162 2.989729
1.558366 -1.931672 0.118676
-0.682690 2.204245 0.004266
-0.915535 2.901248 0.007049
-0.469489 2.124223 0.004621
-0.256548 0.092468 0.547803
-0.359943 -0.191955 0.765448
-0.551274 -0.204962 0.954061
-0.274138 -0.118498 0.055391
-1.743129 1.768332 0.000040
-2.071052 2.187626 0.003074
-2.467472 2.699749 0.006903
-2.069462 1.821815 0.248473
-2.880758 2.905829 0.183880
0.189239 -2.162697 0.937072
0.026538 -2.253328 0.950394
0.059898 -2.253909 0.643814
-2.762088 0.043502 0.293470
-3.075944 -0.091148 0.611567
-3.345282 -0.087144 0.771562
0.204716 -2.180733 0.400133
-2.861623 -0.312067 0.066648
-3.273218 -0.341359 0.290639
0.207586 -2.180315 0.344798
-3.102840 -0.327926 0.251220
-2.820174 -0.137887 0.306313
-3.321790 -0.143334 0.315595
-3.068300 -0.046334 0.564702
-3.280445 -0.066619 0.740093
0.051734 -2.246681 0.976479
-0.260077 -0.030703 0.052193
-0.528270 -0.186758 0.350308
-2.259422 1.619182 0.081790
-1.995607 1.893143 0.255502
-2.450503 2.894106 0.002127
0.215612 -2.155008 0.972957
0.060867 -2.249277 1.188146
-0.108391 1.347876 0.001586
-0.605435 1.848070 0.009505
-0.535460 2.144855 0.008874
-0.717149 2.492065 0.011601
-0.862459 1.923305 0.008227
-0.293879 0.035520 0.553244
-0.454596 -0.198085 1.286130
-0.597255 -2.475463 2.996764
-0.205452 -2.945822 2.996064
1.148652 -0.121851 0.453991
0.851767 2.494510 0.009979
0.119115 2.329988 0.516607
-0.296454 0.057233 1.334202
0.977553 -2.883627 2.993741
2.550856 0.906690 0.098851
2.904906 2.703375 0.014454
2.930657 2.983431 0.022180
1.687479 1.399170 0.170732
1.250580 -0.063185 0.743124
0.017609 2.288698 1.384627
-1.417897 2.787213 2.775329
2.644513 0.647962 0.811613
2.553309 0.716556 0.828229
1.910442 1.425504 0.617314
1.252057 -0.057292 1.153452
0.262983 -2.156517 2.995925
1.153025 -0.144879 1.106374
0.629365 -2.223985 2.998827
1.124388 -2.612423 2.986937
1.513565 -2.778784 2.963337
1.936870 1.399970 0.799596
1.818381 -2.984619 2.990613
3.307589 2.826375 0.042499
2.678411 2.103771 0.011581
2.626028 2.254214 0.011238
2.411479 2.985105 0.021266
1.909392 1.401219 0.308933
0.163386 2.323101 1.360560
2.348230 0.811221 0.001391
2.585233 1.071131 0.050065
1.959066 1.414680 0.006078
1.589797 1.693723 0.095704
2.105161 2.035846 0.017742
1.715020 -2.033694 0.475922
-0.654838 2.802578 0.014486
-0.456641 2.830833 0.016807
-0.292274 0.050343 0.801614
-0.293841 -0.023340 0.178994
-0.584127 -0.204920 0.475442
-2.121334 2.672325 0.025970
0.053013 -2.272169 0.992782
-2.114052 -2.356452 2.999204
-2.952412 -0.078712 0.790619
-2.997263 -0.128950 0.879544
-3.317959 -0.112400 0.298075
-3.027543 -0.177141 0.803156
-3.288180 -0.084160 0.776365
-2.886138 -0.333433 0.279499
-3.371637 -0.283679 0.122667
0.196567 -2.160955 0.358061
-2.943682 -0.497968 0.014483
-3.406569 -0.274759 0.004044
-3.135459 -0.129038 0.467068
-2.969894 -0.313894 0.287665
-2.917359 -0.046967 0.802221
-2.989906 -0.079671 0.887695
-0.548753 -0.182066 0.002315
-2.337350 1.615870 0.024301
0.061496 -2.250121 1.055333
1.853391 -2.011151 0.108276
1.555751 -1.820833 0.133814
-0.423921 -0.196913 0.178190
-2.382539 2.845890 0.007938
-2.100569 1.732151 0.285223
0.160481 -2.233219 1.351028
1.192196 -0.101347 0.027058
-0.115428 2.638928 0.014612
-0.477503 2.284494 0.006226
-0.462375 2.764774 0.018443
-0.514148 1.886033 0.004224
-0.931754 2.635366 0.015866
-0.300971 0.066103 0.604483
-0.120653 -2.738179 2.992337
1.571034 1.412120 0.226924
0.120098 2.332752 0.341383
0.181401 2.398796 1.084626
0.071634 2.300331 0.584573
1.586521 1.392694 0.684295
0.121826 2.289102 1.367645
-0.038456 2.331284 1.282341
0.202384 -2.167808 2.978649
0.137386 -2.377193 2.994035
0.512906 -2.655722 2.997331
1.642375 -2.879858 2.932150
2.695561 0.662191 0.509396
1.542873 1.626957 0.684232
1.233255 -0.095023 0.733136
1.213085 -0.105317 1.286518
0.566197 -2.210143 2.996987
3.188836 2.719874 0.020537
3.122669 2.851621 0.018215
0.093355 2.275947 1.454389
1.795472 -2.029935 0.874702
2.953853 0.788955 0.031646
2.065371 1.822156 0.017500
2.315406 2.634482 0.031167
1.553975 1.602142 0.353046
0.238342 -2.982638 2.982323
1.718946 -2.037488 0.515955
1.561238 -1.800756 0.184275
1.457617 0.533374 0.001372
0.231220 2.621480 0.018742
-0.283307 0.063698 0.879229
0.070292 -2.267338 1.299761
-0.588553 -0.206354 0.603592
-0.280862 -0.184117 0.404346
0.183625 -2.162485 0.850499
-2.758005 0.097507 0.293983
-2.995372 -0.118193 0.723768
-3.019681 -0.132268 0.902799
-3.106968 -0.221579 0.892693
-2.482925 -2.700098 2.997142
-2.944532 -0.345165 0.263569
-3.339575 -0.225366 0.324038
-2.886841 -0.830635 0.027212
-3.376600 -0.623619 0.004358
-3.299623 -0.965874 0.416462
-3.477741 -0.672663 0.279751
-3.335862 -0.529591 0.059539
-3.334529 -0.249277 0.286566
-3.137722 -0.943928 0.484256
-2.813000 0.095665 0.125419
-3.124814 -0.140391 0.534139
-2.997235 -0.172383 0.850289
-0.598152 -0.197961 0.134764
-2.565661 1.700135 0.060384
-3.050611 2.650044 0.167800
1.088575 -0.108320 0.052238
-0.222515 0.917466 0.001088
-0.286455 0.103171 0.402224
-0.797559 2.150758 0.014665
-0.660267 1.571504 0.001401
-1.000526 2.480910 0.015406
-0.288616 -0.122655 0.404047
-1.236081 2.868238 0.017457
-0.294321 -0.199781 0.950443
-0.589467 -0.202461 0.568690
-0.538258 -0.204414 0.829860
0.831437 1.518185 0.006266
0.643712 1.294233 0.000548
-0.296325 0.029901 1.188664
-0.302674 -0.193321 1.162122
-0.463504 -0.204929 1.411912
-0.295351 -0.196448 1.250697
-2.935082 2.742085 2.858056
0.942508 -2.893463 2.999533
2.746291 2.507648 0.004406
2.621348 2.769231 0.001114
2.135590 1.911362 0.008375
1.734687 2.873201 0.010470
1.235358 -0.073742 0.414896
1.163103 2.839286 0.007746
0.019465 2.305250 0.952796
0.058596 2.288145 0.715932
0.050505 2.279566 1.353427
1.993171 -2.973209 2.972903
1.694526 1.363730 1.332111
0.219652 -2.213618 2.981692
1.509500 -2.749272 2.979226
1.853331 -2.080991 1.157333
0.606518 -2.270137 2.996556
1.063658 -2.570145 2.983242
3.084736 2.571708 0.014643
2.887949 2.650860 0.025831
0.012027 2.286457 1.343009
0.699009 1.984386 0.007758
0.350554 2.165948 0.007783
-0.287405 -0.136561 1.059902
-0.281164 -0.072024 1.122369
-0.487756 -0.200994 1.272528
-0.352902 -0.193497 1.198582
0.089699 -2.265378 1.310728
-0.079898 -2.842907 2.977247
1.550203 -1.759585 0.115305
-0.287310 -0.055457 0.504481
-0.783375 1.840215 0.011902
-0.962496 2.197935 0.004757
-0.945456 -2.478195 2.993290
-2.487841 1.584603 0.158058
-2.988402 2.206833 0.013207
-2.079146 -2.314986 2.998959
-1.541392 -2.735570 2.997884
1.806445 -2.028470 0.024522
-2.139665 -2.695227 2.989921
-2.849263 -0.289639 0.020682
-3.121151 -0.895890 0.266125
-3.330608 -0.344555 0.288623
-3.203459 -1.037213 0.523044
0.049991 -2.266629 0.609236
-3.230161 -0.816195 0.237332
-3.356051 -0.564917 0.216022
-3.355865 -1.151344 0.393804
-3.215750 -1.068519 0.501247
-3.308761 -0.286078 0.043726
-2.769148 -0.099447 0.285220
-3.071648 -0.277331 0.295774
1.787463 -2.028929 0.044494
-0.571116 -0.196367 0.151726
0.177079 -2.204920 0.759920
-0.290139 -0.022832 0.505044
-2.063212 1.799976 0.051200
-2.118015 2.237731 0.007044
-2.145868 1.595422 0.249222
-2.357949 2.872808 0.013027
-2.390172 1.605613 0.240933
-3.003575 2.693754 0.168407
-3.240199 2.604708 0.183619
-0.308069 2.521969 0.005525
-0.605034 2.485831 0.004759
-0.954951 2.571968 0.006547
-0.312496 -0.190207 0.806223
-0.547632 -0.205169 0.797346
2.631826 1.130101 0.045510
1.575089 1.476571 0.224033
1.211375 -0.114644 0.325340
0.153385 2.334085 0.137542
0.154768 2.348477 0.541410
0.166983 2.368021 0.738076
0.080507 2.294909 0.593580
0.023875 2.311042 0.829265
-0.284069 0.006410 1.207024
2.556842 0.644316 0.293120
3.246131 2.807281 0.017046
2.858055 2.991551 0.033288
0.184185 2.340597 0.894416
-0.038662 2.307940 1.451621
0.195394 -2.170503 2.982658
0.182071 -2.378412 2.998395
1.652911 -2.773020 2.973135
2.047909 -2.938798 2.986452
1.909831 1.382084 0.809100
1.153653 -2.557716 2.989697
0.201491 2.354035 1.225698
2.862938 -1.029811 0.902705
2.246484 2.854341 0.008430
1.265801 -0.094727 0.929690
2.669421 0.649577 0.152924
2.324371 2.296848 0.031177
1.551624 1.415777 0.142952
0.809462 1.965175 0.001507
0.147318 2.337554 0.248233
0.205959 2.374143 0.482695
0.043046 2.301075 0.677455
-0.280429 0.095049 1.103267
-0.299533 1.965500 0.005290
-0.808219 2.134640 0.001183
-1.079367 2.982538 0.012501
-0.319438 -0.193620 0.740665
-0.820553 2.737805 0.013178
-0.595184 -0.212915 0.886693
-0.509245 -2.654794 2.995260
-0.303180 -0.192113 0.126529
-0.584817 -0.216672 0.241282
-2.057796 1.771693 0.013824
-2.271722 1.584742 0.265941
-3.125055 2.607640 0.192265
-2.461495 1.691483 0.326524
0.074677 -2.273310 0.557962
-2.168720 -2.738172 2.994660
-2.784176 -0.273709 0.161867
-3.313623 -0.184100 0.341011
0.165233 -2.123489 0.189016
-3.312476 -0.519295 0.007673
-3.447547 -0.699074 0.279322
-3.191964 -0.890594 0.293229
-3.198399 -1.051257 0.536597
-3.145567 -1.021410 0.071245
-3.301105 -1.238482 0.415059
-3.292945 -1.223178 0.360421
0.102592 -2.257117 0.628387
-3.146567 -0.880611 0.300550
-3.387829 -0.830207 0.032458
-3.431146 -0.482751 0.267619
-3.311568 -0.378032 0.081040
-3.155957 -0.942858 0.476861
-2.766674 -0.304460 0.243324
-3.381866 -0.204338 0.303839
-3.313311 -0.094873 0.726338
-3.071999 -0.171440 0.648448
1.892769 -1.995017 0.156181
-0.637347 -0.127541 0.080486
-2.102990 1.593091 0.031749
-2.335020 1.593052 0.004957
-2.882921 1.834719 0.007617
-3.071189 1.699817 0.031449
-2.314055 1.592844 0.172200
-0.296170 -0.111004 0.502398
-1.263575 2.785722 0.009537
-0.496743 -0.202803 0.477325
-0.580544 -0.206900 0.848521
-0.115643 -2.885691 2.993068
2.869809 -1.047881 0.428382
1.856398 -2.046577 0.939222
1.232955 -0.072331 0.368909
0.167723 2.419349 0.362933
-0.117534 2.142401 0.010335
-0.292903 2.488981 0.003508
-0.402572 -0.199981 1.335511
2.866505 -1.042331 0.868738
2.870605 -1.037271 0.721393
2.341107 2.311366 0.011767
1.558913 1.531042 0.286565
-0.030096 2.306509 1.134424
-0.295659 -0.024624 1.412194
1.683583 -2.691767 2.940660
2.043541 -2.834175 2.981821
2.603070 0.642254 0.998943
2.542931 0.644447 0.994760
1.048633 -0.100475 1.306918
1.162441 -2.604076 2.988829
1.233899 -0.086934 1.253132
-0.246861 -2.127304 2.999713
0.176939 -2.200026 2.995686
2.854460 -1.027112 0.777435
2.366256 2.291083 0.019027
1.535737 2.187566 0.007367
0.153997 2.388853 0.549711
0.089243 2.299768 1.014174
-0.294424 -0.166257 1.409732
1.166559 -0.107221 0.090200
0.430043 1.155344 0.000555
-0.187265 2.500040 0.016494
-0.689629 2.983806 0.021705
-0.197287 2.899210 0.030644
-0.292002 -0.162902 0.366475
-0.275771 0.110088 0.841133
-0.514499 -0.206570 1.059732
1.547001 -1.807201 0.138529
-0.338558 -0.205078 0.331484
-2.352092 2.799990 0.005467
-2.018629 -2.470735 2.995744
-2.107567 -2.813005 2.996500
-2.774231 -0.203957 0.294128
-3.075517 -0.081030 0.328302
-3.241383 -0.153373 0.695261
-2.989979 -0.483099 0.003535
-3.358880 -0.344907 0.011317
-3.397812 -0.530541 0.265757
-3.148932 -0.894231 0.433373
-3.185072 -0.999901 0.143140
-3.309094 -1.216660 0.467459
-3.297176 -1.202310 0.435131
-3.250510 -1.114394 0.024577
-3.311971 -1.302271 0.301180
-3.134011 -0.879401 0.391379
-3.292404 -0.413501 0.093833
-3.263326 -1.185253 0.444497
-3.394358 -0.661417 0.251497
-2.815200 -0.253001 0.288557
-3.240256 -0.215559 0.298880
-3.163651 -0.222907 0.631212
-3.071753 -0.145171 0.647511
1.887769 -1.997895 0.078154
-2.886907 1.595848 0.001623
0.113371 -2.266440 1.279615
-0.291739 -0.013746 0.553322
-0.561500 -0.196557 0.420441
-1.929985 2.113724 0.000187
-2.060782 1.830251 0.074714
-2.266408 2.501993 0.002654
-3.011646 2.717170 0.191652
-2.360935 1.608301 0.251690
-3.345073 1.928804 0.804902
0.047487 -2.819417 2.988873
2.845550 -1.056254 0.216467
-0.230070 2.667933 0.005882
-1.155816 2.551718 0.000718
-0.290170 -0.031824 0.888249
-0.602870 -0.195627 0.885884
0.408710 -2.991877 2.990815
2.887410 -1.061160 0.686182
2.865279 -1.052017 0.557600
2.615627 0.644596 0.274228
1.979991 1.729915 0.012643
1.135117 -0.125610 0.303990
1.000344 2.291952 0.011065
0.157790 2.426098 0.579329
-0.307022 -0.081534 1.153055
-2.474831 2.603928 2.829215
0.605199 -2.673742 2.999497
1.055767 -2.819966 2.999723
2.175496 -2.882960 2.977882
2.642420 0.645571 0.515899
0.159546 2.347702 1.293229
1.634792 -2.725669 2.979487
1.217991 -0.098841 1.192112
1.134668 -2.516260 2.988330
2.855035 -1.046110 1.373663
1.836905 -2.741059 2.992025
2.131345 -2.800964 2.994040
2.576428 0.641419 0.239422
2.622669 1.214006 0.074885
1.656458 2.632156 0.020209
1.573622 2.811040 0.015812
1.412934 1.447025 0.002389
1.548984 1.411480 0.741416
0.183860 2.359804 0.648653
0.036019 2.284650 0.921039
0.211665 2.385279 1.128917
0.136330 -2.210729 2.988434
2.799178 -1.047551 0.275850
1.998636 1.642143 0.012851
1.531578 1.976842 0.016075
1.451163 2.062150 0.015625
0.805825 2.893708 0.025864
0.156093 2.600913 0.038462
-0.298100 -0.055002 1.088473
-0.522955 -0.206678 1.215095
-0.302840 -0.079590 0.427690
-0.820628 1.786125 0.005236
-1.011347 2.017465 0.006921
-0.471584 -2.785623 2.989450
-3.156659 1.841965 0.203156
-3.010227 1.523714 0.340764
0.048896 -2.265089 1.149889
-1.885251 -2.307396 2.999161
-2.573267 -2.770832 2.999893
-2.144027 -2.855026 2.999706
-3.381982 -0.300471 0.094585
-3.334148 -0.518767 0.157334
-3.255855 -1.122374 0.261495
-3.214431 -1.102816 0.279524
-3.298267 -1.643968 0.439036
-2.904310 -0.261635 0.016691
-3.031389 -0.406361 0.066680
-3.386997 -0.308649 0.293162
1.927329 -1.978883 0.195043
0.116884 -2.261950 0.745010
-2.766572 -0.250862 0.261979
-3.169704 -0.116149 0.712354
-2.072181 -2.723168 2.997223
-2.405854 1.613158 0.010673
-2.911066 1.787311 0.019304
-3.258770 1.938290 0.341210
1.556730 -1.879367 0.456016
-0.849217 1.845155 0.003915
-0.596532 -0.201384 0.447354
-2.194937 2.380054 0.001416
-2.593640 2.827513 0.008756
-0.583491 -0.206850 0.758695
-2.072197 1.803832 0.266469
-2.888737 2.870274 0.197325
0.012923 -2.896331 2.995744
2.894976 -1.059583 0.455347
1.506598 1.373890 0.001531
0.511598 1.302036 0.000672
0.134300 2.410028 0.041797
-0.034081 2.323696 0.483260
-0.609960 2.435079 0.000516
-0.294742 0.094018 0.797117
-0.358110 -0.200763 0.844028
-0.607589 -0.223863 1.175458
-0.397678 -0.208407 1.398682
2.852652 -1.043351 1.028923
2.817808 -1.039410 0.741586
2.404146 2.270972 0.002963
2.141525 2.404351 0.006479
0.879001 2.753705 0.004236
1.633129 -2.679642 2.975532
2.127513 -2.742574 2.968069
2.864019 -1.053167 1.371253
2.825569 -1.044804 1.308115
1.210363 -0.104099 1.147058
0.159574 2.312444 1.212218
0.529881 -2.240055 2.992515
2.045151 -2.751228 2.990168
3.034096 2.966491 0.005266
0.079421 -2.575647 2.990972
2.846253 -1.036025 0.692858
2.768686 -1.032191 0.774556
2.757881 2.225042 0.016613
2.272740 2.236872 0.014503
2.092962 2.288940 0.014700
0.613215 2.827279 0.014082
0.143107 2.771737 0.016840
0.025088 -2.939508 2.979271
-0.295783 -0.180582 0.532916
-0.697066 2.250417 0.009543
-1.091874 2.535973 0.009396
-0.882799 2.485660 0.009544
-1.090162 2.752368 0.009555
-0.413388 -0.195834 0.723745
2.768739 -1.030520 0.070560
-0.453200 -0.195929 0.083710
-0.530491 -0.192259 0.184832
-3.404675 2.547684 0.004530
-3.183341 1.824080 0.367854
-3.052805 1.523654 0.515995
0.076311 -2.269128 1.171601
-1.878070 -2.351882 2.996242
1.745569 -2.037236 0.309320
-3.076355 -0.183264 0.661506
-3.058142 -0.235328 0.885983
-3.371009 -0.084178 0.726031
-1.984143 -2.779065 2.996315
0.141557 -2.108015 0.212706
-3.136538 -0.469849 0.025036
-3.270779 -1.307117 0.248386
-3.270029 -1.936668 0.436719
0.100645 -2.276748 0.568132
-3.499377 -1.304466 0.296454
-2.902416 -0.808969 0.001223
-3.441208 -0.690681 0.057585
-3.273100 -1.104202 0.452427
-2.897307 -0.615764 0.049741
-3.443853 -0.398571 0.250789
-3.311557 -0.292777 0.071342
-2.864239 -0.211810 0.128439
-3.018140 -0.130828 0.781202
-0.321939 -0.195579 0.516327
-2.070111 1.611978 0.235016
-2.944678 1.909791 0.011797
-3.250966 2.601387 0.172097
-3.179771 1.863301 0.201718
-3.115747 1.512909 0.627676
-3.258122 1.813943 0.706097
-3.190860 1.509166 1.053204
-0.507143 -2.860547 2.997561
2.895880 -1.069642 0.406384
-0.677019 2.907255 0.004274
-1.074107 2.860127 0.000480
-0.360402 -0.191309 0.858280
-0.445118 -0.189981 0.807884
-0.430523 -0.199884 1.105966
0.141231 -2.597980 2.993792
0.107798 -2.889802 2.990462
1.603947 2.604570 0.000891
1.229411 -0.075057 0.280522
-0.299467 0.074283 0.902782
0.159855 -2.315316 2.986974
2.839970 -1.046156 1.422629
2.889962 -1.053241 1.155020
0.172793 2.370619 0.841615
1.730670 -2.644854 2.964922
1.238576 -0.076172 0.996899
0.583405 -2.286118 2.999096
2.859423 -1.031940 1.413416
1.033039 -0.080359 1.098984
0.143583 -2.084293 2.999696
0.146790 -2.316084 2.981816
2.182877 -2.694647 2.999773
1.440592 2.093469 0.004938
-0.360501 -0.202622 1.222070
0.850193 1.213233 0.004164
0.322081 1.298527 0.001541
-0.141970 1.853030 0.000376
-0.427665 2.208156 0.004655
-0.483606 2.665281 0.024261
-0.871794 2.407506 0.004656
-1.311087 2.991255 0.014062
-0.488683 -0.193135 0.345450
-0.483006 -0.200471 0.807698
0.103908 -2.269799 1.218211
-1.681127 -1.533003 2.998062
0.076030 -2.902704 2.951767
-0.301869 0.128348 0.029447
-2.033635 1.870624 0.005026
-2.165974 1.609948 0.234397
-2.402586 1.603760 0.261275
-3.201021 2.605381 0.230596
-3.143220 1.508691 0.833984
-3.158232 2.606261 0.218054
-3.279294 1.867585 0.705174
0.172910 -2.208207 0.854598
-0.463102 -2.936598 2.983401
1.713030 -2.040581 0.435669
-3.008482 -0.112153 0.882978
-1.983016 -2.847536 2.993319
-1.479528 -2.999484 2.998658
0.124309 -2.271654 0.686805
-3.131212 -0.188980 0.008923
-3.018217 -0.385942 0.051824
-3.359711 -0.412284 0.274408
-3.346726 -0.476693 0.259146
-3.189582 -1.132066 0.078754
-3.322865 -1.273027 0.378717
0.163125 -2.232324 0.229706
-3.345872 -1.704986 0.358266
-3.434636 -1.886092 0.617550
-3.347539 -1.873230 0.132827
0.178324 -2.158551 0.307649
-3.157869 -0.905244 0.254187
-3.148842 -0.525613 0.001097
-3.406910 -0.697641 0.113494
-2.818732 -0.335890 0.208005
-3.158206 -0.351076 0.208162
-3.138933 -0.214407 0.575952
-0.287666 0.067778 0.023803
-2.937881 1.545848 0.082124
-3.313349 1.661739 0.014351
-3.300781 1.527227 0.309833
2.884171 -1.067239 0.279093
-0.542360 -0.195378 0.408912
-2.047399 1.746715 0.016523
-2.052100 1.928683 0.304190
-2.300519 1.611289 0.259733
-3.032976 2.752145 0.246336
-3.183836 2.623761 0.186133
-3.290898 1.791637 1.058388
-3.257830 1.514403 1.429383
-3.396611 1.698521 1.601446
0.101079 -2.986079 2.988792
2.858452 -1.057522 0.750258
1.633399 -2.039836 0.725635
1.056520 -0.105857 0.119753
-0.033475 2.334564 0.276724
-0.233558 2.134935 0.001506
-0.552912 2.583568 0.000341
-0.290632 0.099873 0.685884
1.778456 -2.040123 1.078159
-0.038602 2.345615 0.576164
-0.008316 2.294959 1.241932
0.042414 2.277850 0.783920
1.721260 -2.588771 2.966382
2.026827 -2.622881 2.968578
1.682778 1.362957 1.069664
1.033523 -0.101007 1.105003
1.145224 -2.476977 2.990949
1.242307 -0.037513 0.753637
0.172439 2.352956 1.182308
-0.038461 2.297220 1.270147
0.171702 2.370020 1.423161
-0.382066 -2.321067 2.997254
0.740741 -2.415575 2.978336
0.985693 -2.495597 2.988935
1.704912 1.399983 0.084304
0.839224 2.968993 0.028918
1.658468 -2.038008 0.630476
2.557851 1.017840 0.073539
2.192289 1.757819 0.019618
1.515893 2.598000 0.037526
0.058798 1.675797 0.000196
0.212232 2.411613 0.235323
0.222297 2.038356 0.007229
0.162915 2.743406 0.024694
-0.154435 2.476646 0.011356
-0.341999 2.163331 0.001998
-0.462968 2.884421 0.011276
-0.294000 -0.050085 0.785894
0.174133 -2.204462 1.450240
-0.908915 -2.166037 2.996151
0.132052 -2.905935 2.995149
-0.323925 -0.199233 0.420200
-0.623010 -0.212206 0.424819
-0.270746 0.105379 0.279692
-2.047448 1.757521 0.129290
-2.089949 1.652852 0.210893
-2.039936 1.870329 0.273064
-2.163151 1.602055 0.284310
-2.248116 1.813172 0.290215
-3.247199 1.641878 1.052124
-3.337100 1.891675 0.966325
-1.756755 -2.097332 2.997958
-0.369452 -2.928910 2.983912
0.158633 -2.211145 0.916221
-2.783778 -2.260156 2.999299
-1.845094 -2.776109 2.998111
-3.156407 -0.334252 0.233466
0.081349 -2.277548 0.528831
-3.256084 -0.941806 0.012999
-3.274245 -1.091602 0.199410
0.143297 -2.253917 0.247336
-3.286937 -1.843709 0.374885
-3.359582 -1.968344 0.534446
-3.465180 -2.140080 0.142840
-3.357249 -1.600747 0.069819
-3.270977 -1.117390 0.310400
-3.231582 -1.845358 0.370531
-3.307809 -1.654660 0.477748
-3.176004 -0.973585 0.459874
1.926031 -1.973818 0.255051
-1.853392 -2.851243 2.998236
2.782587 -1.045722 0.023232
-3.131446 1.777506 0.181211
-3.045667 1.582480 0.064832
-3.021799 1.513621 0.299587
-3.456453 1.578112 0.306446
-3.053304 1.539239 0.493044
0.059238 -2.270021 1.204865
2.784713 -1.029176 0.619944
-0.466661 2.078020 0.003748
-0.918087 2.584268 0.014519
-1.134102 2.890147 0.001163
-0.300313 0.026506 0.370410
-1.402375 2.571141 0.005694
-0.301771 -0.094457 0.305637
-0.316809 -0.192072 0.470855
-2.514756 2.797923 0.001103
-2.124023 1.808297 0.303103
-3.289116 1.490803 1.313693
-3.367628 1.488885 1.799942
0.112270 -2.273387 1.352972
0.135342 -2.782416 2.999556
1.618564 -2.042803 0.930699
2.006351 1.819886 0.008181
1.552985 2.905967 0.005102
0.100083 2.902613 0.019858
0.040933 2.294214 0.611305
-0.574926 2.837882 0.007756
2.073169 -2.538814 2.981114
2.777910 -1.038520 1.419814
1.545659 1.489801 0.946832
1.555797 1.607584 0.517731
0.030299 2.289367 1.229772
1.090726 -2.512621 2.990159
1.684140 -2.461524 2.992369
1.545340 1.413434 0.550399
1.225493 -0.046767 1.124179
0.155282 -2.132758 2.998355
0.154967 -2.762991 2.992167
0.640737 -2.520984 2.971400
1.763500 -2.440141 2.999737
-0.049622 2.299138 0.587970
-0.281958 0.102531 1.070394
-0.327274 -0.207126 1.188010
2.690021 -1.041204 1.114283
2.463688 2.767046 0.014859
2.393241 1.330211 0.008358
2.094166 2.480726 0.028778
1.397138 2.366827 0.023378
-0.301055 -0.085591 0.793122
2.699546 -1.027984 0.720297
0.832812 0.595914 0.000428
-0.233108 1.517814 0.013692
-0.298884 -0.100173 0.327048
-0.717043 1.619084 0.005706
-0.758346 1.944404 0.016838
-1.030682 1.892296 0.012055
-1.091141 2.248883 0.017413
-0.614297 -0.220942 0.524112
-2.097442 1.795301 0.285254
-2.957833 2.869663 0.197615
-3.236370 1.548219 1.278984
-3.376771 1.854529 1.115607
-3.351970 1.814519 1.209376
-1.756525 -1.866612 2.996778
-2.192099 -1.707211 2.999470
-1.318855 -2.373293 2.991335
-0.264198 -2.991053 2.968087
3.205662 -0.648450 0.059168
0.164319 -2.230847 0.964221
-2.266491 -2.276460 2.995755
-1.806433 -2.623595 2.994318
-2.286792 -2.470226 2.997955
-1.308245 -2.974328 2.999600
1.556632 -1.756740 0.166995
-3.247290 -0.277015 0.294662
-2.405873 -2.971461 2.997238
1.899166 -1.986676 0.215524
0.125211 -2.273204 0.264128
-3.237967 -1.085378 0.025576
-3.309028 -1.312109 0.268185
0.095893 -2.273172 0.193798
-3.397412 -1.803140 0.055530
-3.477177 -2.114742 0.528744
-3.319269 -1.592281 0.303188
1.887734 -1.994149 0.261114
0.126944 -2.257503 0.933384
-2.908647 -0.787230 0.003411
-3.390183 -0.665952 0.226062
-3.485623 -0.495456 0.261762
-3.245244 -1.119398 0.493636
-3.368157 -0.093779 0.760363
-0.398489 -0.197296 0.065535
-2.094801 1.640577 0.287668
-2.570975 2.682012 0.009208
-2.434205 1.598623 0.282253
-2.901516 1.741460 0.021683
-3.089400 2.691154 0.251908
-3.310053 2.483480 0.000596
-3.365698 2.107300 0.025056
-2.997537 1.537923 0.205484
-3.326614 1.551054 0.598905
-3.350703 1.949642 0.572309
-3.440424 1.527351 0.682606
-3.305420 1.736349 0.888487
0.169563 -2.201427 1.030857
2.453235 2.430255 0.014824
2.151309 2.350347 0.008179
1.075354 -0.119448 0.278601
-0.377101 2.623141 0.016227
-0.535384 2.828866 0.008195
-0.982737 2.524041 0.010830
-3.488737 1.739092 1.582372
0.154287 -2.239809 1.441191
2.691778 -1.045424 1.360972
1.629242 2.581731 0.010086
-0.295438 0.107417 1.117355
-0.372869 -0.200327 1.094393
0.197971 -2.524990 2.981532
0.657343 -2.535548 2.986548
1.716056 -2.473197 2.969415
2.072437 -2.440495 2.993235
1.238609 -0.045914 1.093810
0.168814 2.379488 1.294673
-0.293037 0.101413 1.043128
0.175473 -2.801396 2.997584
0.677511 -2.490453 2.981377
1.158233 -2.474065 2.997554
1.729957 -2.502053 2.982837
1.684492 -2.031896 1.075181
1.882561 1.419715 0.751738
1.551275 1.572299 0.693414
1.607462 1.387109 0.601589
0.097798 2.303478 0.768752
-0.323397 -2.434778 2.984709
2.663255 -1.039766 1.345756
2.640228 -1.049771 1.050748
1.567909 2.294528 0.026607
0.143494 2.883996 0.017412
2.658381 -1.036975 0.873335
0.168846 1.657079 0.010801
-0.043338 1.798273 0.007059
-0.387718 2.020936 0.014209
-0.787568 1.867598 0.008062
-0.630535 2.774488 0.031264
-1.131754 2.188167 0.006778
-0.956406 2.471379 0.026343
-3.364293 1.483706 1.445182
-3.385401 1.759573 1.296559
-1.864211 -1.801075 2.998788
-1.673728 -2.044809 2.993708
2.675889 -1.036139 0.698461
2.858193 -1.040722 0.528122
1.641276 -2.051776 0.771591
-0.277920 0.138590 0.012864
-2.966000 1.821677 0.027460
-2.719417 1.700297 0.000267
-2.994638 1.526289 0.194895
-3.435021 1.603086 0.300042
0.144980 -2.233637 1.021884
-1.799903 -2.550299 2.992556
-1.587629 -2.760345 2.998414
2.673902 -1.039288 0.057282
-2.807949 -2.654500 2.999468
-2.860696 -2.846491 2.997081
-3.154547 -1.016290 0.094714
-3.302988 -1.142406 0.250021
-3.371869 -1.279381 0.413020
1.610520 -2.030499 0.142300
0.092848 -2.278343 0.303717
-3.495190 -1.786907 0.138107
0.096246 -2.282732 0.278224
-3.399557 -2.229743 0.016918
-3.291960 -1.732648 0.221433
-3.371983 -2.009558 0.536322
1.601528 -2.034629 0.446961
-3.126584 -0.937383 0.157885
-3.453481 -0.692306 0.004523
-3.269867 -1.157037 0.260994
-3.344296 -1.286654 0.419563
0.089921 -2.266096 0.856407
-3.363435 -0.336607 0.134587
1.080063 -0.102829 0.033902
-0.484117 -0.199621 0.048672
-3.072926 1.679979 0.148780
-3.328699 2.116750 0.004501
-3.039458 1.503526 0.237661
0.125698 -2.265870 0.974048
-1.401384 -2.670182 2.996091
2.836438 -1.046068 0.839940
0.007003 2.321375 0.213256
-3.225254 1.675178 0.754618
-3.324005 1.740817 1.008748
-3.321481 1.454903 1.406667
0.064802 -2.274764 1.441920
1.906869 1.358444 0.539384
0.240203 -2.553045 2.992818
1.815604 -2.515158 2.960487
2.174074 -2.450807 2.972080
-0.461853 -1.895028 2.999473
0.177144 -2.293349 2.998953
0.736022 -2.486940 2.978412
0.227905 -2.800960 2.996283
1.216223 -2.522241 2.998133
1.773953 -2.497703 2.965822
2.136438 -2.426591 2.993502
-0.075168 2.331370 0.772376
-0.276938 -2.499211 2.992704
0.485023 -2.418274 2.992357
2.654805 -1.038899 1.406436
0.001927 2.290005 0.145888
0.156973 2.390215 0.499608
2.659876 -1.049441 1.081932
2.844853 -1.034742 1.218967
2.655357 2.865043 0.025558
2.544069 2.845860 0.001364
2.240303 2.386286 0.033736
0.138179 2.573728 0.077995
-0.619583 2.541762 0.009397
-0.822599 2.064055 0.005908
-1.119437 2.986592 0.013517
-1.005823 2.247652 0.001053
-1.192333 2.420963 0.002235
-0.282700 0.068004 0.481768
-3.345878 1.574079 1.493905
-3.400744 1.464880 1.803556
-1.741405 -1.841862 2.994489
-1.238851 -2.234994 2.994013
-0.302314 0.028596 0.010408
-0.465133 -0.206549 0.168468
-0.245261 0.696761 0.000592
-1.748090 1.411762 0.002407
-3.053692 1.580210 0.477764
-3.358656 1.507487 0.601004
0.102074 -2.280448 0.886878
2.842198 -1.036573 0.347005
-2.793867 -2.684581 2.997734
-2.182985 -2.929761 2.996946
1.597338 -1.611301 0.025685
-3.207671 -1.098129 0.291270
-3.344755 -1.129449 0.352361
0.115439 -2.284667 0.350872
-3.422030 -1.900320 0.309524
-3.455117 -2.122838 0.558815
-1.150223 -2.961117 0.565148
-3.399143 -2.256114 0.088184
-3.186230 -0.972500 0.174129
-3.372104 -1.146181 0.422741
1.630360 -2.027237 0.360642
0.097170 -2.270517 0.742427
-2.959859 -0.906964 0.037829
-2.983155 -0.594796 0.074578
2.867608 -1.050468 0.240370
2.658792 -1.049750 0.562211
2.656601 -1.037887 0.103341
2.838067 -1.039201 0.161632
1.567759 -1.769606 0.322992
2.870653 -1.039860 0.657713
2.643350 -1.043242 0.640505
1.645568 -2.052117 0.885131
-2.088920 1.677982 0.095407
-2.653641 2.852773 0.007602
-2.087060 1.682302 0.296189
-2.942133 2.135440 0.012833
-3.152368 1.734181 0.349793
-3.221605 1.722452 0.614403
-3.164764 1.496587 0.933490
2.285319 1.892949 0.004136
1.252954 -0.081305 0.551310
-0.069556 2.540806 0.057928
-0.913286 2.658149 0.004607
-3.297451 1.523385 1.468948
0.124278 -2.264858 1.455899
0.123580 -2.624509 2.989621
0.133188 2.325739 0.458752
0.050411 2.299659 0.477905
-0.238795 -2.599344 2.996186
0.272079 -2.564134 2.978415
0.775580 -2.569921 2.984088
1.219577 -2.494010 2.974477
0.188286 2.407196 0.612696
0.138724 2.326520 1.300991
-0.469571 -0.199841 0.834455
2.642356 -1.041710 1.396609
1.552176 1.480690 0.147155
1.407332 2.121191 0.004221
-0.716799 2.969569 0.014592
2.874165 -1.037033 1.149651
2.726303 2.744417 0.021952
-0.134395 1.750381 0.007575
-0.370842 1.415119 0.002166
-0.752189 1.660958 0.006531
-0.720521 2.052141 0.019486
-2.112795 1.695249 0.169908
-3.185534 2.596636 0.202729
-3.140244 1.595078 0.740595
-3.299834 1.804417 0.999602
2.846458 -1.037268 0.644431
-3.288756 -0.305355 0.079549
1.550614 -1.938812 0.079977
0.138120 -2.267654 0.452711
-3.472727 -1.400662 0.227603
-3.489922 -1.415058 0.142989
-3.405723 -1.859597 0.574561
-1.241426 -2.949934 0.554203
1.561001 -1.776140 0.069314
-3.341550 -1.170067 0.378440
0.141797 -2.250445 1.021551
-3.297511 -0.361916 0.251197
-2.705858 -2.719286 2.991998
2.878640 -1.048985 0.452767
-0.492284 -0.199057 0.154535
-2.194143 1.594115 0.005493
-2.430847 1.599618 0.099143
-3.149215 1.594048 0.005011
-3.071821 1.494929 0.450554
1.848210 -2.776293 2.997496
2.322468 -2.757661 2.993674
2.883697 -1.050767 0.974460
0.055084 2.296683 0.319330
-1.025064 2.527445 0.003877
-1.212927 2.712345 0.005784
-2.062249 1.863746 0.209169
-3.081390 2.716695 0.278321
-3.311731 1.810352 0.917137
-3.173240 1.527218 1.006910
-3.375627 1.847263 1.185208
-3.425295 1.741253 1.525701
-3.414033 1.491135 1.668260
1.750230 -2.040489 1.048203
1.915237 1.373571 0.566065
0.605488 -2.613655 2.996471
0.352751 -2.835602 2.999637
0.783711 -2.495011 2.980941
1.858980 -2.501714 2.966028
1.765227 -2.034801 1.112778
1.909536 1.368324 1.172490
1.910573 1.380750 0.961588
-0.376570 -0.202942 0.981633
0.260429 -2.328359 2.996775
0.300148 -2.537363 2.976068
1.369378 -2.513616 2.955599
0.183799 2.387335 0.774027
1.612462 1.390781 0.347510
0.057478 2.296195 0.267908
2.257201 2.071866 0.001362
1.868586 1.396524 0.083906
1.560132 1.399713 0.206890
0.606484 1.547487 0.000096
0.005459 1.835682 0.002403
-0.002883 2.293069 0.244051
-0.156404 2.600060 0.025727
-0.292895 2.719920 0.020585
-0.500385 2.197371 0.005893
-0.586174 2.971828 0.017482
-0.892588 1.973657 0.000932
-1.167303 2.786053 0.010126
-1.372751 2.980528 0.012135
-0.296153 -0.001680 0.491343
-3.401076 1.800400 1.338392
-0.116508 -2.689044 2.998378
2.556384 -0.994825 0.643706
1.719386 -2.057345 0.820043
-0.369910 0.257317 0.045378
-0.482949 -0.209773 0.133205
-3.046578 1.680724 0.174446
-3.170415 2.258843 0.009313
-3.066689 1.488112 0.383210
-3.186323 1.870594 0.286963
-1.636917 -2.636170 2.991953
0.132908 -2.281473 0.329038
-3.388985 -1.920626 0.320964
-3.425147 -2.221718 0.088604
-3.348938 -1.871509 0.534771
1.902364 -1.995856 0.149822
0.184247 -2.178061 0.464369
-3.361528 -0.914411 0.019905
-3.298635 -1.279558 0.377233
-3.307865 -0.473757 0.214049
2.665621 -1.047327 0.230293
2.885171 -1.045915 0.244181
-0.426746 -0.204838 0.049079
2.713395 -1.046654 0.688489
1.719273 -2.053371 0.902975
-0.193187 1.448375 0.000538
-1.649900 2.828278 0.004468
-0.295695 0.021049 0.512751
-2.386294 1.595556 0.209762
-3.238840 1.794210 0.544043
-3.288923 1.792476 0.812685
-3.145030 1.506001 0.904081
-3.280086 1.474646 1.232639
-3.362563 1.675599 1.388116
0.446216 -2.839525 2.997131
1.935474 -2.916541 2.993829
2.670312 -1.062703 1.052909
2.157783 2.323130 0.007749
0.419694 2.430263 0.006261
0.023933 2.301042 0.317410
1.878396 -2.824352 2.996907
1.818011 -2.037721 1.106330
1.782145 -2.052627 0.931536
1.900325 1.368735 1.013061
0.084958 2.291548 0.398906
-0.640412 -1.906977 2.999379
0.331142 -2.302955 2.999199
0.330481 -2.576559 2.980825
0.882692 -2.494743 2.979254
0.946914 -2.827194 2.999648
1.405808 -2.527233 2.978740
1.609475 1.396894 0.278212
1.506187 2.834354 0.024165
1.047852 -0.107802 0.408773
0.050961 2.297554 0.205343
-0.257412 2.558463 0.005679
-0.406412 2.693571 0.008257
-0.285180 0.043699 0.477873
-0.260163 0.114681 0.789159
-0.602444 -0.229934 0.975179
0.254155 -2.671879 2.978329
0.404328 -2.896933 2.995640
0.562800 1.212100 0.008597
-0.452505 1.723282 0.010104
-0.938158 1.719287 0.007516
-1.231957 2.310472 0.013693
-1.430438 2.477309 0.014153
-2.089176 1.705566 0.178122
-2.323120 1.692882 0.293493
-2.928711 2.820136 0.151079
-3.330242 1.871734 0.939055
-3.164943 1.502405 0.864633
-3.283523 1.479363 1.174036
-1.635779 -2.259173 2.994269
0.155548 -2.258802 1.002620
-2.164473 -2.606324 2.994474
-2.470294 -2.559206 2.995831
-1.563061 -2.985300 2.998035
1.575875 -1.623820 0.050048
-3.381197 -0.453634 0.269919
-3.472576 -1.361277 0.120260
-3.483807 -2.225219 0.110724
2.102123 -1.643092 0.001223
-3.445732 -0.338326 0.003406
-3.287769 -1.127973 0.396618
-3.421809 -0.416693 0.254305
2.683682 -1.048062 0.020834
-0.353305 -0.198228 0.101370
2.561899 -0.927195 0.725374
-0.287950 0.101737 0.481067
-2.423037 1.605502 0.123486
-3.073417 2.859136 0.212677
-2.936007 1.829608 0.018129
-3.408179 2.626838 0.002435
-3.381954 1.986128 0.611422
-3.099291 1.616956 0.462763
-3.117738 1.493113 0.552324
-3.308387 1.735204 0.942916
-3.204113 1.502867 1.019223
1.271626 2.603861 0.008428
-0.376244 2.972498 0.001807
-0.804963 2.610833 0.000764
-0.300634 0.072807 0.902291
-0.318588 -0.200328 0.864702
0.182336 -2.670936 2.995119
1.542086 1.463074 0.969798
0.376602 -2.534814 2.979202
0.489918 -2.721255 2.993412
0.866733 -2.534867 2.980223
2.243507 -2.493697 2.973379
0.170651 2.358366 1.362658
-0.288997 -0.171037 0.806930
-0.354676 -0.198459 1.327762
0.378343 -2.561399 2.985865
2.764122 -1.040615 1.123394
2.753694 -1.027940 0.671799
1.976822 1.985979 0.001986
1.261311 1.788142 0.000861
1.456411 2.684968 0.019698
0.636762 1.906173 0.004553
0.474134 2.762062 0.019855
-0.801489 1.881455 0.000267
-1.249584 2.819876 0.005650
-3.498524 1.826894 1.494978
-3.317745 1.525998 1.557459
-3.391150 1.480389 1.645715
-3.366600 1.500167 1.779647
-0.327617 -0.198850 0.080306
-2.961707 1.765620 0.010836
-2.308557 1.602437 0.077668
-3.352676 2.029783 0.027328
-3.066493 1.507936 0.427151
-3.275452 1.956358 0.218526
1.584043 -1.454333 0.059076
-1.723364 -2.967133 2.994790
-3.282651 -1.064977 0.342595
-3.284528 -1.771295 0.377010
0.171372 -2.205287 0.412593
-3.253404 -1.248449 0.148583
-3.179082 -0.974974 0.368286
1.781921 -2.036090 0.539018
2.854490 -1.047652 0.279242
-0.291279 -0.188902 0.055437
-3.119415 1.790861 0.084656
-3.274148 1.492677 0.575668
-0.203895 1.492669 0.001932
-0.849619 2.776846 0.006163
-0.291655 -0.190414 0.761289
-3.331294 1.812501 1.031281
-3.192961 1.536427 1.122274
-3.386344 1.858477 1.282902
-3.337597 1.553686 1.681394
1.472208 -2.958572 2.997039
1.963055 -2.872208 2.999446
2.833288 -1.054960 1.108390
2.131248 2.558231 0.011963
1.539940 2.455519 0.010994
-0.270786 0.109849 1.168545
1.042364 -0.109479 1.059744
-0.012295 2.292644 0.447367
0.142831 2.363658 1.254238
0.023534 2.270603 1.292625
0.406594 -2.252697 2.994499
0.911848 -2.570915 2.971713
1.836004 -2.479821 2.987968
0.321777 -2.365583 2.994883
0.476611 -2.547760 2.973892
0.872575 -2.603348 2.973110
1.956952 -2.819587 2.978265
2.861554 -1.039825 1.282256
1.836604 -2.050071 1.001048
1.841759 -2.051868 0.874241
1.998443 2.113598 0.005527
0.198936 2.394869 0.230980
0.270554 1.739239 0.000525
-0.062764 2.301684 0.303579
-0.402150 2.365584 0.003958
-0.741887 2.710164 0.011915
-0.949378 2.950850 0.010704
0.129998 0.939292 0.000980
-0.187316 1.127993 0.001319
-0.716559 1.503681 0.002632
-0.865919 1.606409 0.007839
-1.038735 1.742576 0.008499
-0.547273 -0.204594 0.477063
-2.078958 1.731094 0.084782
-2.145891 1.610485 0.290872
-3.088321 2.650414 0.200530
-2.916421 2.913620 0.210070
-3.309136 1.843045 0.856177
-1.541349 -2.128731 2.997675
2.763072 -1.037851 0.105446
-1.999985 -2.501427 2.999686
-1.550123 -2.807795 2.997673
-1.888014 -2.836375 2.991728
0.069713 -2.282330 0.783708
-3.446306 -0.501038 0.275068
0.015561 -2.266265 0.102676
-3.320790 -1.677649 0.383342
-3.464774 -2.433270 0.060761
-3.192421 -1.086687 0.103478
-3.302568 -1.621356 0.380313
-3.488313 -1.357053 0.295581
-3.291328 -1.296109 0.349832
-3.354633 -1.900389 0.542062
0.059871 -2.275248 1.040934
-3.356521 -0.568112 0.042069
-3.164436 -0.934052 0.373846
2.872422 -0.999636 0.005408
-2.768248 0.146263 0.244827
2.552625 -0.847021 0.382675
-0.292060 0.030941 0.416723
-2.256462 1.603126 0.219118
-3.054284 2.840495 0.167483
-3.335591 1.926843 0.613957
-3.191152 1.499739 0.811395
-3.206568 1.611608 0.962350
-3.369213 1.513597 1.131502
-3.333129 1.488699 1.331975
0.140011 -2.248104 1.439568
2.867221 -1.064480 1.219454
1.737696 -2.043833 0.787351
1.864627 1.390019 0.128314
1.221176 -0.092191 0.696310
1.236615 -0.070951 0.218870
0.084031 2.884389 0.015827
0.029192 2.297175 0.160155
-0.302369 0.085907 0.579009
-0.295180 -0.132920 0.793443
2.863065 -1.051508 1.421432
1.860622 -2.051036 1.055727
0.917341 -2.549878 2.983543
1.945486 -2.542788 2.977144
1.044090 -0.101047 1.153550
0.776919 -2.405976 2.989134
0.474498 -2.556285 2.985456
2.848230 -1.047533 1.157119
-0.288612 -0.134080 0.707024
-0.517506 -2.490513 2.994169
-0.089451 -2.492148 2.998590
2.834315 -1.036515 0.791384
1.591754 0.747677 0.002748
-0.140101 1.843374 0.005525
-0.658309 2.716354 0.026533
-1.053507 1.786391 0.002824
-1.058056 2.166493 0.008176
-0.827637 2.861124 0.027434
-1.052361 2.571531 0.022432
-1.506026 2.598160 0.007540
-1.482145 2.980926 0.025954
-3.270152 1.527688 1.333806
-3.453081 1.799292 1.483375
-3.369960 1.452849 1.527340
-3.315613 1.525319 1.542086
-0.583530 -0.215531 0.149856
-3.149296 1.905800 0.005932
-2.995467 1.506674 0.136614
-2.475936 -2.164405 2.996558
-1.556266 -2.572503 2.980150
-2.052166 -2.506790 2.995032
-2.344482 -2.350998 2.998414
2.841933 -1.032105 0.067518
0.163878 -2.236996 0.825759
0.053287 -2.279242 0.914791
0.044647 -2.287430 0.311043
-3.339645 -1.836548 0.121831
0.180092 -2.227758 0.173707
-3.281748 -1.789534 0.258998
-3.243713 -1.951445 0.438332
1.690517 -2.034801 0.148290
0.038631 -2.283561 0.566285
-3.138374 -1.004902 0.106908
-3.346563 -0.747678 0.245572
-3.391366 -0.675809 0.012902
-3.238356 -1.178938 0.494645
2.564983 -0.929009 0.136203
-0.579450 -0.197925 0.022150
-2.910760 0.060175 0.040486
-2.858747 0.121267 0.139228
-2.759872 0.161096 0.232195
2.868603 -1.059540 0.397545
-2.195839 1.600560 0.093543
-2.437128 1.605229 0.199355
-3.012092 1.586920 0.285862
-3.412326 1.653710 0.006141
-3.183029 1.725978 0.492858
-3.091699 1.500360 0.585943
-3.381735 1.531994 0.514110
0.149207 -2.239498 1.281960
1.560058 1.394975 0.122909
-0.562234 2.937604 0.007934
-0.643727 2.273961 0.000247
-1.000512 2.619718 0.004645
-0.296348 0.046921 0.366725
-0.294281 -0.189899 0.712375
-3.248343 1.485885 1.269855
-3.383859 1.487365 1.369710
0.168924 -2.162281 1.459627
0.404393 -2.554164 2.978067
1.987786 -2.529497 2.978676
2.395263 -2.481643 2.999880
1.775010 1.363989 1.218115
1.000391 -2.490656 2.971219
1.162117 -2.510059 2.999199
1.903021 -2.493707 2.982510
1.467069 1.590599 0.012787
1.539715 1.395200 0.926103
-0.290640 -0.188581 1.107788
0.474196 -2.479675 2.983886
0.474987 -2.798582 2.994622
1.155250 2.431126 0.022399
0.471409 1.841375 0.018126
0.122117 2.710709 0.056354
-0.373770 1.949916 0.003726
-0.766326 2.890545 0.021468
-1.082877 2.613990 0.018085
-0.272440 0.032636 0.282623
-1.535488 -2.205828 2.994649
-0.291445 -0.164062 0.186161
-0.481929 -0.206868 0.278530
-2.129930 1.602414 0.214360
-2.460543 1.584464 0.298463
-3.234236 1.812972 0.525302
-3.141819 1.490277 0.695880
-3.350672 1.543560 0.765807
0.151023 -2.096162 1.161530
0.184615 -2.167738 1.202824
-2.010251 -2.091606 2.999934
-1.519159 -2.483494 2.985085
-1.331123 -2.598838 2.997748
-2.744042 0.132697 0.253058
-2.078049 -2.833875 2.999399
2.030209 -1.663428 0.044581
0.178208 -2.204290 0.618053
-3.399868 -0.753181 0.231697
-3.163836 -0.924105 0.248015
-3.251312 -1.160874 0.493777
-3.409193 -1.674953 0.204104
-3.283897 -1.684602 0.126231
-0.032433 -2.272758 0.122344
-3.286536 -1.834836 0.204282
-3.406919 -2.119141 0.538733
1.835567 -2.051121 0.157739
0.041592 -2.288083 0.471406
-3.127110 -0.973215 0.118519
-2.989033 0.112289 0.020036
-2.951464 1.530896 0.075307
-3.394356 1.554544 0.277927
0.045895 -2.277521 1.284246
2.592382 -1.070027 0.385075
1.010942 0.129004 0.002726
-1.415774 2.549973 0.000676
-0.403091 -0.206126 0.338506
-0.490486 -0.204448 0.738511
-2.101472 1.585156 0.144987
-3.324956 1.744772 0.996041
-3.180154 1.477982 0.860270
-3.301816 1.463671 1.397376
-3.460311 1.755872 1.529546
0.541312 -2.736759 2.997059
1.029056 -2.760086 2.991062
2.854811 -1.061300 1.148379
2.877770 -1.050559 0.857684
0.104897 2.294488 0.849791
-0.190749 2.708344 0.004843
-0.360376 2.911734 0.002712
2.482229 -2.455754 2.990923
2.874412 -1.064749 1.347790
2.550786 -0.823909 1.315904
1.235272 -0.082370 0.949725
0.051401 2.272895 1.143412
1.487465 -2.459116 2.976192
1.941445 -2.413618 2.994432
0.920740 -2.356307 2.995707
1.142766 -0.153259 1.012121
0.554517 -2.762030 2.992880
1.555856 1.398745 0.180716
1.097604 2.346877 0.021752
0.699474 1.766891 0.000691
0.593956 1.846106 0.000896
0.011100 2.292559 0.025513
-0.304325 2.647830 0.021997
-0.453151 -0.190310 0.699359
-0.473357 -0.204145 1.147659
-0.429586 -2.470534 2.998612
0.916682 0.576661 0.006381
0.478174 1.139220 0.007990
0.511578 0.785669 0.000353
0.011994 1.105367 0.002789
-0.032665 1.441657 0.013411
-0.942182 1.324922 0.000450
-0.515655 1.520799 0.004391
-0.569453 1.846815 0.017163
-1.014492 1.924466 0.017201
-1.103501 2.304678 0.018911
-1.466005 2.346201 0.016081
-1.553162 2.710593 0.022998
-1.823930 2.965912 0.024920
-3.356420 1.742276 1.210963
-0.926893 -2.417864 2.998026
0.075031 -2.968940 2.991209
2.855958 -1.036705 0.338983
2.551661 -0.939315 0.036094
-3.428172 1.590330 0.105215
-1.532522 -2.421628 2.998759
-0.907821 -2.992068 2.998859
0.151158 -2.090951 0.697015
-2.021573 -2.997368 2.998269
-3.268584 -1.119450 0.180001
-3.246328 -1.260894 0.185609
0.067017 -2.302353 0.291584
0.082030 -2.284178 0.371828
-3.494385 -1.379571 0.222264
-3.432752 -1.842824 0.591033
-3.412290 -0.707778 0.092791
-3.145129 -0.917376 0.243543
-3.265369 -1.119697 0.524859
-2.864947 0.013534 0.310108
2.603430 -1.050787 0.333571
-0.509396 -0.190372 0.554698
-0.459454 -0.201818 0.420599
-2.385041 1.610960 0.155651
-2.976503 2.825881 0.197571
-3.173265 1.746822 0.271307
-3.355076 1.487445 0.575780
2.557475 -0.799711 0.448711
0.569917 1.746034 0.000850
0.151547 2.346175 0.161654
-0.400974 -0.204802 0.738828
-0.459671 -0.206996 1.156243
0.178443 2.406005 0.419169
0.115657 2.298905 0.458054
-0.291595 -0.032810 1.367084
2.030931 -2.507193 2.974091
0.154235 2.321852 1.347502
-0.293974 -0.050924 1.388914
0.619446 -2.465479 2.974932
1.050138 -2.446230 2.967068
0.096649 2.292985 0.505458
-0.898832 -2.015616 2.998498
0.068818 -2.736690 2.999623
1.175715 2.371588 0.023795
0.064430 1.776922 0.000306
-0.364314 2.169376 0.001717
-0.686379 2.015802 0.004882
-0.897348 2.243467 0.001032
-1.115424 2.462823 0.004562
-1.361394 2.718415 0.006719
-1.390888 -1.693882 2.998348
-1.307404 -1.867063 2.997300
-0.358241 -0.205030 0.198759
-0.271723 0.098943 0.186467
-2.402423 1.599438 0.227470
-3.189437 1.765816 0.329963
-3.203652 1.520511 0.631820
-1.475479 -2.175165 2.998817
2.550858 -0.950859 0.026296
-2.832623 0.012486 0.325549
-3.406462 -0.744832 0.208427
-3.117743 -0.909650 0.258853
-3.183498 -0.984385 0.433718
-3.239540 -1.122568 0.511561
0.150918 -2.247635 0.374749
-3.392274 -1.647354 0.223774
-3.199124 -1.900193 0.351653
-3.253566 -1.057216 0.012652
-3.399343 -1.860904 0.580814
3.022013 -0.837683 0.006784
-2.823226 0.044108 0.178994
-2.897329 -0.102533 0.347035
-0.358911 -0.192301 0.027047
-0.538218 -0.207067 0.338196
-2.379507 1.609361 0.113623
-3.327088 2.541967 0.002640
-3.053211 1.960975 0.013530
-3.209564 1.801255 0.414580
0.176916 -2.155891 1.261186
2.867654 -1.050178 0.619173
2.599551 -1.062510 0.441700
-0.205052 2.075916 0.005884
-0.669814 1.957076 0.009502
-1.319933 2.641992 0.006542
-1.720257 2.535557 0.000574
-0.433909 -0.212532 1.096823
-3.451452 1.691715 1.546876
-3.404764 1.546244 1.838262
1.076805 -2.772017 2.990864
2.867153 -1.061207 1.046273
0.113312 2.294662 0.748002
0.168138 -2.424037 2.994184
2.861096 -1.060706 1.295633
2.172394 -2.505450 2.964086
2.748256 0.645468 0.566054
-0.068118 2.321607 0.737880
0.178752 2.348961 1.405869
0.566573 -2.465264 2.986896
0.581377 -2.729943 2.997446
0.930292 -2.337254 2.992426
1.149636 -2.411006 2.973569
1.122917 -2.748484 2.998530
2.075568 -2.782226 2.997140
-0.057433 2.285716 1.161405
0.137141 -2.669091 2.999621
2.862033 -1.035894 1.063996
0.977682 2.975533 0.029005
0.167112 2.662079 0.016487
-0.777044 2.970712 0.014696
-0.367705 -0.199840 1.122363
1.479046 0.553388 0.000490
0.612024 0.752832 0.001342
0.243398 0.947643 0.002458
-0.279022 0.151987 0.294109
-0.495964 1.451734 0.003583
-0.817975 1.691504 0.006906
-0.317024 -0.201484 0.412522
-1.165680 1.768446 0.002736
-0.991618 1.820073 0.012914
-1.223550 2.037158 0.003889
-1.440667 2.209156 0.009952
-2.213273 1.709660 0.294761
-3.123941 2.652018 0.230045
-3.325551 1.791570 0.907749
-1.851776 -1.879876 2.999254
-1.277870 -2.270758 2.989151
0.006417 -2.994936 2.989954
2.623594 -1.044331 0.033173
0.043882 -2.285214 0.917476
-1.874776 -2.672532 2.999262
-1.389531 -2.703102 2.995212
-2.165163 -2.531704 2.996338
0.068951 -2.292698 0.210736
-3.376690 -1.566811 0.232361
-3.408823 -0.871401 0.004133
-3.270480 -1.269155 0.404295
-3.376098 1.548837 0.108398
-2.953372 -0.040703 0.841983
2.632308 -1.055404 0.372428
-0.291932 -0.085962 0.175643
-0.415678 -0.205153 0.419510
-2.213710 1.610410 0.276029
-3.252668 1.751089 0.572763
-3.313183 1.797863 0.809732
2.768066 0.634690 0.183591
0.226031 2.665660 0.003076
0.097671 2.778950 0.009280
-0.512677 2.660040 0.005370
0.149341 2.365072 0.780508
2.168606 -2.435120 2.956487
2.728180 0.630109 1.242435
0.112044 2.299768 1.150613
0.993466 -2.338355 2.994806
2.132529 -2.496054 2.984836
2.608541 -1.052233 1.132466
2.698418 0.640431 1.248396
2.691880 0.632001 0.581552
0.145428 -2.738737 2.995361
2.721283 0.644582 0.243249
1.118965 1.125822 0.000013
0.183929 1.609371 0.009958
-0.347560 2.031111 0.015196
-0.920220 1.828524 0.002702
-0.686791 2.345361 0.014302
-1.392919 2.282064 0.005572
-1.363436 2.615001 0.007523
-1.672168 2.552572 0.007789
-1.308086 2.931049 0.024122
-0.374892 -0.191747 0.738854
-3.386996 1.616310 1.600806
-1.298983 -1.978098 2.998381
-0.347083 -2.629925 2.994417
2.607553 -1.040889 0.435249
-2.977677 1.582061 0.248254
-3.278450 1.564460 0.392030
0.118965 -2.246555 0.955834
-1.416252 -2.408970 2.991945
-1.910236 -2.329725 2.998805
-2.765348 -0.103744 0.184412
-2.324608 -2.976400 2.994654
-3.127038 -0.935995 0.135780
-3.281226 -0.994810 0.208873
0.106086 -2.270923 0.172390
-3.469388 -1.608501 0.003165
-3.347188 -1.814036 0.074194
-3.356872 -1.674046 0.246271
-3.353877 -1.790804 0.534713
-3.218868 -0.960928 0.185660
-2.860377 -0.175455 0.174300
-2.762179 0.092315 0.237579
-2.787575 -0.318191 0.285526
-3.119008 -0.088298 0.387109
-3.116486 -0.072727 0.547560
-3.027896 -0.094971 0.688135
-2.815253 -2.368517 2.984483
2.600693 -1.053436 0.521827
2.556211 -0.952025 0.094624
-0.387457 -0.192808 0.364570
-3.325979 1.528546 0.378808
-3.262095 1.834502 0.560888
-3.181282 1.491272 0.739770
-0.488937 2.957854 0.009762
-3.357878 1.650224 1.414850
-3.318215 1.489767 1.505701
0.166137 2.461154 0.531601
2.211849 -2.506577 2.965452
2.574754 -2.457925 2.999973
2.696452 0.619161 1.198509
2.623752 0.628072 1.009180
0.595832 -2.524661 2.978798
0.958607 -2.383574 2.994605
2.612504 -1.052972 1.199891
2.624972 0.631465 0.661374
0.128508 -2.436278 2.996740
3.294426 1.934556 0.002856
1.078423 2.441335 0.020114
0.581125 1.889838 0.008422
0.021132 1.726291 0.003016
-0.435438 2.139470 0.004967
-0.485900 2.731328 0.020761
-0.807327 2.496971 0.008890
-1.017118 2.700256 0.013649
-1.261619 2.955212 0.014478
2.152659 -2.962337 2.992331
2.633597 -1.048196 0.490429
-0.421900 -0.190917 0.482725
-3.277277 1.883203 0.620157
-3.094236 1.550362 0.718897
0.153495 -2.092645 1.289860
-1.393888 -2.422383 2.999603
-3.119740 0.024056 0.543058
-2.303121 -2.762931 2.995544
-3.209795 -0.970277 0.327603
-3.291595 -2.942144 2.998971
-3.415584 -1.622868 0.179405
-3.409567 -2.293376 0.116051
-3.277727 -1.143101 0.143559
-3.270169 -1.318124 0.327122
-3.275252 1.600326 0.002573
-3.390067 1.564465 0.077948
-2.985055 -0.112266 0.845888
0.170644 -2.204901 1.053522
0.156743 -2.097738 1.368053
-1.467264 -2.610913 2.998558
2.619459 -1.059610 0.452639
2.562508 -0.843388 0.765312
2.554283 -0.797629 0.373439
-0.869761 1.888827 0.003254
-2.101268 1.592812 0.254281
-2.422992 1.595813 0.198455
-3.264148 1.863073 0.473391
-3.094575 1.551488 0.593391
-3.140537 1.569245 0.833618
-3.388236 1.533407 1.012473
0.684492 -2.787956 2.995097
2.916154 0.626207 0.516684
2.552089 0.702819 0.300140
-0.346285 2.795401 0.011998
-0.345105 -0.198517 1.406050
0.147946 -2.464969 2.997440
0.501583 -2.542852 2.997466
2.869941 0.614502 0.977786
2.544635 0.784932 1.022751
1.197815 -2.570099 2.932921
1.677033 -2.528305 2.974262
2.188871 -2.807319 2.998921
2.861406 -1.047665 1.198466
2.549092 0.625874 0.693948
0.023522 2.294424 0.052846
-0.538916 2.965264 0.019779
-0.290600 -0.175646 0.933109
-1.025990 -1.835288 2.998178
0.237913 -2.723236 2.997133
2.606196 -1.057658 0.413970
0.392086 1.345031 0.008508
-0.163739 1.635560 0.009977
-0.291079 0.029199 0.337855
-0.742172 2.009646 0.016566
-0.929245 2.160765 0.013096
-1.453129 2.266924 0.007541
-1.702670 2.465621 0.010993
-1.570792 2.660373 0.017064
-1.838243 2.885119 0.016846
-3.340547 1.862968 0.831067
-3.326765 1.803962 0.954444
-3.326679 1.820889 1.067231
-3.472248 -1.313446 0.072929
-3.345206 -1.764158 0.578512
-3.474263 -1.866346 0.655886
-3.414259 -2.205010 0.018493
-3.409219 -1.786084 0.150688
-3.411487 -1.115744 0.016853
-3.285586 -1.030429 0.445323
2.557968 -0.891346 0.176580
1.615538 -2.050115 0.487953
-0.515216 -0.208089 0.052153
-2.883637 -0.306281 0.153380
-3.091749 -0.169399 0.289133
-3.109376 -0.227971 0.690515
-2.284876 -2.718790 2.995263
-2.533386 1.657991 0.022537
-3.294878 1.995284 0.149430
-3.068314 1.709632 0.006863
-3.180091 1.517963 0.187298
-3.194998 1.704710 0.508816
-3.405173 1.520635 0.515709
2.877897 -1.062928 0.805378
2.555625 -0.793294 0.809220
2.852975 0.614806 0.574612
2.887307 0.626335 0.314870
-0.984917 2.760184 0.002836
-0.532584 -0.214660 0.659981
-3.435885 1.834426 1.384922
-3.223416 1.505727 1.214283
-3.470376 1.509000 1.872249
-0.004072 2.321770 0.865374
0.048826 2.303932 0.359573
0.645433 -2.560188 2.976000
0.173717 -2.606813 2.990772
1.076672 -2.485005 2.961066
2.630052 -2.347173 2.999161
0.145919 2.405079 0.981883
2.644878 -1.054664 0.977005
0.243162 1.763183 0.005083
-0.177547 1.499004 0.002134
-0.236263 2.022255 0.010572
-0.715389 2.920646 0.024287
-0.702893 2.369023 0.007682
-1.698529 2.709800 0.003707
-0.280634 -0.117900 0.688492
-3.211398 1.529312 1.182770
-0.345960 0.200915 0.019305
-2.245927 -2.365417 2.999784
-1.297918 -2.715983 2.996284
-1.641386 -2.654045 2.994018
-2.940925 -0.263646 0.122019
-2.362425 -2.863799 2.999464
0.077279 -2.303180 0.219204
-3.443441 -2.198436 0.042154
1.638104 -2.037645 0.229466
0.160029 -2.097267 0.547907
-3.200876 -0.962693 0.289546
-3.292463 -1.018900 0.376943
2.560203 -0.853563 0.050528
-3.113696 -0.096978 0.606441
-0.792008 2.100389 0.006258
-0.983974 2.272920 0.001486
-0.501264 -0.214755 0.395620
-0.296889 -0.194560 0.681262
-2.253761 1.592604 0.098696
-2.276215 1.656258 0.292694
-3.246457 1.840740 0.398972
-3.321389 1.787820 0.955042
0.733756 -2.956986 2.999679
2.912362 0.645739 0.646315
-0.292898 0.023081 1.017620
0.209445 -2.607244 2.997237
0.719444 -2.646476 2.989893
2.622204 -2.393095 2.999308
2.868079 -1.034951 1.227641
-0.419498 -0.210908 1.217997
0.700970 -2.565968 2.977475
0.253899 -2.605008 2.996482
2.429599 2.322355 0.003733
0.531302 1.682627 0.001147
0.151610 2.369606 0.071186
-0.508006 2.289434 0.005608
-0.693418 2.447308 0.002130
-1.298131 2.924675 0.012704
-0.285434 -0.050912 0.402644
-0.520527 -0.210184 0.881432
-0.278984 0.025071 0.954424
-0.524598 -0.207586 1.120285
-3.332802 1.551098 1.602008
-3.376185 1.472598 1.684326
2.853880 -1.034903 0.847778
3.474756 2.204156 0.001045
1.616724 -2.022756 0.571600
0.252034 0.911681 0.004785
-0.163809 1.060686 0.003390
-0.675246 1.284854 0.008121
-0.520088 -0.208763 0.408914
-0.832328 1.372179 0.006792
-1.184581 1.574328 0.006182
-2.850869 1.944540 0.001973
-3.320327 2.266151 0.000986
-2.345738 1.606541 0.223497
-3.228868 1.845569 0.212793
-3.096603 1.459431 0.578617
-3.324386 1.982144 0.389124
-3.178748 -0.239097 0.560245
-2.196892 -2.961461 2.992424
-2.581676 -2.946368 2.994451
-3.191180 -1.131174 0.279312
-3.362681 -1.159340 0.348620
1.691694 -2.030258 0.234211
-0.160589 -1.919900 0.006471
0.129286 -2.259934 0.411081
-3.171280 -1.036564 0.002617
-3.237405 -1.104677 0.086225
-3.471735 -1.347718 0.198677
-3.318084 -1.141458 0.319678
2.559909 -0.851004 0.049354
-2.759883 0.110728 0.288910
-2.998664 -0.338439 0.228013
-3.101968 -0.075124 0.561883
-0.285622 -0.039067 0.357524
-2.284334 1.611563 0.265508
-3.466442 2.533668 0.000554
-3.380286 1.519906 0.563399
-3.233569 1.750939 0.582135
0.756790 -2.940147 2.995498
2.835754 -1.037992 0.880962
2.901788 0.639271 0.662908
2.317486 1.940192 0.001539
0.139921 2.352018 0.270768
-1.129319 2.676623 0.003481
-0.283864 -0.003159 0.945319
-0.292169 -0.182728 0.874924
-0.520648 -0.198469 0.714921
-3.264796 1.481202 1.263071
-3.445610 1.768755 1.448163
-3.437275 1.515009 1.850926
2.604472 -2.449311 2.983870
2.874774 0.627873 1.070479
2.542706 0.638238 0.742005
-0.514925 -0.215244 1.155064
-0.272899 0.109380 1.360902
0.709869 -2.653714 2.982959
0.788855 -2.771814 2.992272
1.222054 -2.601072 2.953566
1.757023 -2.508140 2.977906
2.203201 -2.443643 2.983881
2.548446 0.636503 1.062393
0.179699 2.399518 1.226656
0.064384 2.305681 0.719019
0.697074 -2.698872 2.993019
2.268531 1.997506 0.002325
0.513334 1.802383 0.026678
0.228034 1.373463 0.005519
-0.355534 1.620684 0.008930
-0.821809 2.329611 0.020177
-0.295533 -0.059444 0.377332
-1.365283 2.655870 0.024155
-0.485335 -0.215865 0.517896
-0.534641 -0.211257 0.743544
-3.131741 1.494091 0.746603
-3.368507 1.969125 0.701686
-3.268872 1.492427 1.077895
-3.070706 -0.250798 0.874221
-2.332098 -2.612146 2.998262
-1.694624 -2.862878 2.994055
0.090454 -2.276195 0.819369
-3.207926 -1.040925 0.493840
-3.311030 -1.631722 0.083554
-3.307114 -1.974195 0.456941
-3.344208 -2.364599 0.001404
-0.637491 -2.974315 0.561086
-3.440217 -2.198170 0.064244
0.169416 -2.184150 0.521815
-3.412453 -1.601010 0.200453
2.557788 -0.814306 0.151682
-3.181974 -1.005494 0.485380
-3.269497 1.576220 0.005075
2.728637 0.635660 0.389993
-0.456428 2.607842 0.006564
-0.593657 1.993429 0.002166
-0.492413 -0.203838 0.783030
-3.114618 1.520072 0.753528
2.631902 -1.058984 1.235644
0.131607 2.352383 0.300178
0.758964 -2.623508 2.988705
-0.072767 2.310892 1.036206
1.214226 -2.563075 2.969066
2.599673 0.627482 1.087312
0.831570 -2.637713 2.986759
2.709523 -1.041885 1.124462
2.526557 0.640353 0.768030
1.724487 -2.028268 0.572162
0.154793 2.401869 0.113065
-0.040940 2.308841 0.321620
-0.596606 2.511791 0.009557
-1.227280 2.410147 0.002409
-1.177402 2.947844 0.009402
-1.467804 2.603163 0.003103
-1.749525 2.843755 0.001792
-3.442090 1.753783 1.513602
-3.417624 1.680137 1.597480
-3.092883 1.715518 0.228545
-2.860749 1.883555 0.006488
-3.227435 2.084146 0.019728
-2.863797 1.999941 0.021872
-2.212649 -2.404434 2.998359
-2.918673 -0.317638 0.304084
-3.366359 -0.197548 0.325607
-2.266178 -2.936806 2.999340
1.780309 -2.031051 0.396473
-3.254238 -1.289505 0.192139
-3.313628 -1.690934 0.510407
-3.453121 -1.875211 0.045285
-3.289896 -1.757677 0.447224
1.772611 -2.030377 0.569216
2.556541 -0.834213 0.120070
-2.823493 -0.009541 0.316651
-3.132398 -0.146540 0.565694
2.554159 -0.804167 0.468826
-0.278360 -0.026709 0.345569
-0.367286 -0.204815 0.709643
-3.128384 1.620312 0.665688
-3.223024 1.646406 0.924351
-3.351986 1.744251 1.159523
2.550793 -0.808885 0.830467
2.596744 2.893624 0.018943
-0.350072 -0.208704 0.882672
0.865471 -2.580870 2.978034
0.866126 -2.901441 2.992224
2.850247 0.633146 1.329546
1.250398 -2.620507 2.984098
2.289448 -2.464025 2.985752
1.863929 1.503338 0.958849
1.858617 1.430403 1.188237
0.830709 -2.591658 2.983150
1.414516 -2.664140 2.966066
0.038640 2.299340 0.324025
-0.006127 2.295267 0.524036
-0.281978 0.004947 1.106490
-0.314787 -0.199063 0.693114
2.739480 -1.046341 0.477017
2.322243 2.121472 0.000086
2.132422 1.880289 0.019586
0.085462 1.728435 0.013151
-0.058580 1.416582 0.004638
-0.484733 1.668903 0.006488
-0.451983 2.011136 0.013762
-0.963040 2.333870 0.016737
-0.290060 -0.047657 0.421683
-1.467536 2.353740 0.012227
-1.622942 2.796492 0.021203
-1.888801 2.991677 0.023374
-3.286819 1.735968 0.806915
-3.166314 1.578157 0.934397
-3.292732 1.487915 1.127388
-1.678373 -2.745920 2.998934
-2.149297 -2.747784 2.993197
-1.288265 -2.810320 2.997467
1.884380 -1.634755 0.208364
-3.195391 -0.347750 0.009085
0.134550 -2.251179 0.849681
-3.295067 -1.724719 0.398454
0.082828 -2.297396 0.463732
-3.400886 -1.994044 0.478753
1.877497 -1.857423 0.097926
-3.287364 -1.144942 0.202782
-3.297617 -1.327763 0.404911
0.054651 -2.277279 1.128756
-3.093211 -0.082031 0.495970
-0.306568 -0.203198 0.580735
-2.333721 1.616370 0.126936
-3.269970 1.932619 0.355227
-3.298748 1.545594 0.397142
-3.306405 1.892475 0.628071
2.555900 -0.993221 0.597498
2.718277 0.635720 0.153601
-0.297162 0.023226 0.707097
0.907352 -2.926877 2.991709
2.748754 0.633931 0.758248
0.835241 -2.352149 2.995077
2.388134 -2.591092 2.982482
1.867212 1.474660 1.104555
1.840244 -2.582163 2.966531
0.927473 -2.969810 2.998734
1.451526 -2.599251 2.978326
1.905555 -2.641314 2.996196
2.341931 -2.588182 2.992469
2.693123 2.358148 0.012377
1.885116 1.961976 0.004582
2.045215 2.957090 0.016763
1.939936 2.845067 0.026890
1.863979 -1.861059 0.839227
-0.397946 2.352543 0.001231
-0.073541 -2.991757 2.998810
1.841727 0.444618 0.000387
-1.211227 1.512174 0.000469
-2.307127 1.591582 0.088370
-2.509691 1.576174 0.266053
-3.098490 1.470939 0.518796
-3.257258 1.836282 0.432958
-3.250022 1.808054 0.544256
-2.034672 -2.257805 2.999338
-1.460198 -2.576725 2.995915
-3.097868 -0.041695 0.502670
0.124072 -2.238777 0.700357
0.168488 -2.219758 0.268725
-3.453806 -2.268240 0.105327
1.877671 -1.774178 0.264126
1.874341 -1.978458 0.556828
1.855814 -2.031611 0.264756
-3.202971 -1.156509 0.049989
-3.233933 -1.086603 0.184753
-3.272212 -1.127454 0.419326
-2.769456 -0.103910 0.216093
-3.162090 -0.230218 0.285054
-0.277466 -0.197542 0.227066
-2.424549 1.733472 0.306751
-3.194401 1.871989 0.144575
-2.947332 1.536049 0.039082
-3.366321 1.515819 0.683530
-3.215299 1.512702 0.813454
2.858911 -1.042249 0.563924
1.873637 -1.956883 0.714740
-1.055840 2.694805 0.000304
-0.297963 0.112844 0.587960
-0.286715 0.111431 1.314795
-0.579510 -0.235132 1.288691
-3.468848 1.484529 1.695382
1.863922 -1.839141 0.918880
0.956104 -2.560565 2.982424
2.428789 -2.530150 2.998776
2.884747 -2.554900 2.997654
1.877023 1.478275 1.017315
1.701208 1.368954 1.176649
1.575520 -2.050498 1.100244
0.898944 -2.315567 2.987108
1.862589 -1.915014 1.019822
2.499730 -2.540850 2.998761
2.851002 0.651247 0.736236
1.864374 -1.978117 0.983422
1.863819 -1.824578 1.025574
0.430019 -2.525417 2.997646
2.756983 2.683864 0.004964
1.872922 -1.978678 0.626489
2.540963 0.647327 0.137234
-0.083281 1.484787 0.002846
-0.218335 1.900227 0.012812
-0.614399 1.902790 0.004786
-1.104177 2.008092 0.006410
-1.064001 2.280229 0.006269
-2.038759 2.815929 0.012919
-3.380187 1.479801 1.566997
-3.361171 1.720643 0.023735
-3.029747 1.541622 0.104523
-3.412934 1.609084 0.126160
0.160617 -2.093676 1.248116
-3.400057 0.169426 0.003267
-2.843459 -0.198790 0.094597
-3.433468 -0.193755 0.308034
1.452845 -1.801627 0.103805
-3.184837 -1.088821 0.099366
-3.446235 -1.295096 0.272145
-3.273916 -1.294769 0.289872
1.877699 -1.841669 0.178537
1.875281 -1.934418 0.564939
-2.837054 0.066642 0.294478
-3.221200 -0.354699 0.259728
-3.204899 -0.208157 0.313192
-3.096286 -0.200303 0.624377
2.881227 -0.978783 0.102989
-3.409030 2.227164 0.001299
-3.318650 1.549092 0.212120
-3.224808 1.869080 0.375897
-3.039764 1.555195 0.493393
2.864038 -1.056740 0.522838
2.865903 0.635387 0.003379
-0.297442 0.037880 0.653027
-0.295017 -0.075941 0.953253
-3.385483 1.486387 1.709854
1.032423 -2.862920 2.997166
2.586046 -1.058951 0.631201
1.608508 1.391626 0.066297
1.860449 -1.844021 0.968253
1.865000 -1.900813 0.838057
1.006471 -2.544576 2.983771
2.981071 -2.644389 2.991447
1.860875 -1.861138 1.022906
1.557638 -2.046106 1.152873
1.013738 -2.274179 2.994861
1.492352 -2.603509 2.975013
1.983541 -2.704365 2.943627
2.576086 -2.685381 2.969855
2.542204 -2.642182 2.990526
2.724360 0.627072 1.332081
1.867456 -1.821744 0.841374
0.510437 -2.467762 2.998555
1.548356 -2.599366 2.938303
1.846388 -2.668545 2.980650
2.861031 -1.027689 0.959502
0.035211 -2.489044 2.996035
2.643853 0.639008 0.073272
2.577659 2.142301 0.013535
1.916745 2.101334 0.015017
1.937924 2.922993 0.038310
2.843378 -1.035402 0.256801
-0.301856 -0.047277 0.381732
-0.368975 -0.224255 0.557220
-3.176664 1.615392 0.921835
1.871581 -1.979419 0.513760
-2.970482 -0.080372 0.749667
-3.345493 -0.302679 0.025378
0.150415 -2.091364 0.719596
-3.467381 -1.345699 0.222377
-3.495214 -1.368832 0.157762
0.073889 -2.304687 0.315611
0.081692 -2.317064 0.534364
0.155187 -2.095223 0.365213
-3.497689 -1.307136 0.149193
1.870562 -1.925975 0.628603
-2.932071 -0.340752 0.236581
-3.340124 -0.403978 0.239893
-2.778652 -0.040272 0.264901
2.632889 -1.050330 0.172509
-0.283470 -0.041762 0.112222
-3.000530 1.919646 0.013729
-3.055827 1.667552 0.216303
-3.447421 1.577432 0.477741
-1.057367 2.139185 0.001208
-1.346604 2.867165 0.010148
-1.713809 2.342963 0.005549
-1.654927 2.690057 0.013220
-1.167929 1.508406 0.000058
-1.976655 2.968569 0.031573
-2.091476 2.672806 0.013330
-0.299282 -0.030510 0.805288
-0.562220 -0.223750 0.949247
-0.291791 -0.195116 1.216877
-3.369643 1.832626 1.013363
-3.435084 1.626367 1.656458
2.396510 2.480199 0.006263
1.590504 1.387102 0.321454
1.868665 -1.927508 0.755507
1.729064 -2.028404 0.824390
1.080757 -2.748142 2.995378
1.859521 -1.921018 0.932693
1.536306 -2.555469 2.976119
2.519827 -2.658565 2.954041
3.081567 -2.597754 2.993919
2.692659 -1.044731 1.177020
1.869859 1.650083 1.084086
1.062979 -2.210006 2.997125
1.900818 1.622452 1.080016
1.912861 1.524327 0.511957
1.869100 -1.989985 0.903116
1.602089 1.390755 0.129029
1.868693 -1.937522 0.677301
2.684293 -1.045345 0.331783
-0.289533 0.000899 0.846153
-0.446207 -0.205501 1.019778
2.723201 -1.047942 0.178780
1.609719 -2.029304 0.615504
-0.448325 0.380137 0.003870
-0.552078 -0.212709 0.376034
-3.152964 1.784541 0.168076
-2.464051 1.648225 0.002073
-2.844879 1.894170 0.005550
-3.371929 1.547091 0.451424
-2.812672 0.104148 0.078661
-2.780638 -0.146997 0.274919
-3.130638 -0.161350 0.558724
-3.135435 -0.126898 0.446657
-2.326232 -2.834734 2.998738
-3.301544 -1.743939 0.324767
-0.360103 -2.162611 0.027517
-3.335845 -1.631814 0.324624
1.860977 -1.580937 0.140481
-2.801266 -0.325366 0.276424
-3.180587 -0.227452 0.318625
-3.047327 -0.034771 0.678730
2.743577 -1.051466 0.187842
1.592342 -2.051190 0.784023
-0.874296 1.718438 0.001324
-1.755212 2.507172 0.005606
-2.133525 2.847512 0.008916
-0.279579 -0.185157 0.600506
-2.393894 1.599489 0.262497
-3.257206 1.803114 0.612575
-3.123070 1.533845 0.738088
-3.298052 1.847512 0.830974
-3.215351 1.488384 1.046240
1.871119 -1.878079 0.697313
1.151225 -2.726130 2.988499
2.775491 -1.041280 0.863157
2.741025 0.633132 0.420069
1.876960 1.558942 0.593560
3.119045 -2.605578 2.985877
2.131314 -2.598286 2.981380
2.618675 -2.675521 2.984914
2.815897 -1.032978 0.906388
2.550342 -0.945451 1.209553
1.135289 -2.163074 2.996520
1.184884 -2.438171 2.968800
1.882946 1.482733 1.064499
2.362914 2.968272 0.005923
1.889986 1.413160 0.478994
1.875575 -1.836698 0.731623
1.871006 -1.787842 0.910445
-0.378573 -1.966339 2.998674
2.547052 1.952956 0.015898
2.102666 1.961067 0.020798
1.440312 1.746041 0.006959
-0.802756 -1.782012 2.995480
-0.401853 -2.236054 2.996554
0.555436 -2.905987 2.998306
1.037444 -2.910836 2.995717
2.886059 -0.954749 0.175838
-0.284670 0.131573 0.322112
-0.944823 1.482663 0.004005
-3.352304 1.540410 1.069852
-3.164121 1.535436 0.973747
-3.019229 -0.154143 0.864892
0.157224 -2.083973 1.134152
-1.752104 -2.939702 2.998911
1.872950 -1.831570 0.093775
1.648787 -2.026767 0.306897
-3.293879 -0.352335 0.208023
-3.494593 -0.364687 0.291019
-3.084281 -0.402525 0.028091
-3.206042 -1.227520 0.096548
1.672832 -2.033146 0.272038
-3.351424 -1.590989 0.277597
-3.124465 -0.440592 0.015425
-3.039174 -0.081904 0.325199
1.879723 -1.881201 0.555550
-3.096816 0.014066 0.461305
-3.087233 -0.203896 0.671407
-0.528909 -0.204608 0.506288
-3.227361 1.945454 0.216074
-2.419834 1.610591 0.238545
-3.021609 1.607733 0.362584
-3.256218 1.527157 0.768390
1.871880 -1.867020 0.633153
1.648652 -2.045980 0.992592
-1.620845 2.595512 0.002818
-0.296524 -0.076078 0.891725
-0.288906 -0.188997 1.177559
-0.470944 -0.218569 0.977464
1.135080 -2.687129 2.986762
2.628652 2.310759 0.004739
2.537421 2.329659 0.008878
2.262681 2.507142 0.007252
2.139672 1.697585 0.009566
1.961284 1.866713 0.000469
1.153449 -2.356417 2.991066
1.524208 -2.472421 2.992339
2.669957 -2.588922 2.982537
1.868365 -1.845399 1.058619
1.660399 -2.044224 0.978360
1.136663 -2.374873 2.971797
1.691608 -2.397066 2.989950
2.625640 -2.622094 2.974777
3.130166 -2.677223 2.996361
1.896654 1.681762 1.134480
1.868893 -1.774831 0.854519
2.829827 -1.038303 0.556561
2.098798 1.769968 0.013426
2.299670 2.426782 0.028339
2.394435 2.367464 0.033366
1.914594 1.911782 0.008258
1.921282 1.549450 0.361137
1.873289 -1.809912 0.794864
-0.591170 -1.626334 2.996391
0.208757 -2.275290 2.996429
2.861974 -0.996914 0.063897
2.547791 0.286766 0.005691
2.033622 0.357141 0.005616
2.023816 0.129316 0.001690
1.884218 -1.856445 0.519338
1.542076 0.535569 0.012400
-1.310416 2.384868 0.019703
-0.264153 0.157840 0.728666
-0.547799 -0.192122 0.329468
-0.532036 -0.198831 1.071552
-3.338489 1.570799 1.766667
0.139656 -2.843193 2.991444
-0.279890 -0.114297 0.115636
-0.470709 -0.197237 0.264231
-3.011050 1.788312 0.036061
-1.763159 -2.450865 2.999466
-3.485025 0.564620 0.000251
-2.782974 -2.768384 2.996927
-3.338943 -1.583172 0.280782
1.704016 -2.025771 0.122999
1.707872 -2.037364 0.222422
-3.302853 -1.270023 0.321917
-3.259961 -1.895903 0.347068
-2.884364 -0.742856 0.023070
-2.871535 -0.605611 0.050725
-3.336287 -0.498079 0.067945
1.880522 -1.860131 0.483154
-0.540396 -0.204621 0.167971
-2.756171 -0.173181 0.178705
-2.859073 -0.072037 0.309959
-3.339109 -0.256309 0.280209
-3.052839 1.820803 0.001987
-3.200101 1.828048 0.288650
-3.410119 1.571668 0.594283
-1.572246 2.646020 0.003779
-3.354041 1.458487 1.485714
2.665465 0.631841 0.114080
2.680138 0.628321 0.491737
1.881955 1.563320 0.285488
2.865898 -2.649956 2.992860
1.867430 -1.837743 1.100048
0.717875 -2.250933 2.999993
1.170563 -2.346926 2.972518
2.611959 -2.536914 2.963873
2.659275 0.629508 1.308596
1.907391 1.583307 1.202370
2.628152 0.631984 0.313744
1.867723 -1.766633 0.980111
0.312715 -2.194241 2.994771
1.389322 -2.944094 2.985267
2.884760 -0.948287 0.082314
1.876965 -1.821312 0.567439
1.361015 1.805121 0.008701
1.253677 1.889155 0.009243
0.950925 -2.826472 2.982392
-3.137359 1.555771 0.906055
-3.291763 1.845280 0.799217
1.870791 -1.748329 0.008913
1.772500 -2.032946 0.294540
-2.948903 -0.313787 0.082029
-2.888375 -0.373656 0.007061
-3.326388 -0.501453 0.236411
-3.295363 -0.286125 0.031372
0.121895 -2.267617 1.091507
0.152416 -2.089870 0.246799
-3.354352 -1.789815 0.079180
1.850331 -1.609072 0.106057
-2.952141 -0.606611 0.064069
-3.349420 -0.534499 0.112248
-3.295093 -0.375681 0.144278
1.875803 -1.942372 0.472305
1.655694 -2.052445 0.939578
-3.246116 1.719957 0.566579
-3.331622 1.691609 1.079736
-0.290517 -0.009828 1.216856
2.570856 2.077518 0.005056
1.906940 2.531498 0.017655
1.451902 2.166060 0.001159
0.916595 2.808466 0.010949
1.008375 -2.368770 2.997050
3.201298 -2.655811 2.984982
1.887520 1.642866 0.909670
1.232964 -2.352543 2.980100
0.721288 -2.227291 2.990302
1.760142 -2.355058 2.980057
2.755329 -2.583873 2.995218
2.688271 0.622157 0.717004
1.869838 1.587089 1.179932
0.490186 -2.122524 2.999090
0.853605 -2.439971 2.994153
2.673080 0.632879 0.017739
2.335820 1.806963 0.024708
2.496242 2.505303 0.037687
1.883666 2.071836 0.018773
1.007247 1.820837 0.002016
0.667321 -2.992520 2.990987
-0.293302 0.034343 0.647656
-0.466930 -0.213091 0.914712
-0.265452 0.106298 0.661821
-3.342155 1.491628 1.582583
-0.294009 -0.111810 0.014581
-3.429963 1.555225 0.176505
-2.048688 -2.423374 2.999472
-1.857971 -2.515153 2.994042
1.771528 -2.050036 0.392382
-3.114755 -0.131080 0.319141
-3.027498 -0.342692 0.298145
1.768232 -2.050731 0.214269
-3.362887 -1.699690 0.265376
-3.296713 -1.882271 0.486913
-3.441594 -2.108066 0.559961
1.487861 -1.956569 0.247908
-3.322031 -0.443357 0.084246
0.164037 -2.226271 1.297930
1.866463 -1.944252 0.398997
-3.089231 -0.113751 0.716484
1.871962 -1.809410 0.609750
-0.305183 -0.193685 0.008740
-3.395196 1.554036 0.693412
-0.487932 -0.210908 0.882130
-3.353617 1.573628 1.551387
-3.447188 1.558204 1.848897
2.347307 2.546469 0.020573
1.971773 2.837182 0.027573
-3.143973 2.271067 2.882412
1.860708 -1.779975 1.098692
0.759579 -2.243906 2.995152
2.644747 -2.572850 2.954597
3.248049 -2.617680 2.982747
2.623119 0.636619 0.734829
1.749965 -2.365902 2.976413
1.906026 1.665669 1.069003
2.593629 0.632632 0.052390
2.622088 2.427820 0.017288
1.731501 1.380724 0.157314
1.921078 1.554097 0.381906
2.101344 0.521490 0.002126
1.659980 0.701048 0.000812
1.656247 0.988690 0.004827
-0.282263 0.105050 0.169076
-0.483623 -0.197445 0.425774
-3.216695 1.777097 0.313640
-3.468765 1.548037 0.621317
-3.048934 1.497222 0.407037
-1.775662 -2.301220 2.999199
-3.105803 -0.209441 0.703614
-2.898916 -2.472059 2.990401
-2.831023 -2.824478 2.999248
-1.894599 -2.993801 2.996209
-2.924503 -0.878537 0.011613
-3.330022 -1.740998 0.275763
-3.495170 -1.910775 0.630433
-3.308076 -1.844203 0.482807
1.867089 -1.869901 0.273461
-3.129972 -0.239021 0.026108
-3.402840 -0.378416 0.043206
-3.423382 -0.583278 0.266925
0.124861 -2.278830 1.138042
1.877228 -1.780482 0.555567
-3.075589 -0.127782 0.869997
-1.743438 -2.513228 2.995920
2.902171 -0.923400 0.054853
-3.252575 1.802001 0.450356
-3.292838 1.845648 0.665467
-3.293999 1.700155 0.988214
0.323715 -2.401580 2.993829
2.590239 0.636419 0.107678
1.143277 2.030872 0.004348
-0.301392 0.046936 0.952820
2.231963 -2.979435 2.991179
1.899265 1.563160 0.471390
1.245648 2.718899 0.009967
1.231508 -2.294388 2.988876
3.253875 -2.480017 2.995062
1.857053 1.600825 1.172019
1.858186 -1.924429 1.054035
2.299633 -2.445715 2.968651
2.697567 -2.451894 2.978370
1.893734 1.646385 1.229185
0.804910 -2.295409 2.997570
2.067813 1.992445 0.017053
0.730223 2.251079 0.020122
-0.264857 -0.152518 0.568588
-3.290185 1.796530 0.780543
-3.151054 1.526555 0.914449
-3.413860 1.591733 1.010967
-0.177952 -2.874678 2.995344
-3.065506 -0.207270 0.912311
-1.653670 -2.825329 2.997035
-3.104829 -0.388939 0.018531
-3.299197 -1.734130 0.313870
-0.424651 -2.165925 0.010198
-0.120890 -2.008713 0.026858
-3.482903 -0.676685 0.093290
-2.765181 -0.291821 0.206971
-3.206010 -0.347382 0.206604
-2.772069 -0.152681 0.261785
-2.734702 -2.645657 2.999481
-1.809183 -2.932626 2.998085
-0.293328 -0.082739 0.147113
-0.593116 -0.197219 0.095004
-3.017471 1.496943 0.185758
-3.192818 1.790919 0.262473
-3.041982 1.524950 0.383332
-3.427969 1.557642 0.544877
-3.254431 1.515630 1.293484
-3.354691 1.614124 1.505107
-3.376066 1.515712 1.808722
2.553542 0.718808 0.059818
2.448061 2.224652 0.008110
2.082100 2.347200 0.008433
1.113603 2.222819 0.007804
0.858391 2.442674 0.014100
0.535260 2.821860 0.001295
2.646664 -2.952714 2.962811
1.868940 1.678565 0.940709
1.877078 1.641596 0.545479
1.543318 1.374927 0.813365
0.906558 -2.280602 2.999148
1.854420 1.415492 1.292365
1.234073 -0.036021 1.280007
1.246337 -0.034203 0.809740
2.649113 0.633841 0.387134
2.554816 2.597645 0.005653
2.358754 2.433683 0.027708
1.914681 1.545267 0.340967
1.879619 2.489966 0.019893
1.938975 1.758909 0.005752
2.616238 -0.096300 0.000819
-0.274031 -0.093076 0.648157
-0.550484 -0.189147 0.816854
-3.263453 1.506680 1.121242
-0.610105 -0.159220 0.016671
-3.037719 -0.088414 0.907573
-2.548691 -2.508060 2.998250
1.833425 -1.594388 0.049279
-3.329598 -0.495683 0.182234
-3.384597 -0.610813 0.139276
-2.885345 -0.595323 0.026011
-3.149896 -0.915166 0.372349
-3.364805 -1.629579 0.252244
-0.066269 -2.259133 0.021000
0.120771 -2.278817 0.545223
-3.267826 -1.866696 0.442473
1.880588 -1.768727 0.033585
1.882689 -1.818905 0.538992
-0.350361 -0.184943 0.161052
-3.103842 -0.098811 0.321820
-3.199931 -0.096733 0.718991
2.557360 -0.802541 0.066753
1.701003 -2.037750 0.918935
-3.002634 1.528122 0.193986
-3.200987 1.509677 0.723325
-3.424551 1.546330 0.597345
1.782609 -2.999842 2.991299
1.313171 0.683769 0.002027
0.413626 2.257497 0.008883
1.237116 -0.064352 0.483724
-0.544818 -0.194188 1.103893
-3.427878 1.861382 1.344806
-0.544359 -0.199022 1.355333
2.016318 2.938136 0.010228
1.868514 1.405805 0.621887
1.881925 1.632134 0.422742
1.602507 1.403144 0.129365
1.866257 -1.790887 1.042939
1.247587 -2.338276 2.983812
0.944362 -2.467271 2.996501
2.842462 -2.352695 2.988622
1.852791 1.585722 1.249088
1.877158 1.654599 0.858149
1.196193 -2.120634 2.999791
1.802329 -2.445328 2.960347
2.287689 -2.370171 2.993970
1.602496 -2.430450 2.984019
1.906343 1.651139 0.345137
1.883391 1.465825 0.051450
1.641052 1.400033 0.073627
1.882556 1.411837 0.539705
1.538919 1.389587 0.540682
0.759294 2.836149 0.023025
0.732043 2.118721 0.006450
-0.336315 -0.202546 1.422489
0.324951 -2.802547 2.997087
2.758171 -2.939754 2.979222
1.572202 0.926409 0.007501
1.223468 -0.003965 0.063525
1.256521 0.981102 0.001574
-3.364640 1.883983 0.902378
-3.336003 1.780277 1.014186
-0.958126 0.135689 0.001755
-3.118724 -0.124990 0.909033
-2.214543 -2.553946 2.991907
-1.629786 -2.771665 2.992532
-2.020626 -2.633163 2.998331
1.860201 -1.877839 0.402409
-2.988879 -0.449529 0.015550
-3.309404 -0.496609 0.029598
-3.353997 -1.927042 0.553404
0.147397 -2.242726 0.186283
-3.314282 -1.593383 0.086799
-3.286733 -1.731944 0.414822
-3.153297 0.050632 0.546623
-0.449042 -0.184647 0.423591
-3.183194 1.857496 0.188689
-3.200736 1.504470 0.916289
-3.439170 1.586018 0.751941
-3.221634 1.519164 1.134067
-3.453272 1.568122 1.005955
2.385411 -2.976051 2.975847
1.883033 2.284698 0.000011
1.889447 1.649150 0.287505
1.867993 -1.794912 0.786316
-0.468884 -0.204474 1.083938
3.180730 -2.261617 2.989830
1.232061 -2.442989 2.986758
1.693001 -2.416082 2.961672
2.779333 -2.252815 2.992551
2.233028 -2.332457 2.959684
0.822153 -2.498821 2.988416
2.644720 -1.038367 0.853796
2.297261 2.943144 0.004033
1.800643 2.601062 0.016355
1.887827 1.673552 0.750248
0.834441 2.728015 0.013777
1.539233 1.374454 0.752386
0.877069 -2.811236 2.993556
2.430844 2.607148 0.028564
1.249009 -0.018673 0.385497
-0.496975 -0.197844 0.857764
-3.366043 1.814535 1.070880
-3.370741 1.794709 1.319550
-0.538629 -0.183291 0.276105
-2.182595 -2.379340 2.999147
-0.594847 -2.970085 2.993448
2.748445 -1.035752 0.140308
1.872012 -1.925049 0.508507
-3.063885 -0.275046 0.057183
-3.430765 -1.620285 0.139223
-3.368439 -2.348101 0.092481
-3.362048 -2.321314 0.022634
1.443628 -1.927331 0.165204
-3.024339 -0.481540 0.006145
-0.564573 -0.183010 0.308404
-2.988952 1.571420 0.192236
2.440041 -2.996349 2.997265
2.886651 -2.861626 2.976088
2.611270 0.649411 0.407082
1.225040 0.000889 0.331091
1.230312 -0.047813 0.739979
1.869403 -1.783766 0.714452
-3.329449 1.789714 0.787530
-3.401160 1.665167 1.428383
1.911628 -2.733822 2.998108
2.375603 -2.911085 2.970663
2.925457 -2.758076 2.969307
2.443706 2.560916 0.002240
2.822285 -2.244269 2.991828
1.868876 1.543221 0.871373
1.237260 -0.021878 1.209405
1.832692 -2.341748 2.981633
2.275429 -2.317121 2.957117
2.572244 0.638956 1.269717
1.135051 -0.133209 1.101981
0.837368 -2.504708 2.994878
2.611504 -1.035938 0.849173
1.875030 1.513102 0.562102
1.607875 1.401123 0.559313
2.541333 2.548294 0.013538
1.953063 2.978715 0.037010
1.893094 1.676288 0.411359
1.765535 2.871401 0.029031
1.243057 -0.003711 0.438781
1.868788 -1.821797 0.654423
-3.397463 1.724824 1.381988
-3.444484 1.705996 1.653514
0.363131 -2.650584 2.997451
2.431613 -2.927290 2.985509
2.973432 -2.848523 2.997232
1.261843 0.467626 0.000352
-3.396004 1.592763 0.187224
-1.695606 -2.270685 2.999143
-0.045713 -2.994285 2.996642
3.479669 -0.204037 0.002094
2.866948 -1.014063 0.350349
2.612691 -1.035259 0.283581
-2.742645 -0.235480 0.229683
-2.932047 -0.272050 0.308416
0.177983 -2.205151 1.215142
-2.590682 -2.899135 2.997851
1.739336 -1.437017 0.051731
-3.449401 -1.826653 0.671278
1.833755 -1.628617 0.149948
0.169888 -2.201718 0.485230
-2.760631 -0.240111 0.213093
-3.389205 -0.608964 0.057394
2.545331 -0.591733 0.041957
-2.777087 0.158607 0.254674
3.031147 -2.940847 2.993228
1.224050 0.032250 0.472081
-3.039802 1.580315 0.318550
-3.083711 1.529670 0.603157
-3.417274 1.515942 0.753055
1.403723 -2.778421 2.996175
3.230274 -2.708725 2.998073
1.876515 1.824581 0.103059
0.461255 2.271151 0.004433
1.667909 -2.031088 1.206893
-3.443151 1.755841 1.328290
-3.415540 1.493320 1.770710
1.431574 -2.480386 2.979200
1.866283 1.403694 1.030760
2.371701 -2.336663 2.968007
2.773685 -2.156515 2.998445
1.860465 1.590419 1.271654
1.857649 1.400809 1.147036
1.041324 -0.116538 1.027966
1.390095 -2.585211 2.971216
1.880398 -2.473063 2.963925
2.072145 2.649875 0.015824
1.791674 2.437066 0.004312
0.342281 -2.778630 2.996028
2.979205 -2.898418 2.970525
2.013677 2.020578 0.006824
1.872904 1.808172 0.020630
-3.051385 1.521450 0.362782
-3.462351 -2.196580 0.098738
0.172615 -2.176270 0.567056
-3.312758 -0.434774 0.032968
-3.459632 -0.717601 0.132777
0.174663 -2.219890 1.168638
-3.000742 -0.083101 0.869340
2.571316 -2.931123 2.961455
2.929579 -2.859687 2.980496
1.897032 1.571262 0.240438
1.234234 -0.021635 0.280939
1.216734 -0.081394 0.189382
1.637551 -2.033340 1.212779
1.884197 1.455183 0.542291
0.145930 2.405065 0.543650
1.863050 1.545206 1.161462
2.366807 -2.243999 2.994052
1.871932 1.675161 0.973985
1.547506 1.373258 0.647206
0.145910 2.410670 0.459177
0.902717 -2.649435 2.992465
1.862079 -2.375473 2.990308
2.125663 -2.362318 2.996755
2.825478 -2.155478 2.997522
1.867146 -1.750107 0.847381
0.982736 -2.918924 2.996557
1.825650 1.967130 0.056539
0.620198 2.441719 0.029808
0.259227 1.284892 0.001818
-0.582485 2.648917 0.024505
-0.601184 -2.464452 2.997381
0.418884 -2.768947 2.996403
0.546883 -2.885821 2.994568
2.925780 -2.807871 2.979661
-2.966615 -0.037476 0.740678
-1.663450 -2.783490 2.997187
-3.176059 -0.953108 0.348210
1.809568 -1.598037 0.055857
0.164249 -2.231394 0.502822
-3.399396 -0.655793 0.074472
-3.259261 -0.995622 0.371829
0.156204 -2.097456 0.833701
-2.865624 0.141246 0.094317
-3.143354 -0.159465 0.430469
-3.037950 -0.218673 0.826853
-0.532553 -2.998877 2.996527
2.015008 -2.984565 2.983383
2.516903 -2.896528 2.960730
3.017467 -2.885427 2.955233
1.228761 -0.010128 0.302896
1.871147 -1.793434 0.683198
0.372738 -2.369010 2.998876
1.995930 -2.686780 2.999499
1.896466 1.469821 0.558845
1.897504 1.629941 1.049825
1.889721 1.609314 0.842163
0.148515 2.402003 0.850356
1.830203 -2.366065 2.972508
2.856224 -1.038507 1.322756
1.856256 1.643828 1.257362
0.146259 2.366867 1.334111
1.246830 -0.033676 1.037759
1.490688 -2.534624 2.957894
2.959996 -2.112504 2.986441
2.459381 2.635904 0.002025
1.821444 2.902676 0.024437
1.967877 1.292092 0.003446
1.594241 1.392642 0.064068
1.123411 2.376708 0.014840
-0.924743 2.870633 0.008245
-0.552970 -2.252230 2.996630
0.467429 -2.697472 2.993239
1.740506 -2.956787 2.956313
2.571253 -2.798607 2.961355
3.020099 -2.699095 2.974426
-0.447393 -2.887286 2.999107
3.028333 -2.849252 2.993668
-3.325420 -0.367437 0.277624
-3.335180 0.031474 0.012862
-3.299775 -2.689464 2.993305
0.138318 -2.116929 0.094191
1.270798 -1.849521 0.048134
0.147883 -2.107465 0.170505
0.162199 -2.233972 0.588550
-3.381782 -0.592936 0.062253
-3.395364 -0.382177 0.277950
-3.035116 -0.075795 0.737453
2.568767 -2.845575 2.957427
3.015965 -2.721609 2.964616
2.062185 2.504576 0.001914
1.914455 1.563882 0.293920
0.851512 2.938559 0.010970
0.152450 2.360688 0.881379
1.865075 -2.405541 2.979050
2.760008 -2.110639 2.999704
2.772283 -1.038739 1.261775
0.127968 2.353683 0.412675
0.143046 2.358363 1.151354
1.925361 -2.370483 2.961167
2.974379 -2.016302 2.984402
1.750528 -2.035008 0.933402
1.858441 2.972590 0.005804
1.914905 1.703550 0.002779
1.545850 1.384678 0.552539
-0.610636 2.564466 0.003928
2.463713 -2.755121 2.982139
2.772053 -2.650440 2.976053
2.540293 -0.849820 0.604485
2.449446 2.356120 0.022255
1.203339 1.867743 0.011086
1.135045 1.812914 0.012668
1.194789 -0.099424 0.142791
0.203275 1.165847 0.001723
0.003720 1.626914 0.014506
-0.243220 1.686315 0.012047
-1.700531 -2.201763 2.997965
-0.558316 -2.649351 2.994145
0.556665 -2.972113 2.991182
2.591557 -2.851192 2.979704
2.856847 -1.033025 0.608779
-2.842643 0.085490 0.085387
1.813879 -1.629498 0.054218
-3.314636 -1.198149 0.144889
-0.143920 -2.272101 0.037595
-3.336140 -0.106680 0.754802
-0.471290 -2.974362 2.997371
1.033856 -2.842300 2.999732
2.516146 -2.774407 2.966450
3.107886 -2.747816 2.958048
1.754370 -2.032973 0.954379
1.487092 -2.446508 2.951116
1.971528 -2.637303 2.990850
0.176566 2.419431 0.815616
2.164447 2.453803 0.020262
0.645915 1.357532 0.003202
1.239660 -0.033215 0.249708
-0.796751 2.266349 0.017560
-0.982676 2.352264 0.014691
0.643106 -2.840264 2.998872
1.691647 -2.961410 2.942497
2.066861 -2.946615 2.991973
2.612908 -1.057766 0.649408
2.058651 0.412545 0.003188
0.980336 0.011662 0.068196
0.573684 0.175296 0.003273
0.666094 -0.023824 0.000333
-3.110849 -0.039989 0.595449
-3.395514 -0.115951 0.755674
-3.300681 -0.754203 0.047250
-3.420209 -0.683977 0.039923
1.734639 -1.524137 0.010188
1.869980 -1.905071 0.429894
0.162548 -2.157301 0.639405
-3.497508 -2.027683 0.497220
2.620801 -1.053011 0.234681
-3.004071 -0.557559 0.042561
-3.379906 -0.636258 0.172537
-2.758900 -2.996597 2.999350
2.957462 -2.703114 2.942243
1.893812 1.591694 0.678787
1.927048 2.862061 0.016341
1.892115 1.614614 0.040789
1.171544 -0.150751 0.755089
-0.484092 1.997607 0.005252
0.963994 -2.638778 2.994681
1.883566 1.570473 1.038794
1.740016 -2.036407 1.001964
-0.353934 -2.046498 2.998489
0.332892 -2.482512 2.991693
1.932925 -2.681531 2.995534
2.306481 -2.273295 2.982927
2.822305 -2.084514 2.992167
2.689271 -1.059969 1.270989
1.879366 1.625080 1.336229
1.885774 1.651102 0.636112
0.109711 2.297798 0.863908
0.166686 2.375176 1.122345
1.103686 -0.151449 1.182969
1.874376 1.656529 1.026218
-0.379573 2.104661 0.000613
-0.655705 2.149465 0.011427
-1.533299 -1.949275 2.998116
-1.244151 -2.091760 2.995128
3.079609 -2.657615 2.974967
2.300588 2.485493 0.014925
1.838182 2.673961 0.021881
0.654818 1.323717 0.012222
0.258177 0.820005 0.002025
0.062681 1.206673 0.008606
-0.051649 0.840327 0.001877
-0.369585 1.221128 0.008218
-3.424205 -0.614201 0.273460
0.168942 -2.226664 1.122995
2.869930 -0.979546 0.244260
1.876933 -1.794267 0.498707
-3.162150 -0.945779 0.157729
-3.261163 -1.320762 0.147563
-3.407057 -1.900527 0.566069
3.380520 1.323151 0.000582
2.605084 -1.056106 0.869683
-2.924222 -0.359080 0.246703
1.060109 -2.860212 2.999011
3.007354 -2.698567 2.940841
2.387006 2.179866 0.004785
1.828143 2.960379 0.011308
-1.177722 2.518876 0.005218
-0.898779 1.699261 0.000852
1.855832 -1.875660 1.054004
2.002371 -2.665553 2.997425
1.888932 1.436422 0.842102
1.899091 1.539669 0.677669
1.042897 2.834651 0.001923
-1.490679 -1.692564 2.999745
0.374357 -2.468113 2.988941
2.809737 -2.030525 2.987602
1.871969 1.652263 1.326223
1.874344 1.477915 0.880186
1.882514 1.600143 0.676501
1.819892 -2.327743 2.946870
2.302771 -2.176266 2.978554
2.776448 -1.043954 1.331957
0.011147 -2.428158 2.997945
2.114347 2.861505 0.011094
1.865554 1.532542 0.460105
1.072910 1.396363 0.002891
0.457289 2.930179 0.021507
0.137496 2.448891 0.054820
-0.199755 1.785097 0.000763
-0.927262 2.465420 0.025586
-0.973036 1.865017 0.015677
-1.237613 2.525618 0.024384
-1.176194 1.953373 0.007667
-1.788675 2.670930 0.025404
1.990909 -2.799809 2.999048
-3.130507 -0.166578 0.390189
-3.323477 -1.286050 0.095058
-3.459219 -1.893850 0.597178
0.153017 -2.265636 0.360559
1.869225 -1.963932 0.366390
0.093966 -2.304809 0.371598
-2.894686 -0.713399 0.055743
-3.434894 -0.757909 0.164816
-3.093185 -0.301499 0.305929
-3.373855 -0.387462 0.233433
1.051142 -2.986345 2.998752
2.128816 -2.927919 2.991718
2.520128 -2.745267 2.943929
2.321816 1.081102 0.000279
1.223194 0.014379 0.284583
-3.187205 -0.035644 0.713513
1.918612 1.619475 0.639936
1.890036 1.537805 0.351126
1.852794 2.704218 0.005840
1.064771 2.848794 0.014387
1.036968 -2.606149 2.992680
2.791497 -1.053494 1.175923
2.569869 -1.054030 0.951641
1.889161 1.559793 1.136142
1.893950 1.627169 0.734587
1.161339 -0.155550 1.074983
1.876111 -1.862199 0.992908
1.797158 -2.274807 2.999969
1.986184 -2.375446 2.939481
2.415296 -2.158436 2.996211
1.868715 1.582462 1.364255
1.860530 1.535766 0.735384
-1.411417 2.640709 0.008019
-1.618903 2.717375 0.009599
-2.091708 2.909496 0.013722
0.658438 -2.731229 2.996393
1.848870 1.995265 0.008166
0.773085 0.894555 0.001363
0.235222 0.765788 0.000810
-0.256883 0.749067 0.003641
-2.888074 -0.683020 0.054644
-3.435690 -0.734403 0.132383
1.883168 -1.799476 0.204114
-0.212599 -2.269743 0.011438
-3.412699 -2.993965 0.075732
1.885626 -1.782776 0.525806
-3.493302 -2.327163 0.090175
-2.960565 -0.664721 0.059643
-3.418513 -0.718865 0.157957
-3.255283 -1.273795 0.086658
3.060144 -2.535687 2.963267
-3.358802 -0.133671 0.729770
2.165911 -2.911931 2.990340
2.619208 -2.763093 2.976717
1.895270 1.492609 0.321366
1.816535 2.017579 0.084591
-0.883213 2.736571 0.012385
-1.069212 2.830848 0.005971
1.851226 1.518408 1.018654
1.644733 1.370931 0.967085
1.659330 1.386578 0.341535
0.147291 2.413172 0.337264
-0.311855 -1.938638 2.998301
1.906383 -2.259974 2.966732
2.861390 -1.917470 2.999736
0.143747 2.401423 1.175185
1.127734 -0.156294 1.099296
1.645332 -2.038460 1.353075
1.871152 1.675004 0.712578
0.121290 2.347525 0.437413
0.088779 2.310658 0.661214
-0.934932 2.520030 0.004840
-1.326258 2.673275 0.005665
-1.809376 2.907202 0.003939
2.717120 -2.659140 2.970165
1.806952 2.512840 0.013068
0.607651 1.312334 0.008987
0.654945 2.039437 0.021119
0.070743 1.254363 0.007371
-0.319283 1.778870 0.014238
-0.382941 1.293820 0.008447
-0.668956 1.780688 0.019052
-0.521629 1.324417 0.007540
-0.958454 1.406160 0.014340
-1.144035 1.463372 0.012173
-1.285241 1.900930 0.019344
-1.479370 1.957971 0.018148
-1.676357 2.011169 0.019966
2.114190 -2.892493 2.989085
3.160400 -2.562190 2.969710
3.436344 2.659993 0.008754
-2.842619 -0.343559 0.302262
-3.406079 -0.241249 0.310877
-2.636399 -2.923881 2.998952
-3.494598 -1.394704 0.001664
1.873343 -1.894566 0.372248
0.159099 -2.241369 0.302521
-0.499050 -2.965419 0.546371
2.888268 -0.857990 0.119609
1.867409 -1.987832 0.340030
-3.497194 -1.389997 0.098645
3.476953 1.220403 0.000008
-3.299529 -0.376156 0.018131
-3.216700 -0.252483 0.305610
1.101411 -2.852702 2.998760
2.705849 -2.735690 2.985207
3.142785 -2.613781 2.944020
2.237627 2.434225 0.004261
2.997191 -2.458461 2.941063
1.907649 1.687107 0.718984
1.888661 1.480450 0.274976
-0.012433 2.890117 0.005209
-0.346175 2.846184 0.013066
-2.884531 2.942247 0.024477
2.885540 -1.823822 2.998238
0.142428 2.370287 1.119011
1.903044 -2.216829 2.954721
2.391855 -2.080836 2.980937
1.868830 1.652677 1.359457
0.142250 2.501889 0.453278
1.024317 -2.575517 2.993512
1.507185 -2.383673 2.972112
1.118941 1.458233 0.003751
1.038550 2.306742 0.016793
-0.588733 1.905935 0.013895
-0.912830 1.999708 0.010067
-1.308724 2.771924 0.026376
-1.693823 2.889040 0.027604
-1.495530 2.199047 0.007615
-1.720919 2.282800 0.007973
-2.558271 2.637885 0.008044
2.657881 -2.624737 2.975878
3.076164 -2.414764 2.966077
1.272198 0.798069 0.001761
-3.323520 -2.408454 2.995227
-3.182312 -1.032380 0.119791
1.659899 -1.503556 0.108267
1.873503 -1.803181 0.413421
-3.488336 -2.392813 0.103777
1.744211 -2.038524 0.968517
0.090065 -2.302526 0.606735
-3.286755 -1.082557 0.477470
-3.307348 -1.279033 0.286608
2.606342 -2.678811 2.947593
3.089839 -2.413809 2.946206
2.627942 -1.036994 0.669969
1.870733 1.642109 0.644816
1.886471 1.512760 0.227823
1.868659 1.920507 0.001858
-1.289708 2.733601 0.002372
-2.939235 2.861611 0.229424
2.548441 -2.512630 2.944074
2.757869 -1.036900 1.151931
1.741979 -2.039319 1.333556
1.459435 -2.354329 2.971232
2.396060 -2.103000 2.960806
1.858292 1.655065 1.267575
-0.016163 2.294724 1.100840
1.830940 -1.881234 1.125822
1.688634 -2.034174 1.355590
3.004703 -1.826738 2.992528
1.863706 1.543034 0.256225
1.857871 1.596020 0.858651
-0.514627 1.991602 0.007742
-0.808594 2.047369 0.012371
-1.412659 2.281332 0.002626
-1.870370 2.454947 0.007987
-2.136677 2.563937 0.010893
-2.906934 2.804175 0.060919
-2.065487 1.866161 0.267631
1.867979 -1.856499 0.875784
2.211412 -2.903631 2.986135
2.708595 -2.624440 2.988693
3.150797 -2.521852 2.960871
1.686490 2.869893 0.028076
1.182968 1.207091 0.004005
1.235540 0.003475 0.371759
0.160304 0.848465 0.000736
-0.057809 1.225606 0.008421
-0.492223 1.220210 0.006989
-0.742579 1.232318 0.010335
-0.971315 0.969745 0.002448
-1.046687 1.281056 0.007758
-1.214388 1.312178 0.008022
-2.018708 -2.563284 2.999145
-0.441869 -2.835780 2.998306
2.727398 -1.036450 0.552281
-3.246694 -0.499491 0.024908
-3.359017 -0.804849 0.366654
-3.339537 -0.391898 0.046603
-3.396479 -1.353889 0.233270
0.124812 -2.279287 0.766254
2.689056 -1.043900 0.529023
-3.362275 -0.602452 0.218757
2.268437 -2.903524 2.988265
2.758044 -2.644443 2.960443
3.107357 -2.431705 2.968752
1.733711 2.567338 0.008950
-0.857889 1.825883 0.007613
-2.898883 2.757024 0.050073
1.876830 -1.846432 0.873219
2.603633 -2.480978 2.946969
1.903955 1.638733 0.505005
-0.300703 0.104004 0.936056
1.704733 -2.039844 1.352257
-0.277189 0.124930 1.256938
2.007532 -2.249219 2.955621
2.335566 -2.023562 2.990961
1.420056 -2.379304 2.967487
1.901511 -2.179864 2.984461
1.544495 1.368847 0.955909
-1.534962 2.901353 0.001916
-2.029375 2.495743 0.023961
-2.766961 2.710544 0.021755
1.868992 1.561017 0.530003
1.265255 1.805066 0.003115
0.538878 1.233907 0.000720
-0.792147 2.375502 0.020522
-1.176603 2.367287 0.020296
-1.742986 1.898443 0.009980
-1.811676 2.432877 0.026897
-2.102655 1.938881 0.033033
-2.070152 1.763378 0.242030
-1.266860 -2.521728 2.998159
0.565219 -2.819510 2.999561
1.762128 -2.887041 2.884713
2.213268 -2.823633 2.975869
2.745798 -2.566275 2.967059
3.095857 -2.369607 2.958365
3.472736 2.286629 0.002585
1.600604 -1.485710 0.037528
1.235116 -1.948398 0.002694
-3.393646 -2.403590 0.009581
-2.944025 -0.914879 0.002961
-3.356110 -0.550318 0.110964
-3.249294 -0.873623 0.363823
2.304137 -2.934667 2.995606
2.857399 -2.708502 2.966674
3.250207 -2.368365 2.974900
1.891293 1.489294 0.210436
1.916756 -2.866295 2.988444
2.254214 -2.780880 2.991770
2.797720 -2.540599 2.938660
3.098733 -2.349604 2.996711
1.746108 2.635674 0.003243
0.144041 2.370467 0.380882
0.153773 2.399665 0.177757
1.234657 -0.034589 0.667973
-3.171248 2.653160 0.293806
-0.294730 -0.020833 0.975545
0.879257 -2.292766 2.997833
1.883516 1.592599 0.940809
1.751874 -2.044683 1.312865
1.504253 -2.406034 2.976474
2.438735 -1.987258 2.991993
2.891300 -1.784925 2.991137
1.877340 1.634906 1.374830
0.026760 2.278100 1.195576
2.053001 -2.227854 2.945647
2.781792 -1.721908 2.998837
0.281330 2.249305 0.009956
0.147886 2.399143 0.718450
1.699700 -2.032210 1.315624
1.548306 1.438017 0.084085
0.744121 2.862249 0.016398
-1.434458 2.065854 0.003673
-1.828950 2.163677 0.004023
-2.046107 2.220594 0.006119
-2.288298 2.295486 0.007096
-2.906117 2.818938 0.140714
-2.056183 1.887448 0.318201
0.710037 -2.795783 2.993254
2.238867 -2.794219 2.996127
2.820795 -2.629119 2.976439
3.180735 -2.421048 2.978812
2.064182 2.235358 0.000018
1.899947 1.790271 0.005239
1.153914 0.666844 0.001470
0.919743 0.968886 0.005126
0.445174 0.667765 0.002650
-2.746011 -2.699589 2.990193
-2.756184 -2.866873 2.987516
-3.088099 -2.818268 2.998819
-1.983872 -2.989656 2.986412
-3.206890 -1.203892 0.117945
-3.437318 -1.308433 0.154367
1.159609 -1.924570 0.046171
-3.332004 -1.674732 0.317729
3.390081 -2.361658 2.974458
2.612448 -1.042010 0.547504
1.888917 -1.774090 0.646649
-3.224029 -0.949914 0.479988
2.748968 -2.593973 2.927511
3.193289 -2.362128 2.978168
1.926999 1.653478 0.371295
1.969054 2.663129 0.018800
-0.704092 1.904942 0.000370
1.918159 1.650013 0.961192
-2.919689 2.956012 0.165717
-3.026886 2.720596 0.256621
2.100642 -2.209662 2.937686
1.885594 1.593065 1.336123
2.835630 -1.736139 2.995046
1.870585 1.618633 1.400772
1.871286 1.645531 0.993152
-0.278289 0.121873 0.886150
-0.297644 -0.005185 1.279162
0.440468 -2.606424 2.993658
1.738475 -2.238085 2.998054
1.983883 -2.189388 2.968552
-0.567177 1.862808 0.003545
-1.416531 2.937684 0.011978
-1.956008 2.858203 0.035035
-2.220372 1.869881 0.323485
-2.919618 2.793543 0.123559
2.803889 -2.539808 2.984048
3.109956 -2.330070 2.950391
1.872935 1.696100 0.514135
1.112455 2.286894 0.009027
1.165140 1.253680 0.005056
0.577238 1.309233 0.009677
0.113613 1.022118 0.003416
-0.577111 1.410304 0.004928
-0.408274 0.888538 0.003930
-1.556273 1.327759 0.004058
-2.452005 -2.646733 2.984872
-3.344367 -2.563077 2.998691
-2.227034 -2.781494 2.990770
1.874120 -2.973180 2.994639
2.834805 -1.054563 0.710576
2.632171 -1.050076 0.585784
-3.229702 -0.888616 0.162452
-3.439645 -2.422003 0.075226
-3.259921 -0.935391 0.191269
2.343586 -2.879514 2.994760
2.691937 -2.534074 2.962590
1.908411 1.643052 0.429778
-0.289889 -0.203257 0.628618
-0.342308 -0.212472 0.245235
0.554898 -2.650468 2.998883
1.729692 -2.763274 2.996562
-0.032611 2.309848 0.522236
0.128245 2.706510 0.000830
1.231335 -0.019637 0.637261
-0.881695 2.069888 0.000607
-2.956530 2.974380 0.171538
-2.904609 2.865523 0.159225
-2.364265 2.207956 0.010470
-2.088346 1.681104 0.157084
-3.168585 2.619449 0.261904
-0.312071 0.112780 0.838711
0.960151 -2.439080 2.998453
1.869467 1.459181 1.281456
1.197698 -0.092443 1.033356
1.989670 -2.288899 2.957538
2.379124 -1.985455 2.996202
2.874650 -1.587741 2.981686
1.860059 1.419484 1.307875
0.137167 2.431793 1.255336
0.151218 2.462116 0.429165
0.025245 2.302929 0.457589
0.488747 -2.617191 2.996316
1.553137 -2.518573 2.959758
-1.770294 2.950171 0.008751
-2.871652 2.874429 0.070876
-2.094257 1.826802 0.310045
1.161640 -2.675084 2.979751
1.871705 1.603789 0.203836
-0.040210 2.821859 0.057466
-0.275267 1.513671 0.003955
-0.664560 1.411340 0.002198
-1.287600 2.127450 0.011935
-0.896464 1.385631 0.002499
-1.686651 2.085665 0.014519
-2.018191 2.104008 0.013667
-2.213201 2.128768 0.012493
-2.073282 1.715899 0.119574
-2.459353 -2.485210 2.993666
-1.827414 -2.556993 2.996175
-2.976741 -2.355387 2.997710
-1.309427 -2.545011 2.997983
-0.296032 -2.905957 2.988920
0.896905 -2.980716 2.995424
2.800882 -2.486218 2.973577
3.047776 -2.226749 2.934657
3.365174 -2.011002 2.998483
1.892984 2.009483 0.010130
2.950393 -2.534013 2.978008
3.260662 -2.325337 2.995360
0.171453 -2.213423 0.716149
1.211134 -1.969475 0.013784
3.494089 1.309554 0.003486
1.639389 -2.034898 0.775027
-3.326009 -1.767962 0.186986
1.957801 -2.927655 2.998071
3.282689 -2.159725 2.978550
-0.282129 -0.191496 0.264675
-3.314140 -1.142604 0.454585
1.783394 -2.683215 2.987939
2.383542 -2.771382 2.994190
2.739454 -2.510757 2.927182
2.628911 -1.042341 1.110860
1.901315 1.626139 0.188179
-2.288354 2.658117 0.009102
-2.202914 1.641605 0.311978
-2.152905 1.581510 0.070696
-0.486525 -0.197481 0.585386
-3.348985 -1.926991 2.842093
0.174517 2.411972 0.329199
-3.095376 2.740706 0.313199
-0.301377 0.022433 0.930627
1.427611 -2.334753 2.999645
2.026240 -2.190010 2.980684
1.870214 1.508179 1.225993
1.903044 1.678970 0.898621
0.142992 2.369726 0.824448
-0.523494 -0.205727 0.951853
-0.468514 -0.190296 1.321943
1.841196 -1.910938 0.876379
1.762224 -2.049481 1.350907
0.576613 -2.638670 2.999929
1.430210 -2.226423 2.996396
1.989435 -2.228916 2.950626
2.930500 -1.596678 2.991519
0.147462 2.408480 0.147173
-2.975417 2.803610 0.222690
1.863927 1.732449 0.139397
-1.074603 2.435900 0.008269
-1.331758 2.407654 0.004435
-1.750722 2.375710 0.009085
-2.125460 2.429213 0.006415
-2.521483 2.473248 0.013376
-2.115896 1.605858 0.018605
-2.056388 1.908246 0.144211
-0.311797 0.178828 0.223829
2.746116 -2.380482 2.971184
0.954236 2.898256 0.023756
0.615072 1.954625 0.005535
0.542045 1.748120 0.011603
1.191772 0.021205 0.100262
-1.032901 0.870932 0.000127
2.200576 -2.716633 2.999906
2.947838 -2.483439 2.951525
3.285032 -2.228110 2.967246
3.223460 2.619999 0.025862
-3.350821 -1.320840 0.209053
3.349217 1.285531 0.010752
-3.382792 -2.370735 0.032621
1.865846 -1.873364 0.915570
2.493604 -2.819780 2.993259
2.991470 -2.434301 2.953120
3.329406 -2.205605 2.960091
1.889319 1.586133 0.174141
1.762821 2.508678 0.005891
1.190031 -0.099971 0.445603
1.891192 1.469384 0.725858
-1.917041 2.768055 0.020178
-2.970359 2.764418 0.069026
-2.207128 1.681258 0.322226
1.985114 -2.326100 2.977426
1.878721 1.433857 1.376493
0.143507 2.356643 0.209081
-0.293622 -0.020454 0.626750
-0.309093 0.167204 1.007116
1.825657 -1.822763 1.126412
-3.343476 1.519492 1.813667
1.826100 -2.051519 1.330521
1.854789 -2.664127 2.997928
2.135978 -2.215941 2.950338
1.845060 -2.202806 2.999469
2.870964 -1.683406 2.995346
3.286318 -1.385067 2.997850
-1.784519 2.617069 0.003649
-2.962551 2.708261 0.021417
-1.853533 1.585779 0.000388
1.871658 1.627453 0.323608
0.768022 2.464903 0.014598
0.725620 2.333657 0.012336
0.077498 2.593518 0.018830
0.510356 1.774391 0.013053
-0.177939 2.109121 0.018253
-0.632677 1.782322 0.007667
-1.258024 2.592098 0.025033
-0.992120 1.613950 0.012515
-1.242155 1.587598 0.007094
-1.518532 1.570947 0.005139
-2.215685 2.314219 0.016034
-0.328235 -0.204604 0.284876
-2.108239 1.641040 0.164948
-2.560597 -2.673670 2.998983
-0.318296 -2.975671 2.994378
1.882446 -2.709134 2.996238
3.240774 -2.128380 2.993407
1.862210 1.578310 0.145583
2.022892 1.275582 0.006681
1.764046 2.313500 0.012825
1.673344 1.103195 0.000552
1.228056 0.830476 0.003922
1.206934 -0.086616 0.015750
0.505160 0.064948 0.000319
1.852945 -1.953355 0.864627
-3.347290 -1.223394 0.338656
3.001033 1.037506 0.000992
0.169990 -2.246410 0.062001
0.047126 -2.306971 0.094399
1.288960 -1.988441 0.041984
3.495437 1.705957 0.010551
1.609139 -2.038021 0.699724
-3.272666 -1.809654 0.265996
-3.478269 -1.697528 0.151888
2.784813 -2.391885 2.927616
3.221970 -2.002292 2.963437
1.214280 0.009217 0.009781
1.839078 -2.616486 2.988413
1.882751 1.439353 0.675836
-0.412578 -0.198547 0.617424
1.889790 1.633104 1.054579
1.876564 1.531787 0.622364
0.148848 2.511852 0.403452
-1.282795 2.544683 0.017325
-1.517062 2.854747 0.006096
-0.498160 -0.194690 0.539241
-0.545189 -0.199181 1.265233
1.730888 -2.050581 1.412368
1.467532 -2.204092 2.999490
1.283501 -2.601130 2.924644
1.576167 -2.472035 2.912817
2.520924 -1.842211 2.994320
2.971123 -1.492696 2.987971
-3.040015 2.878962 0.237891
-2.066172 2.757036 0.019223
-2.511005 2.851919 0.009489
1.194929 -0.094227 0.387246
-0.804068 2.954913 0.018805
-0.642417 1.661843 0.002673
-1.509189 2.479707 0.014465
-1.071288 1.563774 0.002735
-2.243330 2.430547 0.009337
-2.497433 -2.371026 2.993461
-0.599163 -2.678601 2.996244
2.444952 -2.642210 2.994673
3.343777 -2.121200 2.987236
1.963600 1.375474 0.000585
1.860295 1.492176 0.359564
1.190736 2.254322 0.018870
1.077162 0.862746 0.008500
0.794838 1.169462 0.012473
1.071463 0.216662 0.033094
0.852180 0.594835 0.003758
0.627483 0.913973 0.013050
0.358621 0.246391 0.003914
0.202996 0.550003 0.010469
-0.422642 0.326744 0.006273
-1.204531 -0.001071 0.002884
-1.448115 0.220941 0.004449
3.435563 2.758819 0.029090
3.093326 2.470623 0.009539
-1.098607 -2.949153 0.534028
2.745664 -1.036733 0.253568
1.872501 -1.804681 0.398647
3.350189 -2.955171 2.996536
0.142511 -2.249665 0.757402
1.888427 -2.622056 2.986722
2.939718 -2.400621 2.964266
3.277130 -2.014772 2.959158
1.534586 1.397276 0.192582
1.216227 0.030124 0.579133
-2.254638 1.586249 0.017534
-0.435166 -0.204827 0.551116
1.870227 1.417276 0.956973
0.158112 2.484246 0.397995
-2.261397 2.644934 0.007737
-2.504797 2.710255 0.001564
-3.029416 2.683136 0.042061
-0.309951 0.109062 0.951339
-0.533849 -0.200773 1.335149
1.840547 -1.778939 1.124898
1.863783 -2.048909 1.261142
1.638977 -2.051432 1.408506
-2.826078 -1.942093 2.997596
-2.152294 -2.149609 2.993628
-1.413858 -2.350632 2.987591
1.050524 -2.346317 2.997793
1.773193 -2.284941 2.894207
2.081124 -2.147374 2.958344
2.937564 -1.492051 2.989505
1.860531 1.542629 1.430395
-3.068735 2.750072 0.281619
-1.881529 2.561852 0.007613
-2.025095 1.808106 0.191425
-3.076411 -1.837133 2.995941
-1.948423 -2.206289 2.990447
-0.569919 -2.546696 2.993713
1.866296 1.537674 0.311008
1.924041 1.359067 0.002038
0.660141 0.814540 0.007315
0.390662 1.268473 0.013199
-0.120754 0.910331 0.007484
-0.535173 1.410548 0.009922
-0.271432 0.839960 0.010626
-0.682490 0.773436 0.001562
-1.087788 1.207837 0.010203
-1.027549 0.722398 0.006509
-1.466148 1.157747 0.008703
1.881406 -1.974182 0.847828
-2.847664 0.831139 0.003761
-3.173540 0.874980 0.003587
-3.425438 1.279730 0.001762
2.099076 -2.989264 2.992124
2.894192 -2.376572 2.936846
3.329927 -2.019557 2.980114
3.033976 2.554214 0.010132
2.944066 2.305789 0.002699
2.036213 0.518392 0.003393
2.860541 -0.968785 0.290589
1.872155 -1.958170 0.402210
2.792641 -1.326910 0.005372
2.821138 -1.030481 0.222153
-3.324945 -1.816521 0.178471
2.883882 -2.258476 2.941145
-0.301129 0.068324 0.125128
-0.586997 -0.198472 0.246458
2.678408 -1.030679 1.002546
-0.110840 2.446566 0.064021
-2.236404 2.181409 0.006300
-3.137716 2.626017 0.257803
-2.086086 1.790343 0.113196
-0.303827 0.076202 0.706085
1.854708 -2.047066 1.392677
-0.185355 -2.416869 2.998029
1.030848 -2.347791 2.992799
1.478921 -2.161343 2.995198
1.775188 -2.235505 2.898556
-0.246175 2.628321 0.001670
1.227707 0.002808 0.630006
-2.913031 2.832961 0.237357
-2.068976 1.867387 0.117185
-3.100548 2.680470 0.292639
-0.529506 -0.188658 1.238681
2.081033 -2.027667 2.962590
2.514581 -1.737861 2.995262
2.829913 -1.440546 2.994387
0.604988 1.688289 0.010801
0.189514 2.598909 0.017352
0.081184 2.256156 0.014770
-0.084093 1.879147 0.018574
1.236772 -0.006131 0.585811
-0.744390 2.785734 0.033301
-0.549401 1.496557 0.009639
-1.197292 2.259926 0.022361
-0.297820 0.057418 0.116021
-1.114350 1.302185 0.010128
-1.527801 2.033522 0.028729
-1.761576 1.973444 0.026973
-1.510534 1.267107 0.007901
-1.057826 0.749684 0.002333
-1.651356 1.255435 0.011366
-0.520549 -0.214643 0.236061
-3.334149 0.966600 0.003313
1.873921 -1.914734 0.872874
2.957453 -2.224976 2.978976
3.230356 -1.970737 2.949378
1.873556 1.467494 0.193402
3.162870 2.637823 0.013706
0.093814 -2.287529 0.070989
3.388341 -2.902793 2.993447
1.880577 -1.987989 0.140789
3.330675 -1.926085 2.982714
2.935623 2.574236 0.012613
-0.510216 -0.190094 0.104256
2.482094 -2.609677 2.996887
2.724303 -1.025895 0.943866
1.232869 -0.004887 0.482018
-2.369857 1.605072 0.046312
1.856663 -2.051686 1.226622
2.779067 -2.132703 2.929187
2.891806 0.654502 1.417313
-1.982062 2.476851 0.002271
-2.070333 1.849003 0.162509
-0.392667 -0.201795 0.529914
1.847074 -2.043582 1.417743
2.127146 -2.033782 2.959399
-2.302811 2.295134 0.001020
0.019062 2.291766 0.460833
-1.136176 1.413388 0.005332
-2.074639 1.865690 0.097895
-2.906122 2.987022 0.124683
-0.292674 0.109979 0.075088
-2.109701 1.756967 0.344368
1.862949 -2.045705 1.239594
1.255472 -2.590266 2.985963
2.892056 -2.228643 2.935817
2.863246 0.670702 0.754934
1.400728 1.810322 0.050536
1.274059 1.734721 0.003280
1.224743 -0.057105 0.050824
0.790894 0.620027 0.000930
0.534226 0.959271 0.007164
0.144002 0.566668 0.004129
-0.648060 -0.162276 0.057776
3.074296 2.670819 0.016511
2.861321 0.657713 0.434505
-0.901093 -2.947666 0.534337
1.878488 -1.857421 0.246756
3.385567 -2.745311 2.996562
0.105061 -2.301187 0.498660
3.243861 2.996936 0.001550
1.199371 0.036159 0.020468
-0.285506 -0.127405 0.280293
-2.806194 0.142768 0.308535
2.177468 -2.377361 2.993207
2.573941 -2.360474 2.985450
2.879831 -2.139464 2.933879
-1.915505 2.515226 0.020602
-2.331037 2.643222 0.007770
-0.284807 -0.052617 0.472967
-0.407198 -0.191611 0.540330
1.854382 -2.015292 1.416293
1.762077 -2.050439 1.403628
1.797782 -2.358518 2.851673
-3.046432 2.699462 0.275607
2.079630 -2.069939 2.954525
0.103340 2.830795 0.038880
0.028347 2.235009 0.000156
-0.022260 2.291542 0.709207
-0.201428 1.889141 0.012827
1.200123 -0.078116 0.831080
-1.480760 2.412123 0.007420
-1.777777 2.257682 0.016975
-1.072933 1.357112 0.002752
-2.074352 1.818924 0.112894
-2.997369 2.752628 0.196646
-2.046964 1.370191 0.000523
-0.283729 -0.131490 0.873014
1.858703 -2.045588 1.331585
1.435220 -2.446856 2.984700
1.531956 -2.338718 2.977942
1.767278 -2.287418 2.905493
2.852674 0.666152 1.096029
0.644632 2.327469 0.019645
0.818886 1.223943 0.001850
0.322518 1.334982 0.012354
-0.163631 0.854335 0.009078
-0.656907 0.663386 0.007472
-0.910894 1.164115 0.014541
-0.743718 -0.121506 0.027885
-1.456032 1.029782 0.009556
-2.912612 0.978527 0.007560
-3.426898 0.985678 0.017592
-3.264046 0.649681 0.000315
2.916086 -2.183609 2.959487
3.318433 -1.878574 2.979271
-3.311923 -1.884640 0.498431
3.300984 -2.706813 2.978919
2.442435 -0.697973 0.035808
1.876796 -1.912565 0.188643
2.875159 -2.199395 2.949495
2.859639 0.660455 0.640462
2.857812 0.653752 1.045282
2.850765 0.650952 0.968155
-0.207025 2.566854 0.010510
0.099454 2.320950 0.005290
-2.053288 1.997903 0.000046
-0.369580 -0.201371 0.464296
-2.790485 -0.027390 0.197818
-3.306848 0.047312 0.718247
1.847889 -1.976342 1.138262
1.861653 -1.993842 1.195218
1.855953 -1.975004 1.412820
3.219555 -0.954286 2.993765
1.649598 1.375771 0.896022
-2.072583 2.488544 0.009299
-2.867859 2.826715 0.009958
-0.560241 -0.199535 0.738466
1.455701 -2.065438 2.998739
1.803980 -2.190383 2.837262
2.024669 -1.969566 2.960468
-1.858126 2.833825 0.025606
-2.169609 2.827946 0.013729
-2.146840 2.038052 0.031918
-2.437955 1.639470 0.321411
-0.453602 -0.195458 0.375629
1.863882 -1.986004 1.375597
1.825229 -2.105077 2.977051
1.916091 -2.076908 2.985636
0.003538 2.829221 0.015211
-0.006593 2.282570 0.265063
-1.002247 2.901356 0.037499
-0.658640 1.627177 0.005695
-1.083732 1.424545 0.008819
-1.719546 2.212322 0.023227
-1.739082 1.354365 0.003683
-3.113133 -0.081358 0.407508
1.841909 -2.048697 1.277556
3.028179 -2.183272 2.942068
3.388515 -1.930174 2.994094
2.897386 2.753014 0.008219
2.884876 2.042674 0.002585
3.484298 -2.333795 2.997242
3.398113 -2.760770 2.983685
1.882436 -1.884127 0.191124
2.865086 -0.725974 0.435613
3.367668 -1.834156 2.977682
3.025432 2.826702 0.016927
3.106516 2.497839 0.014978
2.176261 -2.753699 2.987867
2.523210 -2.530967 2.995994
2.923203 -2.257821 2.946766
1.211658 0.021529 0.125638
-0.283015 0.059084 0.092696
-0.378502 -0.199781 0.501235
-3.427911 0.069713 0.013969
-3.014990 -0.135026 0.824829
2.621938 -2.235203 2.946527
2.914929 -2.026146 2.958637
0.131144 2.444881 0.779346
0.118415 2.528803 0.124682
1.213306 0.056362 0.553286
-2.084077 1.934033 0.232223
1.856096 -1.908921 1.420063
1.864478 -2.151023 2.959456
-2.124997 2.862029 0.002979
-2.109015 1.662890 0.315773
2.167702 -1.966829 2.963332
-2.371468 1.748052 0.316861
1.760778 -2.141351 2.917096
2.926695 -1.353696 2.999643
-0.568777 2.706033 0.014878
-0.018630 2.285405 0.370228
-0.807777 2.523627 0.001887
-1.626655 2.189585 0.001308
-2.874834 2.886299 0.113494
1.844405 -1.890071 1.234918
2.671044 -1.035028 0.643816
0.808747 0.789892 0.000161
0.519538 1.129391 0.006547
0.122021 0.809553 0.001805
-0.279364 1.157329 0.009571
-0.608965 1.023683 0.002283
-2.820345 -0.216610 0.303103
-3.121825 -0.226405 0.333052
1.844925 -2.056802 1.247150
2.937060 -2.197346 2.945141
3.478498 1.294179 0.013264
3.219902 1.102387 0.008241
2.859710 0.979719 0.002110
3.289057 -2.763493 2.977780
2.840585 -1.036936 0.115378
2.880189 0.832182 0.003048
3.022278 -2.153389 2.966202
3.364334 -1.978463 2.971050
2.649196 -1.037239 0.705624
-0.277099 -0.122672 0.473142
-2.899062 0.136804 0.001216
-2.947919 -0.013902 0.326711
-3.195470 -0.271737 0.301003
3.217416 -1.826175 2.991062
2.849998 -0.786011 1.163838
0.029328 2.685403 0.046833
1.245725 0.016719 0.531118
-3.029643 2.695088 0.209539
-2.170147 1.983559 0.009933
-2.173358 1.705875 0.308102
-0.288898 -0.006631 1.132002
-3.000352 -0.047449 0.872555
1.864456 -1.857589 1.206857
1.861044 -1.856841 1.398722
0.147031 2.356791 1.035621
1.766244 -2.138185 2.971381
2.012766 -1.891326 2.977963
2.448020 -1.651922 2.988343
1.724929 -2.128258 2.960052
2.026120 -1.972407 2.946495
2.852721 -0.964181 1.140305
2.849769 -0.978539 1.006936
1.224545 -0.016126 0.875830
-1.126798 1.938597 0.015525
-2.090379 2.814932 0.020710
-2.441478 2.826214 0.019241
-1.664852 1.773551 0.014377
-2.903793 2.751920 0.050821
-0.463961 -0.186101 1.063203
1.848677 -1.929328 1.435712
1.859870 -1.839640 1.315699
0.946668 2.306281 0.006743
0.098225 1.823950 0.007147
-0.430739 2.540957 0.033498
-0.057406 1.625610 0.008343
-0.614995 2.335040 0.020649
-0.768035 1.277034 0.002197
-3.108598 -0.016709 0.392399
-3.195668 -0.184902 0.528807
-3.097380 -0.225944 0.813461
1.847919 -1.928480 0.995069
-2.449836 -2.490654 2.993808
-1.520977 -2.682045 2.994860
-2.725459 -2.534228 2.995264
-0.972159 -2.732990 2.998059
0.815891 -2.758697 2.997914
2.565864 -2.510996 2.996431
3.323922 -1.732115 2.973961
1.392592 0.988388 0.000095
2.082560 -2.722403 2.987138
3.369701 1.720255 0.002663
2.826670 0.702648 0.250681
1.873868 -1.835444 0.472441
1.877550 -1.768721 0.188600
2.451473 -0.802849 0.064338
3.075112 -2.255871 2.970056
-2.785011 -0.039448 0.248400
1.850739 -1.911193 0.961199
2.118181 -2.649552 2.985125
2.868514 0.661837 0.862312
-3.243064 2.006943 0.014960
2.852560 -0.883683 1.163674
0.154932 2.408483 0.786560
-1.815216 2.659339 0.008776
-2.347245 2.692766 0.002118
-3.022852 2.754610 0.064843
-0.309702 -0.200009 0.814807
1.864399 -1.831770 1.373052
2.050993 -1.939373 2.983446
0.134261 2.322560 1.059580
-0.003957 2.298528 1.043957
2.051653 -1.833864 2.970285
2.850685 -0.835179 1.143642
2.844990 -0.917305 0.870562
0.154957 2.414202 0.055792
-0.142651 2.211270 0.010386
0.061464 2.289134 0.969770
1.215581 0.052099 0.611128
1.225291 -0.019570 0.975167
-1.991078 2.437599 0.014258
-3.032750 2.770065 0.290988
1.844247 -1.983436 1.425668
0.146138 2.970246 0.021462
-2.990856 0.027930 0.839600
-1.612478 -2.314798 2.995893
0.285066 -2.881965 2.995188
2.919225 -2.096147 2.959375
1.237131 1.819988 0.002812
0.830298 0.860241 0.001683
0.907400 0.033737 0.011812
-2.991942 -0.369536 0.054062
1.848059 -1.843398 1.013615
1.838867 -2.049452 1.249108
2.167094 -2.701520 2.962826
2.472945 -2.567818 2.968690
2.898198 2.355567 0.008444
-1.187346 -2.945759 0.532913
3.298352 -2.676893 2.986292
2.860004 -0.907241 0.507830
2.849259 -0.674922 0.130384
2.884757 0.702750 0.349255
2.849010 -0.793356 0.693551
2.561115 -1.043781 0.579361
0.160949 -2.255411 1.267405
1.850822 -2.053877 1.348481
2.926695 -2.123908 2.983376
2.851205 -0.908269 0.870282
3.308907 -1.064049 2.999878
0.155029 2.384235 0.688930
-0.084928 2.167588 0.006115
-1.973154 2.681230 0.015043
-2.362654 2.739966 0.004120
-2.999365 2.897319 0.269432
-2.257934 1.618356 0.318605
-2.080939 1.692872 0.016977
1.766036 -2.094948 2.967629
1.221868 0.000707 0.981355
-1.750248 2.464603 0.002582
-2.081082 1.897586 0.163430
2.123961 -1.915005 2.939024
3.062873 -1.214570 2.986137
2.852201 -0.867909 1.132174
0.141275 2.383475 1.062584
-3.020778 2.728085 0.245868
1.857866 -1.899228 1.423443
2.850260 -0.928011 0.922185
-0.024020 2.231964 0.020809
-1.131004 2.772443 0.005889
-2.051503 1.791915 0.181443
0.363969 -2.723059 2.991469
0.935251 1.482780 0.004184
1.063144 1.879051 0.003419
-2.854031 0.159821 0.059175
-3.096760 -0.176997 0.303016
-2.265578 -2.614995 2.990180
-2.816249 -2.774745 2.985580
-3.158806 -2.664109 2.996895
-3.162080 -2.748536 2.994142
0.951617 -2.672155 2.992253
1.134046 -2.799976 2.992035
3.014701 -1.999299 2.932292
3.279388 -1.686056 2.953489
2.866823 0.845744 0.524532
0.141345 -2.243886 1.223157
3.059825 -2.205607 2.973496
3.340556 2.686020 0.005199
2.851162 -0.743784 0.486219
3.491540 -2.668439 2.994401
0.115293 -2.286845 0.055597
1.864727 -1.943484 0.298271
2.845573 -0.644388 0.257799
2.854803 -0.886138 0.585966
2.912385 -2.113892 2.944922
3.411885 -1.793480 2.977795
2.851251 -0.901990 0.991729
2.848691 -0.852725 0.766540
-0.300634 0.087394 0.011397
-3.373631 -0.801777 0.214092
2.850074 -0.779018 1.155245
-0.910530 2.707755 0.002544
-0.982308 2.646566 0.006485
-3.019161 2.728774 0.102665
-3.157075 -0.137769 0.488215
1.233248 -0.033316 0.906967
2.204212 -1.802549 2.962378
2.493506 -1.607023 2.991177
0.134643 2.438869 0.644856
1.090800 -0.153537 0.928981
-2.626357 2.411310 0.011143
-2.882463 2.810760 0.125705
-2.094387 1.709858 0.287235
-2.265552 1.706262 0.303199
-0.426286 -0.198623 1.157524
-0.292375 -0.201614 0.802048
1.951695 -2.354753 2.999901
1.715333 -2.228412 2.949640
0.131599 2.453911 0.154003
-1.898258 2.523869 0.032430
-2.405269 1.585800 0.006444
-0.067271 2.788339 0.061758
-2.149273 1.542283 0.018767
-3.123138 -0.072883 0.481521
-3.269167 0.068762 0.727129
-3.143418 -0.069734 0.902372
-2.576937 -2.395256 2.999502
-2.304882 -2.580936 2.987300
-1.866115 -2.453863 2.996874
0.408178 -2.739766 2.991029
2.867665 -2.060094 2.938917
0.851803 0.788331 0.002563
0.374801 0.342437 0.003895
0.457106 0.067854 0.005013
0.075644 0.155401 0.007960
-0.685323 -0.144301 0.033035
-2.909250 -0.824921 0.071332
-2.867792 -0.310751 0.005915
-3.273425 -0.830700 0.255302
1.848154 -1.997579 0.912442
2.332152 -2.615551 2.947721
3.126949 -2.055722 2.947645
3.403861 2.840768 0.014712
3.163896 2.681412 0.023229
2.810301 2.910588 0.016731
2.924778 1.476626 0.008306
2.845136 -0.923865 0.757463
2.845598 -0.862293 0.540495
1.873402 -1.786417 0.432202
3.174549 1.027624 0.003816
2.842921 2.899409 0.010906
2.698213 0.659770 0.375614
2.847893 -0.880630 0.887679
2.848884 -0.873315 0.715246
-3.175370 -0.879989 0.014621
2.256391 -2.641066 2.996136
3.010897 -2.071074 2.958783
-3.264724 0.054080 0.031561
-3.079375 -0.089972 0.353782
-3.402131 -0.597547 0.248079
2.851295 -0.780270 1.110161
-3.056349 2.640182 0.090520
-2.404509 1.671616 0.321663
-2.375337 1.611484 0.059064
-0.536019 -0.198460 0.978078
-3.259535 -0.008890 0.663538
1.846252 -2.039295 2.989939
0.156151 2.458895 1.034869
0.145962 2.480422 0.265636
-2.411898 2.627627 0.003936
0.027279 -2.314607 2.995583
1.163040 -2.185432 2.990734
0.782598 -2.543868 2.991246
1.865785 -2.144315 2.943468
2.005192 -2.395076 2.999352
2.159498 -1.886288 2.952276
2.913606 -1.215911 2.999597
0.163309 -2.568687 2.984865
2.849200 -0.873149 0.904243
-0.561521 2.303234 0.006034
-0.613014 2.081562 0.018498
-3.058419 -0.309350 0.260619
-3.364719 0.150178 0.680420
-2.629487 -2.330485 2.999803
-1.908582 -2.508843 2.993678
-2.379811 -2.449789 2.999151
-3.234534 -0.833321 0.263816
-3.443121 -0.716374 0.303327
1.846940 -2.045828 1.319956
2.369843 -2.696904 2.993025
3.048352 -2.008276 2.964304
3.359092 -1.690066 2.978087
2.773873 0.647832 0.073506
2.846202 -0.873738 0.841724
3.190406 2.462923 0.012844
2.845562 -0.850817 0.423169
3.461437 -2.521052 2.978377
2.856287 -0.996885 0.384885
2.859703 -1.013342 0.179556
2.841175 -0.810400 0.487650
3.204026 0.944528 0.001592
2.985479 2.689082 0.017159
2.846981 2.267329 0.011418
2.980123 2.416180 0.008245
2.844205 -0.802138 0.637450
3.113213 -2.039984 2.928892
3.405783 -1.584773 2.977708
2.879431 0.849215 0.771398
-2.874103 0.072983 0.100355
-3.409711 -0.370816 0.169852
-3.079626 -0.468921 0.000713
2.876336 0.869361 1.325723
2.845459 -0.786958 1.076341
-2.624354 2.683112 0.001836
-3.073774 2.617188 0.006077
-2.809177 -0.256279 0.300888
-3.025685 -0.115749 0.735284
-3.201323 -0.158659 0.782510
-0.022822 2.287951 0.626532
-0.843273 2.186506 0.013586
-1.511239 1.320834 0.002966
-0.308363 0.120879 0.787261
-0.291774 -0.025720 1.093470
0.895634 -2.163315 2.999793
1.960464 -2.101541 2.956717
2.242103 -1.757689 2.968861
2.870847 -1.118652 2.989969
-3.117386 1.969015 0.034469
-3.395296 1.995818 0.031949
2.845311 -0.821068 0.983342
-0.334113 2.652036 0.003418
-1.931629 1.141349 0.000307
-2.702305 1.747966 0.086915
-2.731972 -2.314706 2.994941
-0.302119 -2.899873 2.993598
2.860848 0.799180 1.345245
0.409066 1.383150 0.000934
-2.800940 -0.189254 0.299270
-3.394605 -0.838788 0.411729
2.732887 -2.425367 2.979769
3.040372 -1.957841 2.988249
3.304391 -1.647863 2.938687
2.855109 0.846205 0.739369
2.846152 -0.838513 0.861787
0.933909 0.304776 0.016672
1.188997 -0.090073 0.164449
0.586864 -0.083450 0.001499
2.430557 -2.694890 2.980448
2.893773 2.405766 0.005463
2.805111 2.743612 0.011650
3.422392 1.419014 0.006398
2.849870 -0.833538 0.425396
2.362288 -0.754103 0.095214
3.334264 2.733449 0.006764
2.840340 -0.776370 0.623688
3.350118 -1.545662 2.974632
2.873349 0.877319 0.703507
-3.239726 -1.266436 0.121129
2.698158 -2.354340 2.998120
2.956251 -1.881777 2.929948
2.871813 0.842266 1.173644
-0.293358 0.039125 0.060861
-2.810017 0.047963 0.143267
-2.919724 -0.204695 0.037354
-3.237901 -0.886143 0.224612
-3.297241 -1.079529 0.369806
-1.258467 2.823317 0.013898
-2.151376 1.676492 0.312003
-0.292064 -0.143939 1.104688
-3.120143 0.028423 0.471491
-3.152112 -0.108008 0.751967
-2.298491 -2.446869 2.999929
0.283875 -2.710801 2.992871
0.925143 -2.679277 2.988589
1.240689 -2.239353 2.980301
1.900821 -2.135256 2.942500
2.120023 -1.926711 2.977421
2.990562 -0.987400 2.979145
3.221799 -0.683018 2.999959
-3.256788 1.851965 0.345408
-1.833486 1.724935 0.002258
-3.407786 -0.303159 0.269189
-2.843534 -2.944493 2.982025
-0.310188 -2.912203 2.995924
-0.114516 -2.975419 2.990871
0.573052 -2.893973 2.985558
3.079714 -1.964078 2.967176
3.429354 -1.542986 2.987152
2.848200 0.930863 1.155177
2.836226 -0.837236 0.827291
0.506240 1.903273 0.018778
0.411358 1.110783 0.009973
0.459847 1.482941 0.007423
0.878596 0.327227 0.002294
0.346673 0.886544 0.008162
-3.092556 -0.945072 0.018723
-3.349929 -0.925460 0.080834
2.846862 0.870658 0.776208
2.843781 -0.912256 0.330937
2.846693 -0.783927 0.332266
1.535318 -1.686346 0.005003
2.836483 -0.793624 0.516069
2.836020 -0.792909 0.904562
3.052994 -1.926421 2.962299
3.494003 -1.482322 2.979815
2.865055 0.793686 1.066696
2.637333 0.639139 1.175106
-3.022051 -0.329163 0.123126
-3.020733 -0.918123 0.014627
2.840002 -0.754745 1.103018
-2.915237 2.954924 0.054691
-2.189227 1.583698 0.305349
-0.293247 -0.200748 0.546030
-2.800004 0.092485 0.006872
-3.250369 -0.317842 0.243335
-3.106594 -0.175987 0.698666
-2.998746 -0.005438 0.871560
0.351570 -2.776802 2.991869
1.555905 -2.552510 2.962924
1.935115 -2.113839 2.969584
2.139107 -2.340906 2.984779
3.159406 -0.680422 2.996449
-2.205925 1.595387 0.005178
-3.435896 1.958438 0.067427
-0.531661 -0.183431 0.764162
-0.273742 -0.165598 0.490750
0.962966 -2.239848 2.994776
2.278658 -1.710098 2.973596
-2.411431 1.653421 0.284908
-3.095567 -0.008616 0.476489
-3.445493 -0.108023 0.768708
2.838781 0.807606 1.002751
2.835975 -0.798260 0.860829
0.671377 1.450919 0.004301
0.622382 1.055017 0.007387
0.233494 1.509585 0.008776
0.159037 1.154960 0.006609
-0.367276 1.770456 0.006194
1.091811 -0.151848 0.470063
-0.553589 1.086757 0.006383
-0.740169 0.834197 0.004192
-1.053728 0.557634 0.007244
-1.324469 -0.031355 0.002305
-1.809091 0.254764 0.002299
-2.117616 0.176187 0.001309
-3.146610 -0.020698 0.006945
-3.200321 -1.049665 0.109158
-3.343261 -1.239635 0.382570
1.848131 -1.911101 1.139918
1.459269 -2.704166 2.992123
2.717847 -2.286316 2.983971
3.078596 -1.862130 2.943577
3.423406 -1.498380 2.990060
2.842068 0.811457 0.724578
3.026927 2.879253 0.017618
2.691186 2.961956 0.012238
3.051307 2.320834 0.003088
2.751534 2.375179 0.002546
2.842313 -0.964763 0.446265
2.840682 -0.797554 0.482696
2.868228 0.721383 0.412029
2.871379 0.893944 1.387166
2.868647 0.822073 0.850106
2.845658 -0.795752 0.830006
-3.268252 -0.877520 0.224251
-3.153568 -0.579770 0.036603
-3.130849 -0.250046 0.630340
1.629220 -1.735779 1.165041
1.847637 -2.058469 1.418932
0.206513 -2.662405 2.987813
1.378826 -2.316671 2.998709
-2.091492 1.900729 0.072626
-2.390370 1.597879 0.055647
-3.114646 1.773385 0.033055
-0.317012 -0.203993 0.460995
-2.941764 0.069632 0.322831
-3.004976 -0.024006 0.910989
-3.048358 -0.234951 0.768874
-2.232357 -2.681020 2.993027
2.256572 -1.953963 2.945596
2.937128 -1.137320 2.989760
-3.240669 1.850500 0.306748
-3.313891 1.795499 0.667628
-3.144733 -0.258900 0.561180
-2.589127 1.655801 0.143570
-0.956347 2.912597 0.009144
0.640799 0.989472 0.004447
-1.066037 1.463980 0.013571
-1.271920 1.280205 0.000090
-2.093315 1.897258 0.040552
-0.502750 -0.209280 0.109737
-1.631807 0.967331 0.003801
-2.356024 1.582194 0.040987
-2.744649 1.565421 0.003696
-2.909380 0.579349 0.005231
-3.372218 0.516055 0.005265
-3.341978 -0.378918 0.191430
-3.257254 -1.191534 0.514581
3.154519 -1.909715 2.964184
2.847077 0.817549 1.201941
2.547366 0.648746 0.805357
0.672292 1.254985 0.007037
2.566463 -2.584095 2.968770
2.850858 0.747069 0.755299
2.856867 0.921157 0.474846
3.484830 2.927014 0.021169
3.391547 2.608900 0.017902
2.986945 2.280128 0.005672
3.233729 2.076987 0.017509
2.909138 1.075432 0.002942
3.458188 1.175615 0.001346
3.119683 0.282152 0.000826
2.847785 -0.780634 0.396185
2.842203 -0.760368 0.578311
3.256373 2.701126 0.011788
2.690536 0.649398 0.517269
3.387291 -1.433613 2.980438
2.863395 0.808458 0.659078
3.095871 -1.887208 2.955465
2.872187 0.915475 1.248003
-2.837484 -0.136851 0.158439
-3.138127 -0.437186 0.053887
-3.380305 -0.907168 0.074450
-3.285774 -1.093268 0.447119
-3.318819 -1.316332 0.360679
1.417751 -2.293584 2.997901
2.845669 -1.966360 2.953188
2.993552 -1.808388 2.957789
-3.248609 1.901551 0.196389
-3.004478 -0.283978 0.284271
-3.163602 -0.204852 0.519513
-3.072160 -0.191467 0.783797
1.683833 -1.740029 1.202523
1.748058 -2.350522 2.948293
2.291163 -1.850335 2.964793
-3.365222 1.828046 0.973761
-3.303385 0.111032 0.782051
-0.024686 1.531677 0.006511
-0.887708 2.154622 0.010116
-1.243318 1.357171 0.003825
-2.278745 2.320616 0.006441
-1.784574 1.031532 0.001320
-2.907390 1.686895 0.026422
-2.453146 1.624391 0.329806
-2.979766 1.600998 0.038534
-2.926135 -0.162734 0.169562
-2.935013 -0.537577 0.022061
-3.132562 -0.023837 0.531497
-3.114051 -0.103898 0.748635
1.838996 -2.281450 2.988321
3.115865 -1.912814 2.949418
2.850739 0.789492 1.188225
2.842353 -0.779992 0.790164
0.823108 0.048195 0.017513
-1.256422 -0.040055 0.000942
-3.403741 -1.281969 0.001434
-3.311914 -1.334205 0.405496
1.408952 -2.834587 2.996176
2.560157 -2.647516 2.981945
2.850432 0.908892 0.848963
2.846044 0.826916 0.384878
1.865721 -2.023539 0.954565
2.828206 1.072764 0.020214
2.841745 -0.802745 0.594530
2.848955 -0.948131 0.199295
2.851377 -0.915056 0.326239
3.422861 1.866568 0.011206
3.249124 -1.886109 2.963120
0.839805 0.352410 0.004433
-3.332447 -1.159407 0.404427
1.636484 -1.722728 0.907719
2.744021 -2.169131 2.986620
3.198709 -1.703095 2.977089
2.699649 0.650281 1.148084
2.874311 0.781847 1.373629
2.874625 0.891364 1.447919
-3.275853 1.827567 0.009323
-2.781462 -0.051089 0.233408
-2.956588 -0.324332 0.122801
-3.021937 -0.015831 0.834853
1.773147 -1.992226 2.995812
-3.321743 1.851850 0.699005
2.342172 -1.830230 2.954799
-3.023400 1.822610 0.016481
-3.378291 1.778937 1.087318
-2.314333 2.191222 0.017945
-2.107162 1.914655 0.074937
-1.541526 1.533620 0.002161
-3.121211 -0.046490 0.442564
-3.131550 -0.242504 0.788803
-3.022866 0.017445 0.873993
2.847053 0.881356 1.024580
-1.172698 2.714315 0.016537
-1.198753 2.469517 0.010048
-0.621108 0.287876 0.018221
-3.263553 -1.057630 0.520220
1.443022 -2.856357 2.994040
3.158437 -1.820307 2.980167
2.846716 0.791064 0.832850
2.944594 2.904595 0.011972
2.850781 0.867470 0.403332
2.827378 2.361109 0.002095
2.728287 2.653917 0.018047
2.548224 0.648440 0.097237
2.840682 -0.815531 0.508699
2.805912 -0.574553 0.197308
2.848564 -0.974475 0.228564
3.428840 0.013717 0.000583
2.846845 -0.938314 0.211168
2.842321 -0.934552 0.263336
3.413167 1.263992 0.001662
2.833575 -0.773737 0.439639
3.165559 2.817045 0.017857
2.809508 1.226888 0.069238
2.870758 0.911329 0.773928
-3.369116 -1.636473 0.316497
3.244102 -1.711521 2.943092
-3.195126 -0.220930 0.491936
-3.023054 -0.321182 0.069051
-3.492744 -0.329915 0.059317
-3.255082 -0.986195 0.484620
-3.018955 2.721968 0.071018
-2.039016 1.952868 0.008208
-2.813984 1.802319 0.018946
-3.250666 1.775097 0.013327
0.234420 -2.518707 2.999050
1.986388 -2.066483 2.960438
2.330449 -1.797598 2.965429
3.035553 -0.939279 2.987836
-1.724079 2.698215 0.001597
-3.254479 1.795165 0.354171
-3.297407 1.791963 0.543123
-0.313342 -0.201266 1.021424
2.035204 -2.145561 2.963372
1.043352 -0.142088 0.593306
-2.979550 2.677568 0.042875
-0.301405 -0.064048 0.037350
1.485944 -2.677922 2.993317
2.945536 -2.232644 2.991017
3.275960 -1.811322 2.972455
2.844141 0.870864 1.216360
0.297860 0.857945 0.002778
-3.303286 -1.137459 0.152650
2.050667 1.884367 0.000677
1.700085 -1.716884 0.644950
3.073128 2.917402 0.019380
3.410829 0.050090 0.001726
2.782125 -0.524969 0.070379
2.863451 0.901501 0.442465
3.289139 -1.713859 2.965208
2.868551 0.902265 0.985524
-3.086139 -0.336701 0.231856
-3.388768 -1.218121 0.398377
3.194375 -1.613226 2.957999
-3.004842 2.733321 0.016699
-3.018982 2.750499 0.122306
-2.963918 1.574626 0.009429
2.552799 0.636722 1.386735
-3.285794 1.795008 0.624339
2.381963 -1.743424 2.961994
2.043503 -2.047302 2.970140
-0.468847 1.899047 0.007281
-0.868941 0.961235 0.002120
-2.091261 1.902697 0.195445
-3.134633 2.786639 0.351485
-0.281490 -0.057165 0.041313
-3.229399 1.853824 0.142027
-3.115486 1.665565 0.183567
-0.293465 0.041251 0.752646
-3.303123 1.744316 0.456172
-2.778125 0.041973 0.244130
-3.326075 0.080634 0.708926
-3.049541 -0.274428 0.860370
-3.072552 -0.082603 0.766637
0.814149 -2.991917 2.995529
2.858170 0.915220 1.434799
-1.215249 0.682579 0.001528
-3.086016 -0.376052 0.076616
-2.933284 -0.891553 0.064252
3.225434 -1.762604 2.983630
3.111269 2.738580 0.009911
3.046562 2.453908 0.008402
2.861772 0.934230 0.364112
1.624597 -1.713136 0.097550
2.852856 -0.912969 0.210860
2.847945 -0.894853 0.262798
2.909940 2.277454 0.010058
3.291159 -1.868355 2.989945
2.852038 0.643549 0.815881
2.691504 0.649611 0.603135
2.877432 0.873307 0.761675
1.949152 2.019382 0.001011
-3.377687 -0.802590 0.190524
-3.300864 -1.254853 0.177154
-3.321541 -1.347670 0.240074
-3.373340 -1.831211 0.145175
-3.393817 -1.805307 0.575051
2.537760 -2.374169 2.993662
3.245142 -1.617817 2.962797
3.440769 -1.300539 2.992928
2.876082 0.852451 1.240267
-2.253938 1.607908 0.103967
-3.144703 1.724465 0.012871
-2.911006 -0.337753 0.171671
-3.481057 -0.538526 0.282531
0.248575 -2.466666 2.993690
-2.229512 2.218232 0.001857
-3.254277 1.815583 0.333190
-3.356762 1.786319 0.694629
2.423285 -1.638211 2.990304
-3.051757 1.585365 0.384522
1.141924 -2.595384 2.996125
2.293204 -1.808115 2.954291
-3.122418 2.678246 0.327589
-2.406663 1.606151 0.072362
-0.292757 -0.008208 0.767142
-3.326298 1.729175 0.779155
-3.207197 -0.182310 0.533021
-0.290261 1.335630 0.002328
-1.306714 1.424909 0.002365
-1.805375 1.073419 0.003472
-2.863196 1.743403 0.011476
-2.819021 -0.182043 0.187110
-3.396156 -0.361739 0.068928
-3.373280 -0.785103 0.332972
2.859528 -2.203492 2.991903
2.859865 0.954036 1.164250
-3.494132 -1.977479 0.442533
-3.462842 -1.316751 0.031488
2.855088 0.922651 0.717262
2.641490 2.860787 0.019374
2.021466 2.238254 0.013540
1.986960 1.929240 0.005660
2.649907 -2.708435 2.984737
2.844365 1.218100 0.005138
2.838028 -0.829271 0.191276
2.719831 -1.031437 0.220830
2.877814 0.901975 0.606328
1.749660 -1.746140 1.169604
3.293810 -1.632957 2.985074
2.868762 0.890807 1.153109
-3.474173 -0.345283 0.275861
-3.383087 -0.882384 0.085927
-3.443717 -1.340262 0.148999
-2.292647 1.595109 0.169020
-3.058338 1.512894 0.348703
-1.718273 -2.733461 2.999371
-3.061982 1.521606 0.016341
-3.178305 -0.035941 0.634454
2.431360 -1.702724 2.962623
3.065211 -0.790394 2.986168
-2.305779 1.604418 0.168552
-3.014652 1.513115 0.033890
-3.279247 1.864529 0.350872
-3.087965 1.642083 0.388562
-3.108351 0.003000 0.388302
1.823013 -2.243608 2.853752
-0.311978 1.341021 0.006192
-2.795087 -0.060217 0.198182
-3.090685 -0.297058 0.320633
-0.011396 -2.887928 2.993001
-3.291312 -0.866035 0.123392
1.383616 -2.869730 2.991050
2.533971 -2.450163 2.991542
3.201444 -1.769813 2.940607
2.017115 1.619715 0.002253
3.371461 -1.868191 2.964399
2.791449 2.914894 0.008517
3.130864 2.962726 0.007201
2.842449 -0.860332 0.204004
2.841909 -0.831581 0.236026
1.741383 -2.078640 0.155730
3.310242 2.052583 0.012102
-3.427372 -0.893502 0.061650
-3.378707 -1.319161 0.094096
-2.477902 1.608985 0.137189
-0.535964 -0.195925 0.843357
1.195836 -0.083355 0.935240
-3.146991 1.509486 0.517018
2.364007 -1.651315 2.993424
3.200161 -0.603329 2.986852
-3.118789 2.624095 0.231590
-3.272337 1.799538 0.327100
-3.215807 1.585118 0.038143
-3.115774 0.008323 0.568720
-2.002783 -2.783868 2.993034
2.031130 -2.054733 2.961098
2.316966 -1.657437 2.991399
2.611859 -1.864932 2.995062
-2.748414 -2.805421 2.999640
-1.785041 -2.836615 2.998482
-1.743407 1.567019 0.009327
-2.942545 0.119037 0.010688
-3.236438 0.086126 0.004200
-3.362372 -0.845475 0.082293
-3.370806 -0.755926 0.375556
3.168513 -1.621574 2.948781
3.397599 -1.266934 2.955867
1.888571 1.700845 0.326979
0.633063 0.189005 0.002093
-3.491092 -2.138862 0.086505
3.302369 -1.818590 2.979235
2.497276 0.750484 0.151933
2.830497 1.168276 0.002655
2.840054 -0.825219 0.282170
2.840446 -0.783358 0.221252
2.967880 2.960339 0.016723
2.860797 2.458535 0.009144
2.869385 0.914187 0.320282
2.458287 0.860397 0.013225
3.427426 -1.297135 2.999889
2.850815 0.655956 0.811422
1.845299 1.866775 0.008674
2.872852 0.913365 1.327335
1.908810 1.687350 0.653657
-2.817708 -0.308110 0.049477
-3.411298 -0.800139 0.288577
-3.225870 -0.931754 0.128526
1.197871 -0.086487 0.807869
-3.194391 1.818168 0.103442
-0.468886 -0.201202 0.651353
2.268214 -1.754311 2.984860
-3.122739 2.583236 0.087996
-3.269577 1.727220 0.550539
-3.372054 1.799134 0.925649
-3.097629 -0.068297 0.404697
-3.007486 -0.065811 0.787445
2.629654 -1.256689 2.982976
-2.968354 1.572876 0.131821
-2.875291 -2.637216 2.996634
1.808488 -2.176583 2.859573
-3.349627 -0.359843 0.219111
0.832294 -2.863771 2.992971
3.185476 -1.473422 2.947611
3.332352 -1.220433 2.993083
2.857521 0.926419 1.157164
1.871378 1.596026 0.629919
1.874643 1.603518 0.364983
1.216922 -2.960088 2.996290
3.211219 -1.674861 2.960803
2.843130 0.864201 0.887305
1.793733 1.866307 0.084963
1.679922 2.315265 0.009603
1.996648 1.311216 0.003071
2.863866 2.527921 0.008265
2.466017 -0.977038 0.118155
3.060890 0.453296 0.000131
2.857289 0.692505 0.199091
2.869009 0.914536 0.574174
2.725992 0.645964 0.466702
3.336404 -1.576316 2.971306
1.898017 1.677100 0.557785
-2.801053 -0.280196 0.069364
-3.312515 -1.143421 0.141206
-3.354696 -1.717422 0.539409
1.856171 -1.848157 1.432169
-3.405967 -0.809894 0.358286
-2.078437 1.844470 0.025995
-3.301139 1.738001 0.622949
-3.118209 -0.048139 0.456894
0.681616 -2.277944 2.997606
2.191228 -1.923527 2.933891
2.362334 -1.571879 2.991607
2.652416 -1.833241 2.997619
-3.062760 1.498096 0.010666
-3.365595 1.767691 0.986374
-0.289088 -0.078692 0.065404
-3.350432 1.881454 0.464452
-2.661501 -2.930271 2.996326
-1.455340 -2.944043 2.997540
0.769395 -2.703380 2.987963
2.854108 0.950778 1.384148
-3.373360 -1.600419 0.395762
1.858568 -1.867835 1.266173
0.513827 -2.994340 2.999696
1.867906 1.697962 0.199525
1.854378 1.500962 0.425420
1.872269 -1.968923 0.790342
2.854660 0.941881 0.522262
2.736505 2.422709 0.006159
2.700369 2.173092 0.008696
3.090123 1.099656 0.009133
2.748528 2.893822 0.012447
2.876704 -2.016583 2.997636
3.225671 -1.511183 2.951293
2.860368 0.924318 1.383455
1.651499 2.490517 0.001815
-3.411869 -2.254664 0.075047
1.848971 -1.826518 1.423143
1.863574 1.457578 0.680896
1.904172 1.694852 0.642626
-2.800317 -0.108833 0.208414
-3.055775 -0.333705 0.061522
-3.447377 -0.688755 0.246945
1.912437 1.682003 1.300897
-1.814287 0.990839 0.000522
-3.362482 1.533790 0.031095
-2.836034 -2.634773 2.996693
0.274872 -2.507609 2.986327
1.815446 -1.857957 2.987190
2.075248 -1.982155 2.977011
2.423497 -1.555248 2.965780
2.661789 -1.293693 2.963013
3.236280 -0.366904 2.991406
-2.099080 1.700438 0.337292
-3.398149 1.786211 1.016696
-3.482232 1.662109 0.099365
1.826639 -2.148896 2.841957
1.873258 1.401071 0.723891
-1.122648 -0.042458 0.013057
-3.348479 -0.791802 0.240041
0.356695 -2.898740 2.978522
1.549086 -2.641846 2.982919
1.896302 2.510484 0.009733
3.271183 2.878427 0.015696
1.885722 -1.807774 0.261052
1.882505 2.590786 0.006023
3.330766 -1.576980 2.948635
1.903427 1.703448 0.700214
2.516337 0.649124 0.850357
-0.292647 -0.165979 0.313404
-3.421728 -0.400018 0.247310
2.808900 0.655693 1.453212
1.884809 1.663054 1.228470
1.865301 1.484173 1.168421
-2.479211 1.575768 0.206264
-3.322875 1.849739 0.398392
-2.963194 1.730953 0.015701
-0.486574 -0.178936 0.778910
-3.103707 -0.014015 0.608412
-1.789492 -2.995450 2.989684
1.769627 -2.363885 2.907870
3.297246 -0.420848 2.996533
-3.297489 1.787296 0.652360
-3.156221 1.497644 0.698274
-3.035187 1.587132 0.440068
-2.808119 0.231312 0.295698
-3.131036 -0.291567 0.303698
0.097814 -2.879558 2.989386
0.858886 -2.737017 2.989394
-0.341827 0.529110 0.001727
-0.818473 0.838623 0.006561
-1.102115 0.522753 0.006873
-2.906844 -0.728931 0.079090
1.694564 2.829759 0.021260
1.872321 1.674310 0.374319
1.865466 1.558589 0.364034
1.847574 -2.062258 1.161755
2.411487 -2.850136 2.991958
2.861931 2.632588 0.013478
2.773931 2.157015 0.009373
3.008654 1.669963 0.004108
1.885174 -1.774192 0.360513
3.338399 0.985838 0.008706
3.048887 0.541017 0.004482
2.804866 0.120130 0.000295
3.350570 2.745788 0.009564
1.600833 -1.727396 0.781907
3.187179 -1.528481 2.944224
1.916792 1.683951 0.524457
1.905905 1.720183 0.318113
-1.209794 0.005690 0.011555
-3.401796 -1.690075 0.542969
-3.256189 -1.833658 0.435142
2.859211 0.659151 1.451731
1.910985 1.690239 1.100821
1.903986 1.684410 1.023930
-3.284091 1.871284 0.082307
-2.922789 0.049041 0.080128
-2.920268 0.005504 0.356489
-2.903204 -0.060994 0.130114
-1.943008 -2.819748 2.988966
0.356903 -2.636262 2.985728
0.891496 -2.671756 2.997389
1.500963 -2.199499 2.996734
2.240807 -1.909514 2.937811
3.043531 -0.809144 2.992732
-3.339113 1.760908 0.723154
-3.141183 1.885754 0.018289
-3.414653 1.501426 0.916176
-3.267550 0.086959 0.803177
2.374318 -1.606674 2.959541
-3.276768 1.831262 0.364145
1.843377 1.490692 1.176571
1.860520 1.657414 0.655199
-0.451070 -0.207779 0.098517
-1.633250 0.759595 0.002608
-2.556034 1.258860 0.007227
-3.336134 -0.506401 0.271627
-3.362380 -0.923365 0.473685
1.011761 -2.984917 2.999944
3.227905 -1.573850 2.962576
1.902560 2.400223 0.010441
2.043076 1.736965 0.006049
3.328131 2.622984 0.017547
3.407335 2.919137 0.019908
2.932351 2.875198 0.014417
2.840134 2.424375 0.005944
2.653069 2.494869 0.001418
2.873304 0.929489 0.868129
1.881195 1.629767 0.067097
2.932482 -1.923442 2.999565
3.325098 -1.456954 2.969899
1.900100 1.727984 0.664528
-0.449555 -0.196100 0.059482
-0.325574 -0.201579 0.376322
-3.007641 -0.336997 0.016595
-3.404402 -0.686307 0.161234
-3.156502 -0.907293 0.301976
-3.317170 -1.201946 0.216403
3.224883 -0.314951 2.996037
-2.330980 1.594481 0.246780
-3.121808 1.497811 0.648400
-3.033674 1.489155 0.316724
-2.812984 -0.095620 0.142000
-3.438293 -0.145038 0.721052
-3.209423 -0.204320 0.463322
2.984415 -0.804754 2.993514
-3.490712 1.577133 0.285834
-3.068403 -0.051971 0.931722
2.697435 0.662240 1.448532
2.546389 0.641482 1.159937
1.754246 1.369485 1.297616
-3.087044 1.634062 0.214030
-3.017866 1.483882 0.234531
-0.320592 -0.211110 0.518320
-2.868622 0.049651 0.097298
-2.861569 -0.362911 0.263843
-3.222331 -0.906349 0.315586
1.589711 -2.388440 2.983621
1.872776 -2.347956 2.997277
-0.810678 -0.158288 0.009145
-3.451942 -1.927636 0.286318
2.901142 -1.993080 2.961172
1.736595 2.920519 0.013154
1.541119 2.657556 0.002071
1.871142 1.708286 0.201382
2.867733 0.951221 0.384297
1.605078 -1.711350 0.300162
2.858366 0.892400 0.256498
3.083606 -2.029619 2.997353
-3.427663 -0.934282 0.030861
2.932446 -1.874025 2.992815
3.188080 -1.535014 2.960740
2.536405 0.645812 1.206619
1.897916 1.668503 1.422674
1.882280 1.590844 0.987031
-3.459322 1.541360 0.285751
-3.260325 0.024270 0.006633
-2.937778 -0.097332 0.345514
-3.016464 -0.343231 0.178622
-3.260481 -1.048463 0.258234
2.272202 -1.919426 2.959934
3.001005 -0.712060 2.993267
-3.211136 1.476422 0.881736
-0.290523 -0.018270 1.042191
-3.326448 -2.845814 2.992837
-0.358540 -0.198583 1.072790
-3.323585 0.051067 0.671903
1.861910 1.552485 1.086132
-1.571938 0.825788 0.006690
-0.291647 0.047036 0.175922
-2.795794 -0.357585 0.231826
-3.424402 -0.882307 0.467308
1.427233 -2.626780 2.997207
-2.303471 0.206232 0.000683
-2.935728 -0.798132 0.090382
-3.187969 -1.183365 0.075627
1.725869 -2.877955 2.997230
3.217443 -1.540637 2.949732
1.881617 1.655682 0.006563
3.204576 2.511129 0.010502
2.805011 2.648873 0.003012
2.777725 1.380609 0.067050
2.840283 -0.759148 0.193563
3.164284 -0.211065 0.004247
1.795584 -2.066947 0.172494
2.535280 0.639335 0.377787
1.874381 1.624664 0.471954
-3.475458 -2.184426 0.135125
1.860302 -1.856676 1.104841
1.736612 -2.947745 2.997198
2.779816 -2.210174 2.993836
-2.785167 -0.293363 0.134124
-2.936402 -0.364732 0.012371
-3.334329 -0.946026 0.408099
-3.272530 -1.309136 0.176792
2.215995 -2.015059 2.983655
3.191105 -0.176803 2.998951
-3.450911 1.529751 0.238397
-3.241738 -0.026177 0.597477
2.461394 -1.590695 2.978046
2.648802 -1.215863 2.994260
-3.223550 1.457074 0.987427
-3.230253 1.488625 0.033422
-3.371689 1.512008 0.412387
-3.004678 0.071709 0.037101
-3.341794 -0.405322 0.152908
1.853440 1.432709 1.446709
1.861882 1.505785 0.935077
1.836713 -2.912261 2.996622
3.364225 -1.387168 2.973656
2.858165 0.869663 0.857337
1.705154 2.332432 0.007691
2.855220 0.879839 0.595359
2.784539 2.822527 0.023991
2.717094 2.296203 0.015980
3.030698 0.927909 0.000027
2.336106 1.148257 0.002448
3.472152 1.783124 0.007523
2.841209 -0.758749 0.280213
1.628168 -1.710514 0.100919
3.039279 1.462345 0.000559
2.852808 0.662579 0.487256
1.418998 2.916615 0.006023
1.487315 2.782362 0.006540
1.667710 2.369501 0.006590
1.866797 -1.969862 1.055558
3.433912 -1.378915 2.993014
1.872266 1.528886 0.849994
-0.356469 -0.204348 0.147698
-3.438278 -0.968757 0.000525
1.864299 -1.821887 1.205008
3.084380 -1.619651 2.980910
3.223585 -0.080752 2.976305
-0.291092 -0.200858 0.459242
-2.820219 -0.322363 0.127172
-2.829119 -0.093441 0.318612
-3.295273 -0.015612 0.784292
-3.306884 -0.453525 0.134677
-3.237084 -1.196388 0.201342
2.526620 -1.662335 2.962417
2.978046 -0.552844 2.996311
0.077363 -2.791862 2.998991
-3.102720 -0.075335 0.800941
2.084529 -2.475977 2.987704
2.318733 -1.980405 2.988218
1.854187 1.472707 0.974409
1.544973 1.367245 1.296177
-0.420509 -0.207058 0.693395
-2.976160 -0.162915 0.099104
-2.892134 -0.651875 0.037503
-3.371748 -0.927502 0.104734
-3.322594 -1.152786 0.457964
3.412490 -1.425082 2.952897
-0.977539 -0.107056 0.052234
-3.445369 -2.164897 0.106137
-3.334519 -1.837559 0.237797
1.864007 -2.935395 2.997541
2.992918 -2.269920 2.994148
2.865906 0.950354 0.783950
2.718004 0.643230 0.685670
1.707992 -1.707343 0.060226
2.753531 2.968626 0.012278
2.844424 -0.048325 0.001410
3.089363 -0.199170 0.015742
3.261802 0.784726 0.025204
2.785677 2.604924 0.000146
2.854362 0.753617 0.352604
2.860121 0.905179 1.297376
-0.329480 -0.200358 0.165930
-3.448425 -1.656270 0.040279
1.897458 -2.865167 2.996647
3.033258 -1.780971 2.978585
3.325742 -1.376365 2.973762
-0.313806 0.065778 0.433486
-2.804706 0.143459 0.194426
-2.797655 -0.316396 0.058791
-3.366773 -1.868772 0.182197
-3.441665 -2.039003 0.559540
2.317329 -2.065020 2.985487
-3.298642 -0.198784 0.325302
2.695334 -1.211615 2.996765
-3.486749 -0.429066 0.288012
1.861954 -1.836063 1.199602
0.748930 -2.912960 2.990134
2.571338 -1.585873 2.984073
1.848805 1.406551 1.304393
-0.303879 0.031805 0.078176
-0.311439 0.098828 0.456358
-3.381275 -0.672157 0.123704
-3.315336 -1.067545 0.053235
-2.896972 -0.778295 0.005755
0.066780 -2.043487 1.014694
3.290701 -1.282429 2.948151
2.848689 0.927230 1.420734
2.946168 -2.319495 2.974836
2.853289 0.918967 1.002600
2.848988 0.861709 0.838502
1.747378 -1.708783 0.108003
3.470309 1.093520 0.004815
2.841402 0.968923 0.109576
3.059527 2.648147 0.006628
2.531582 0.643235 0.322703
2.860914 0.925197 1.112814
3.140407 -1.733630 2.978675
3.330862 -1.335443 2.974645
1.874120 1.463656 0.906998
-3.357235 -1.236078 0.189423
-3.374095 -1.707613 0.153995
-0.393629 -0.200206 0.771409
-3.302588 -0.217962 0.350586
-2.842295 -0.350589 0.206180
-2.899311 -0.324645 0.121955
-3.053336 -0.236583 0.768271
-3.162094 -0.894932 0.317300
2.595703 -1.482517 2.989587
-0.358077 -0.205296 0.091990
-2.834197 0.049725 0.022118
-3.104411 -0.188483 0.647408
-3.399522 -0.743195 0.214849
2.173840 -2.323361 2.983171
-0.703294 -0.182435 0.018534
-2.956620 -0.858866 0.076186
-3.299111 -1.762448 0.460198
3.381435 -1.330593 2.979349
-3.411403 -2.381390 0.100611
0.076956 -2.035909 0.705791
2.854684 0.861294 1.042024
1.574578 -1.695032 0.518952
2.019566 1.856625 0.009702
3.398967 1.266155 0.001457
3.257275 0.814251 0.008641
3.115092 -0.169315 0.004016
2.753294 -1.021963 0.192764
1.713115 -1.704227 0.162474
2.410316 0.949404 0.006809
1.885854 1.466966 0.143693
1.696931 2.298202 0.011069
2.855649 0.808310 1.311640
-3.493312 -1.671798 0.067762
1.854706 -2.052131 1.256768
-2.925929 -0.208519 0.346344
-3.258792 -0.244873 0.338977
-3.287013 -1.229283 0.151390
2.367860 -1.889575 2.967821
2.558079 -1.425737 2.983474
-0.428371 -0.213413 0.776615
-2.945925 -0.188630 0.102788
-2.846660 -0.163067 0.363229
-3.163883 -0.196560 0.748453
2.368348 -1.908307 2.985622
-3.399549 0.002275 0.004623
0.084403 -2.055947 0.760246
1.856536 -2.055244 1.366620
3.493048 -0.874300 2.992456
2.847977 0.926904 1.344473
2.849118 0.934433 1.267353
0.089509 -2.037211 0.374116
1.589632 2.672692 0.003727
1.973930 1.811083 0.006533
2.909160 2.672631 0.021378
1.998542 1.787228 0.007831
2.651170 0.650335 1.319730
-3.410619 -0.070510 0.007706
-3.334367 -1.222027 0.170497
0.169095 2.465619 1.074269
2.604749 -1.517076 2.983342
1.631569 1.413771 1.465954
2.423455 -1.913981 2.977474
2.650554 -1.542510 2.984863
-3.374116 -0.034955 0.001150
-3.325697 -0.811947 0.226353
-3.240408 -1.152584 0.501078
0.113027 -2.041266 1.385416
-3.304297 -1.745514 0.210178
2.009403 -2.713463 2.997273
0.318220 2.196249 0.007527
3.337115 -1.751077 2.992194
3.464604 -1.276694 2.996642
2.862757 0.901102 0.685076
1.399056 2.706739 0.009044
1.624510 2.374745 0.001518
1.754782 1.946583 0.065224
1.579826 -1.697946 0.498121
2.905709 2.787617 0.007687
2.844453 1.009696 0.011154
1.714117 -2.127182 0.070318
1.778434 -1.707694 0.163797
3.201432 2.698514 0.014386
1.872964 -1.872602 0.327086
2.862921 0.972317 0.495364
2.513832 0.713607 0.206334
2.853540 0.971548 0.954028
1.866766 1.604238 0.876862
1.615162 1.402573 0.636913
0.141658 2.664847 0.001057
-3.283650 -1.174467 0.121538
1.978697 -2.703480 2.999065
1.539683 1.372874 1.002836
0.149634 2.380341 0.917283
-3.019786 -0.231217 0.331992
2.613268 -1.619344 2.966311
1.851415 1.463225 1.413009
1.538517 1.370983 1.317949
-0.028376 2.282133 0.682723
-2.970383 -0.158731 0.108744
2.464698 -1.809477 2.973527
2.707408 -1.431102 2.981369
-2.777323 0.032702 0.193791
3.295937 -1.185176 2.957035
0.071370 -2.032741 0.897705
3.198682 -2.108839 2.949989
1.876039 1.700788 0.002515
1.021306 1.865498 0.001944
1.763933 -1.702296 0.083764
2.748577 2.977212 0.017256
2.854684 0.681264 0.353563
1.876590 -1.981392 0.454549
2.952482 2.723146 0.008514
2.542477 0.647657 0.405842
3.469241 -1.186670 2.988175
-3.457129 -1.872321 0.058272
2.746282 0.650427 1.350043
-3.089919 -0.116040 0.338159
-3.353301 -0.078842 0.013403
-3.408111 -0.802957 0.302825
1.869717 1.545713 1.323632
-3.096265 -0.173853 0.935559
-3.262934 -1.017190 0.499965
2.562911 -1.853213 2.959834
3.116168 -0.320601 2.998360
-3.301606 -0.860369 0.171684
0.474527 -2.871753 2.993700
2.865109 0.952077 1.208780
2.540891 0.648146 1.003317
1.880646 1.695696 0.485169
1.874930 1.624823 0.190015
0.844709 2.090372 0.004353
0.132385 2.485394 0.010039
0.093139 -2.049464 0.642059
3.117109 -2.083773 2.990604
1.485486 2.823133 0.008736
2.646186 2.842264 0.014848
2.625644 2.609232 0.011080
1.477619 2.915829 0.003251
0.157984 2.400023 0.275342
-3.380506 -0.812784 0.253054
-3.298213 -1.283937 0.223782
1.867905 1.462113 1.332493
0.173961 2.436083 1.021151
0.129805 2.451553 0.604660
-2.832147 -0.216930 0.299248
-3.345809 -0.777318 0.285729
0.767159 -2.660818 2.998996
1.865416 1.468251 1.358352
0.167867 2.405090 1.406474
2.501146 -1.867110 2.999051
3.474496 -1.244239 2.985449
2.852289 0.761499 1.435753
-0.878318 2.922344 0.011349
-0.785688 2.709779 0.015575
0.474474 1.326340 0.008922
-0.678296 2.377600 0.010742
0.073465 -2.049029 0.842854
1.849321 -2.000704 1.353803
1.422590 2.732404 0.013470
1.126905 1.897641 0.002489
2.551511 2.440320 0.016298
2.858374 0.667020 0.076770
2.855360 -0.943363 0.190525
1.874467 -1.804582 0.302253
2.850606 0.763216 0.733669
1.875016 1.520613 0.076697
1.849935 -2.044700 1.184185
3.399980 -1.180467 2.998873
0.163748 2.502451 0.251360
-3.388901 -0.664536 0.158116
0.815592 -2.665292 2.985905
3.262751 -0.093586 2.978753
0.179003 2.447281 1.075948
0.135939 2.492122 0.679013
0.156705 2.410096 1.458490
2.843331 0.759363 1.424864
-3.088818 -0.936590 0.059216
-3.424850 -0.799318 0.135800
-3.253393 -1.362340 0.228897
0.992889 -2.994721 2.994502
1.083066 -2.949882 2.995673
2.201322 -2.293108 2.998097
3.071100 -2.080703 2.983648
2.848138 0.732282 0.766287
1.874240 1.701563 0.453694
1.874679 1.660613 0.325603
1.180004 1.800501 0.003251
2.674964 2.737193 0.009984
2.773012 2.411851 0.004997
1.873594 -1.781121 0.317287
3.180001 2.912070 0.007477
2.856500 0.791568 0.121163
2.859256 0.806407 0.918910
2.496983 0.732823 0.200454
2.860174 0.678871 0.515374
-0.158962 -2.160197 0.003388
1.856511 -1.981305 1.211593
-3.443248 -1.633795 0.033992
0.083683 -2.063105 0.617840
2.586609 0.656177 1.059460
-3.206166 -1.174537 0.077403
-3.337955 -0.891500 0.379525
-0.029346 2.298620 0.343380
-0.936463 2.072572 0.001902
-3.294121 -0.910185 0.412561
1.537404 -1.732231 1.320380
1.856623 -1.940477 1.284361
2.850993 0.827236 0.803427
1.873598 1.650219 0.279408
0.500397 1.428824 0.003953
0.136247 1.209134 0.003230
-3.434762 -2.348701 0.112469
-0.096302 -2.130796 0.089887
2.852767 -0.888663 0.194313
3.141445 -0.285577 0.005457
3.482544 2.896488 0.012275
2.674384 2.636229 0.010235
1.848685 -1.976506 1.232084
2.853531 0.746240 1.146476
1.896176 1.701845 0.644776
1.860086 -2.024751 1.156850
3.417866 -1.104532 2.998601
0.181707 2.474066 0.625129
0.171263 2.476344 0.287116
-3.191717 -0.943280 0.139776
-3.243930 -1.049651 0.191565
-1.816120 2.474013 0.006473
2.705162 -1.288373 2.971105
3.118518 -0.240828 2.998857
-2.932287 2.907387 0.094579
2.859073 0.676781 1.249732
2.858837 0.887602 0.677188
-0.093109 2.971383 0.010729
0.370187 1.039046 0.003279
-3.408688 -1.599925 0.228637
1.266125 2.900198 0.014580
1.625081 2.169437 0.037661
2.437937 2.673819 0.009912
2.858727 0.796304 0.017885
3.476276 1.126316 0.006588
2.858541 0.830498 0.159499
1.910045 1.711626 0.452940
1.529140 1.463171 0.048387
1.182433 0.217331 0.003334
2.974288 -1.771875 2.999545
-1.491060 1.726208 0.002025
-3.328116 -1.644860 0.430089
1.902265 1.683754 1.411818
-3.035809 2.626605 0.087158
2.097388 -1.607218 2.997183
2.597282 -1.203941 2.996495
-0.901940 1.647152 0.002497
-2.144987 2.624294 0.026270
-2.180538 2.521438 0.010661
-2.113827 2.114547 0.009234
-3.050781 2.624769 0.177742
0.736275 -2.503719 2.998005
-0.827508 2.233301 0.000722
-1.722344 2.572978 0.024190
-1.522890 1.796862 0.021355
-3.349070 -1.633692 0.291862
-3.320341 -1.938396 0.317669
3.193480 -1.671298 2.954534
1.203951 1.656960 0.009126
3.040967 -1.948412 2.970796
2.861562 0.704179 0.391857
2.850816 -0.764097 0.187583
2.702380 -0.656133 0.147400
2.863046 0.960032 0.412382
3.221092 -1.462461 2.983006
2.860140 0.828334 1.201226
-3.427625 -1.869567 0.062431
-2.977473 2.483679 0.010326
2.506922 -1.609152 2.963658
-2.990295 2.807756 0.256571
-2.110777 1.867446 0.074327
2.690411 -1.159670 2.995151
2.617575 0.638262 0.862024
0.141525 2.363464 0.674176
-0.274695 1.918682 0.011143
-1.334369 2.544779 0.008185
-1.271371 2.259370 0.005482
-1.275362 1.388111 0.004274
-2.453725 2.164889 0.012484
0.220082 1.691553 0.001997
0.281665 1.196926 0.007370
-0.244023 0.845252 0.006470
3.189761 -1.999730 2.972929
1.832951 1.913010 0.004709
2.392410 2.928379 0.011144
2.999650 2.509386 0.006393
2.854266 0.773831 0.494201
2.853143 0.902574 0.153755
1.604058 -1.702831 0.016000
3.151645 0.296424 0.005465
3.336488 0.198882 0.007895
2.729402 -0.672165 0.205913
2.859841 0.964771 0.665081
2.094255 1.302239 0.004912
1.540986 1.385841 0.658011
0.134435 2.457285 0.074087
-0.667029 2.755249 0.001177
-0.595967 2.454417 0.000690
-2.925305 2.914110 0.192869
-2.946097 2.414060 0.017595
-2.077469 2.005462 0.003856
1.190679 0.033051 0.947143
1.851416 1.630621 1.454418
-3.465146 2.471964 0.334517
-2.103322 1.854327 0.310678
2.377994 -1.516176 2.998059
-1.899886 2.743857 0.035039
-0.823232 1.919829 0.000841
-2.014393 2.442121 0.001238
-3.091287 2.578678 0.132525
1.196187 0.047271 0.374945
1.219704 0.007243 0.855871
1.411228 -2.700700 2.996380
2.849544 0.983785 1.375237
0.097472 2.489698 0.035037
-0.041840 2.759021 0.007440
0.184588 1.295477 0.002748
0.766374 -2.984047 2.996839
2.198631 -2.587160 2.996259
3.478637 -1.006579 2.991513
2.848999 0.927341 0.862133
0.981338 1.497154 0.001116
1.689387 -2.853127 2.999614
1.905348 -2.976858 2.994828
2.849337 0.920704 0.663059
3.112750 2.659352 0.024545
1.177869 -1.862155 0.001724
2.852189 -0.729292 0.207097
1.875475 -1.941941 0.213679
2.852844 0.849724 0.478976
2.720049 0.651966 0.731076
1.884991 1.561269 0.304015
1.213024 0.023450 0.210557
0.184121 -2.158504 1.313343
1.905165 1.705641 0.633510
0.058682 2.288959 0.102069
2.867463 0.806666 1.445688
-2.222842 2.262921 0.008655
1.216008 0.016433 0.673705
2.633017 -1.105886 2.995366
2.400704 -1.457337 2.970634
2.644702 -1.154791 2.982745
0.130065 2.431554 0.694656
-1.676666 2.949977 0.007881
-1.610822 2.411635 0.002284
-3.025717 2.653628 0.065194
-3.395570 2.578186 0.024654
1.197488 0.044764 0.955460
2.849524 0.896171 1.418921
-2.910229 2.699998 0.042821
1.129258 -0.158824 0.298690
1.601814 1.387825 0.178075
0.237816 0.867971 0.002074
1.722616 -2.726671 2.997301
3.074177 -1.801367 2.964534
2.855415 0.954614 0.824600
1.807316 1.815814 0.016708
1.583894 0.838708 0.001994
2.678148 -0.673059 0.185325
2.560934 -1.105913 0.162827
2.770952 2.343936 0.005592
0.155638 -2.299471 0.103367
-2.915632 2.362417 0.001279
-3.351911 1.941621 0.023064
2.496782 -1.430362 2.970815
0.172055 2.427448 1.175684
2.459322 -1.489413 2.968401
2.659758 -1.128293 2.982175
1.862167 1.497867 1.452878
-2.463122 2.399177 0.000344
2.145754 -1.845626 2.987482
-0.713938 2.109937 0.007285
-2.092390 1.592532 0.036150
-1.472277 0.568630 0.006518
-3.442369 1.147123 0.002041
1.060233 -2.361831 2.999779
1.394463 -2.622420 2.995515
1.887713 1.539300 0.532734
-0.210129 1.146710 0.001346
-0.757614 1.463441 0.015906
-0.441119 0.755795 0.002230
-0.927768 1.094306 0.010835
1.938042 -2.346934 2.994574
3.230649 -1.444612 2.985160
2.542070 0.640121 0.494508
1.305064 2.698695 0.004115
1.869878 1.675786 0.064938
1.170843 1.779096 0.005660
2.608295 2.476698 0.012088
2.848615 0.917650 0.440327
2.767042 0.654122 0.100819
0.168869 -2.271127 0.195777
1.141707 -1.907038 0.002403
3.392142 0.891341 0.008795
2.659072 -1.092852 0.153706
2.783180 1.251860 0.005481
0.095270 -2.341341 0.028939
2.866229 0.961312 0.913404
2.371603 2.607410 0.016807
3.165599 -1.208757 2.944679
-1.921682 2.723318 0.019868
0.089043 2.302430 0.968749
-2.840033 2.977368 0.022049
-3.003026 2.532489 0.022443
-3.172868 2.664318 0.331137
-2.967547 2.383521 0.039261
2.453640 -1.366140 2.955944
2.686667 -0.955597 2.990405
-0.288868 -0.020087 1.179172
1.864515 1.513170 1.366317
-3.337465 1.870162 0.713112
-0.402807 2.484015 0.000652
-1.119872 2.577259 0.010102
-1.101654 2.224394 0.003583
-2.181551 2.787696 0.030730
-1.190069 1.648207 0.000452
-2.137302 2.519888 0.032885
-2.253034 2.469472 0.011230
-2.137633 2.173858 0.033693
-2.605836 1.602036 0.003892
-3.289287 1.026617 0.019547
0.847400 -2.706312 2.998067
2.854372 0.928651 0.903419
1.287463 2.655326 0.009603
0.602752 1.231786 0.012128
0.356260 0.434759 0.002236
-0.042902 -0.055162 0.002852
1.698884 -2.719599 2.998432
3.060812 -1.755761 2.989314
2.849214 0.945645 0.740013
2.673195 -1.097021 0.204065
2.531129 2.685107 0.009509
2.550250 0.654395 0.495815
0.165120 -2.281478 0.203095
0.202433 -2.120674 0.840499
1.768888 -1.749028 1.246732
1.837034 -1.986671 1.250058
2.651564 0.660622 0.844041
0.152020 -2.253400 0.948444
0.678156 2.333915 0.000999
-0.011890 1.749086 0.000033
-0.307388 0.101176 0.213971
0.802443 -2.213335 2.997348
2.848969 0.832619 1.418514
-3.061929 2.640129 0.104256
-3.425994 2.698962 0.059942
-2.158486 1.600457 0.025954
-0.300896 0.111239 0.872642
-0.293730 -0.145079 0.953782
-3.190467 -0.030875 0.425213
-3.302608 -0.014856 0.713502
0.168959 2.424471 1.237743
-2.188482 2.082527 0.003234
-3.304789 1.820332 0.636455
-0.286357 -0.067312 1.172229
-3.089210 -0.177304 0.596399
-3.268505 0.036147 0.800897
0.770263 -2.195890 2.995613
2.548375 -1.377140 2.966100
2.673093 -1.012618 2.992650
-2.138067 1.589158 0.059431
-2.107245 1.704958 0.333799
0.047115 2.637511 0.004871
-0.316268 2.110843 0.007999
-1.433822 1.636350 0.000147
-2.877866 -0.191131 0.064758
3.439675 -0.723290 2.978362
-0.359006 0.982680 0.000449
-0.861699 0.330813 0.000454
-0.300040 0.046361 0.167957
3.215857 -1.706415 2.990704
3.223992 -1.382573 2.957923
1.317245 1.608318 0.002018
1.314281 0.861325 0.002068
1.182659 -0.099923 0.072462
1.846040 -1.989127 1.337675
2.848222 0.931208 0.482208
3.077535 1.102966 0.003818
1.874030 1.574863 0.413915
1.695728 1.406014 0.288184
1.852676 -1.975056 1.336310
0.156322 2.462899 0.192658
2.858761 0.963363 1.404880
-1.917824 2.853529 0.007984
-2.100907 1.853846 0.263450
-3.228647 1.800227 0.172806
-3.130765 -0.032515 0.078735
-2.886207 -0.010705 0.363995
-3.347641 0.004983 0.635336
-3.105112 -0.199665 0.721790
-3.315385 -0.339941 0.191800
2.541291 -1.440175 2.988170
3.198899 -0.027884 2.989592
1.198169 0.034548 1.053105
-2.953552 0.015549 0.337361
-3.270216 0.015327 0.760349
2.546625 -1.455012 2.979239
3.175726 -0.079281 2.983282
-3.239649 1.846600 0.325626
-1.828279 2.810465 0.031281
-1.760807 2.198716 0.003665
-3.303757 1.758422 0.610206
-3.340675 -0.395068 0.141683
2.856062 0.961212 1.294412
-0.828468 1.995392 0.004843
-0.804087 1.584750 0.002034
2.842052 0.930182 1.107400
1.191558 0.830026 0.000170
0.646124 0.536319 0.001101
1.197911 0.034092 0.237191
1.860193 -1.977645 1.005198
2.824894 0.992184 0.198108
2.859485 0.970032 0.612435
2.845596 0.966741 0.946144
1.172238 0.070340 0.361423
-0.411201 -0.181101 0.233580
-2.810638 0.030603 0.277015
-3.314787 -0.133685 0.007953
-3.362362 -0.559549 0.173506
-3.353827 -0.870649 0.318257
-2.972902 2.432986 0.041839
-3.094868 2.541687 0.026727
-2.309819 2.214675 0.032875
1.187115 0.061791 0.998270
1.227380 0.011468 0.725654
-0.308843 -0.178664 0.572842
-2.864113 -0.203312 0.061579
2.642368 -1.430117 2.976880
2.839356 -0.924933 2.982955
-3.437636 1.954449 0.711243
-3.405872 1.779264 1.117030
-3.077846 2.639449 0.234142
1.866748 1.428365 0.881211
-1.574242 2.885645 0.009832
2.842245 0.992565 1.271973
-0.160091 2.427144 0.098183
0.276310 1.619759 0.009307
-0.135350 1.658724 0.014964
-0.107924 0.759332 0.009695
1.191674 0.044869 0.402754
2.844269 0.978760 0.888441
2.889369 2.874652 0.018576
2.499918 1.961315 0.002669
3.157780 2.974791 0.024440
3.123710 1.065282 0.001320
1.191328 0.040525 0.311834
3.344925 -1.265078 2.992176
-0.094493 2.754662 0.002946
-0.230337 2.482961 0.050907
-3.196160 -0.702710 0.014399
-3.247461 -1.100704 0.186887
-3.054275 1.784967 0.030583
-3.234665 1.531140 0.129036
1.184335 0.059924 1.028397
-2.923855 0.030711 0.106895
-3.305754 0.043420 0.673883
-3.088717 -0.107666 0.925507
-3.244116 -0.992149 0.500627
2.596055 -1.360288 2.984438
2.773865 -0.878769 2.998682
-3.131475 2.779284 0.306606
-3.470155 1.547954 0.578211
-3.256002 -1.024568 0.534842
-0.853715 2.966882 0.016516
-0.706310 2.616813 0.012558
-1.441470 2.803253 0.018153
-0.454762 1.821779 0.001189
0.142254 1.118474 0.001661
-1.030735 1.630462 0.012533
-0.367754 1.067686 0.000590
-0.398895 0.757259 0.005711
-1.021152 1.173503 0.004602
-1.025151 0.914831 0.011127
-0.403461 -0.208934 0.155900
2.855679 0.964233 0.720425
2.215269 2.774721 0.018744
2.914235 2.412924 0.008069
2.809088 1.059967 0.087983
2.855869 0.975371 0.330900
1.875278 1.468578 0.806043
0.168710 2.452100 0.486441
0.164689 2.441953 0.200017
-2.093765 1.911503 0.292593
-3.108304 1.617100 0.065672
-3.309764 1.512692 0.012076
-3.283588 2.472934 0.017834
-3.306243 1.852282 0.456449
-3.216012 1.487417 0.814112
1.177062 0.055441 1.079479
-3.334701 0.054879 0.771534
-3.017399 -0.067967 0.815077
-3.068075 -0.272133 0.818946
0.168153 2.441056 0.852115
-3.250889 2.595552 0.026548
-3.369338 1.837062 0.017664
-3.392861 1.772949 1.125669
2.841642 0.989109 1.123247
0.144618 2.404411 0.245008
-1.181486 2.699273 0.011930
-1.073771 2.391589 0.005052
-2.044057 2.856599 0.024200
-0.953396 2.093514 0.008777
-1.954983 2.558735 0.013229
-1.892206 2.289671 0.004528
-0.836218 1.715775 0.015134
-0.860978 1.434655 0.000284
-0.835089 1.518156 0.008302
-1.799941 1.800613 0.000485
-3.018314 2.330276 0.050926
-3.136420 1.430140 0.029485
-0.554998 -0.219242 0.270567
-3.161581 -0.014765 0.008311
-3.393903 -0.109398 0.003007
-3.214157 -0.889494 0.290324
0.748832 1.915224 0.010920
0.555455 1.412445 0.003645
0.183047 0.468220 0.001697
1.723854 -2.164421 0.019006
2.876398 2.713221 0.009157
2.752738 1.224370 0.075633
2.861832 0.976307 0.590639
1.142177 1.785140 0.001464
1.282650 1.641371 0.002488
1.173454 0.056832 0.404453
1.871524 1.470438 0.771975
1.546439 1.387739 0.716438
0.149239 2.494343 0.418436
-0.075531 1.692941 0.005091
-3.241314 -0.056113 0.004348
-3.492512 -0.353865 0.069353
-3.308031 -0.862833 0.291652
1.116079 -2.344461 2.999972
0.181938 2.449960 0.914265
0.169817 2.462597 0.591010
-3.357482 1.845461 0.634657
-2.110011 1.602989 0.110981
-3.167958 1.789343 0.028124
1.199007 0.038972 1.036027
-0.510314 -0.198708 0.929432
-2.806255 -0.000650 0.283949
-3.229374 -0.040259 0.658398
-3.048726 -0.165371 0.921144
2.649610 -1.280294 2.935287
2.831352 -0.895165 2.997625
-3.339180 2.664966 0.015636
-3.329113 1.819237 0.702552
-2.246416 2.727355 0.005601
-3.293205 2.606725 0.064405
-3.195255 1.811916 0.050621
1.185240 0.057882 0.314166
-3.404100 1.516218 0.030224
1.190232 0.049036 0.813766
1.143889 -0.153026 0.732190
-3.425629 -0.045567 0.007593
-3.322346 -1.363113 0.303048
-0.531688 2.577052 0.003471
0.240565 1.568563 0.001332
0.323864 0.945583 0.000040
2.598303 2.456942 0.013332
2.813380 2.318615 0.013143
3.459662 1.029656 0.000385
1.876318 1.464823 0.015800
2.845995 0.774473 1.011387
2.853832 0.980098 1.078515
1.873206 1.456188 0.624614
0.162910 2.168027 0.002205
-0.315081 0.111953 0.052639
-0.298606 -0.151284 0.130449
-3.403818 -1.670887 0.146452
2.855095 0.744301 1.218691
1.724319 1.402890 0.966264
0.168917 2.484466 0.303119
-1.415757 2.961514 0.000414
-1.265800 2.621608 0.002307
-2.932333 2.762772 0.034913
-2.993498 2.790770 0.204855
-2.043401 1.847246 0.004226
1.232532 0.002782 0.773857
1.194296 -0.098928 0.483284
-0.294259 0.109014 0.537636
-0.531397 -0.193513 0.519143
-3.012213 -0.229848 0.278554
-3.289211 -0.408641 0.031540
-3.323157 1.789126 0.853374
-3.150415 -0.050362 0.964012
2.883193 -0.844106 2.990763
-3.494894 2.368749 0.286034
-3.432499 1.780179 1.052472
2.845550 0.749385 1.211586
-2.886335 2.828146 0.056229
-1.932998 1.855721 0.005759
-2.956916 2.342453 0.010090
-3.062562 1.469613 0.313396
-3.098580 1.491543 0.630223
1.193757 0.061946 0.909938
-0.301564 -0.176919 0.177203
-0.401782 -0.208802 0.910046
-2.965408 -0.205277 0.102855
-3.046256 -0.044413 0.306788
-0.787587 2.936215 0.007117
-0.554088 2.411720 0.006532
-1.387043 2.830405 0.000634
-2.122727 2.488958 0.009352
-1.918460 1.442719 0.001448
-3.433318 -1.661592 0.173121
2.398297 2.144125 0.010398
2.849803 0.722233 0.442441
2.330419 0.857965 0.002043
2.652320 -0.723589 0.469661
2.843278 -0.801684 0.323761
1.881766 -1.800932 0.044396
1.825968 -2.059280 0.112728
3.218095 1.098850 0.001210
1.780743 -2.121525 0.052603
2.849374 0.724773 0.533319
2.170848 2.677041 0.022888
1.184949 0.053194 0.242567
2.852108 0.803678 1.139839
-0.278990 -0.148299 0.206429
-3.268185 -1.809121 0.189660
0.478455 -2.849001 2.998979
1.872354 1.443084 1.202080
1.865698 1.435896 1.052700
0.025268 2.280991 1.073615
-2.823982 2.814553 0.005134
-2.450925 1.611573 0.088657
-3.169685 1.464151 0.001697
1.199705 0.049214 0.705359
2.819892 -0.805453 2.997579
0.159083 2.417579 1.358280
2.853598 0.791892 1.224471
-3.135038 2.592308 0.172174
-2.118011 1.627026 0.303109
-3.351207 1.838292 0.857239
-3.073736 1.563501 0.522524
-2.348355 2.377105 0.000070
-0.427351 -0.202377 0.244827
-3.380793 -1.572473 0.403355
3.421092 -1.047670 2.984308
-0.036808 2.912814 0.006331
0.326498 1.720297 0.001858
3.310802 -1.424882 2.993639
2.859752 0.728064 0.672061
2.855279 0.733891 0.487874
2.410200 2.127428 0.013045
1.879413 -1.945399 0.742331
2.851699 -0.785033 0.240662
2.486931 -0.734322 0.267591
3.439014 1.077854 0.001905
3.312110 0.629953 0.001055
3.308833 1.139048 0.004212
2.843369 0.824429 0.097094
2.426385 2.046765 0.000386
-3.011789 2.849352 0.233619
-3.136775 2.553090 0.223480
-2.240830 1.587891 0.099948
-3.259071 1.812332 0.268481
-0.285460 -0.086442 0.806511
-0.275585 -0.133397 0.591772
-3.015361 -0.157767 0.759185
-2.150046 1.640772 0.323342
-3.370370 -0.186559 0.354786
0.158953 2.411355 1.100284
-3.083099 2.605188 0.251480
-3.049711 1.519526 0.465018
-3.152804 1.468253 0.621877
-3.115072 -0.073887 0.728206
-2.177031 2.594872 0.002261
-3.300251 -1.105046 0.443953
2.862335 0.898701 0.804921
-3.231290 -1.786387 0.352072
3.161937 -1.367286 2.974707
0.907460 1.946506 0.002945
1.976194 2.922044 0.022398
2.576410 2.000223 0.005254
2.854470 0.856113 0.040448
2.236067 0.839548 0.002717
2.849386 0.892935 0.003963
2.856396 0.784520 0.564576
-3.202838 -1.137861 0.044460
3.200906 -1.231226 2.991124
-0.508264 2.467361 0.003242
-2.192629 2.271243 0.004967
-2.290362 1.607559 0.174308
-3.244692 -1.020001 0.253906
2.586827 -1.173661 2.986845
-2.828805 2.868472 0.005082
-3.130724 1.483019 0.767197
-3.059112 1.495047 0.417233
2.560369 -0.731186 1.242382
1.079456 -2.189303 2.995206
0.107348 2.475566 1.197982
0.145176 2.453657 0.317412
-1.816337 2.732975 0.001387
-2.724617 2.567935 0.008247
-2.796314 -0.224459 0.303365
-3.039430 1.078802 0.002726
-3.262234 -1.087733 0.207806
-3.373144 -1.639817 0.497059
2.858663 0.876952 0.900254
0.439711 1.215637 0.002449
-3.457860 -2.421363 0.034576
1.853291 -1.944907 1.213373
2.581195 2.538316 0.016451
2.822624 1.034655 0.102504
1.878908 -1.951295 0.686221
2.852360 -0.937434 0.498035
2.862258 -0.981461 0.535068
2.577060 -0.741604 0.850937
-2.840899 -0.249007 0.036348
-3.349657 -1.025789 0.025695
-3.290367 -1.770318 0.189239
-3.073868 2.915578 0.248700
-3.298867 2.521870 0.017246
-3.064541 1.501889 0.118178
2.825714 -0.743509 2.991844
-3.185468 1.480987 0.962403
1.084602 -2.273681 2.993785
0.151723 2.411634 1.325704
0.147020 2.405791 1.093325
0.147183 2.450337 0.371250
-2.252120 2.232040 0.012850
-2.364300 1.599584 0.111526
-3.221648 1.419530 0.004817
1.163470 -0.153809 1.047928
-1.804411 2.777751 0.021908
-0.579562 2.017380 0.019338
-1.573893 1.979821 0.009358
-3.229650 -0.607826 0.006722
-3.225899 -1.041174 0.218159
-3.429318 -1.701103 0.574436
0.153969 2.501493 0.013059
0.464057 1.224578 0.004624
0.020936 0.860760 0.001683
3.409238 -1.063414 2.969985
2.843632 1.000937 0.843684
2.854374 0.868042 0.520987
2.850835 0.748278 0.875839
2.631132 2.588530 0.009223
2.046283 2.826074 0.019179
2.857265 0.923428 0.131665
2.861155 -0.859711 0.432951
2.852545 -0.992564 0.341654
2.851639 -0.833015 0.432438
1.795273 -2.092886 0.045181
2.827643 0.988824 0.079666
2.471966 2.156533 0.003253
2.848282 0.835522 0.650788
2.849440 0.908798 1.216511
2.848180 0.775109 0.896005
0.844326 1.944946 0.002492
-0.284906 2.530593 0.046875
-3.286419 1.510823 0.007823
-2.894962 -0.152490 0.137013
-3.123345 -0.607988 0.003612
-3.346063 -1.290795 0.000154
-0.026115 2.279340 1.084307
-3.400291 2.580032 0.026595
-3.375824 2.442531 0.024754
-3.477781 1.732955 0.023151
0.543366 -2.589054 2.988219
0.762948 -2.086280 2.998517
1.101044 -2.214781 2.987272
-2.045940 2.165043 0.003693
-0.283944 -0.070829 0.738610
-2.900420 -0.159109 0.324642
-1.535060 2.955502 0.002420
-1.283783 2.466774 0.000639
-3.026491 1.480502 0.278708
-3.310966 1.772309 0.577388
-3.271612 -0.207806 0.281610
-3.322717 -0.581265 0.050869
-0.951572 1.518989 0.002470
-1.956312 1.918756 0.003958
-1.840066 1.384279 0.007130
-3.424631 -1.053292 0.015274
-3.468774 -1.622354 0.071742
2.851253 0.950635 1.104337
2.852581 0.787063 0.938409
0.959873 1.855846 0.003329
0.588812 1.178144 0.001606
0.810493 -0.115907 0.003912
2.371088 2.684404 0.013565
2.822473 1.042562 0.164495
2.864444 0.923838 0.002728
2.663521 -0.724819 0.321291
2.857701 -0.859592 0.476390
3.491467 2.323400 0.004913
3.149684 2.437582 0.007793
2.848115 0.901251 0.613792
2.569721 -0.732526 0.959783
2.660988 0.651372 1.187766
-0.780233 2.821517 0.012115
-3.351522 -1.268098 0.350799
-3.490878 -1.608966 0.225185
0.150221 2.365204 0.955683
-2.225692 1.599506 0.207857
-3.413929 1.875555 0.035846
-3.118462 1.572054 0.392349
-3.090371 -0.236197 0.747715
2.531799 -1.555384 2.990244
2.847210 0.890111 1.318599
0.156082 2.367939 1.464256
-3.025595 2.303538 0.020039
-2.083034 1.593356 0.161734
-0.284318 -0.133238 0.939313
0.603835 -2.194203 2.996668
0.097186 2.296785 0.600915
-2.972615 1.652537 0.025246
-3.476049 -0.261856 0.338642
-2.071747 2.423576 0.002931
-3.205485 2.452570 0.044513
-0.282998 -0.066805 0.297736
-3.202434 -0.317236 0.311621
-2.964551 -0.788863 0.067206
-3.306341 -1.266164 0.221395
1.758696 -2.305176 2.995242
2.832509 0.657502 0.948286
-0.726465 2.163108 0.017117
-0.276682 -0.119231 0.166262
2.571693 -0.730869 1.002714
2.256861 2.272534 0.008046
2.727367 -0.725738 0.563984
3.055652 2.515069 0.003588
2.855558 2.557371 0.000339
2.863095 0.966742 0.546242
2.813132 1.041137 0.207469
2.295394 0.899416 0.099364
2.856880 0.779020 0.978854
1.735611 1.401812 0.806528
-0.284375 -0.059249 0.319178
0.186870 2.452565 0.897225
-2.907491 2.872567 0.129579
-3.098186 2.586319 0.087198
-2.997671 1.496952 0.146163
0.134749 2.482247 1.273338
-2.898725 2.939594 0.125621
-3.041348 2.639422 0.125213
-3.144912 2.531514 0.014398
-3.194246 1.546738 0.051276
-3.091659 1.512405 0.657747
-0.277386 -0.091363 1.219947
0.787830 -2.012877 2.999665
1.106929 -2.131543 2.996817
2.637024 -1.048206 2.993151
3.018348 -0.209774 2.998065
-1.912051 2.601360 0.010378
-3.352328 -0.873114 0.417238
-0.472970 2.173177 0.013941
-1.169176 2.227806 0.003415
-2.364619 2.915450 0.002683
-2.004019 2.066900 0.003744
1.218610 0.021343 0.426703
-0.629339 -0.214833 0.041087
-3.475238 -1.905911 0.116233
-3.396301 -1.566042 0.306297
2.844792 0.970075 1.051654
0.876111 0.114072 0.003368
2.682915 2.517869 0.009051
2.863448 0.822575 0.227989
2.862818 0.670148 0.256144
2.495307 -0.751257 0.277800
2.854830 -0.792439 0.501314
2.737723 -0.727612 0.227833
2.853823 -0.804609 0.498545
3.115124 2.504695 0.010686
2.481458 0.721183 0.151471
2.624478 -0.736639 0.880492
2.856166 0.886427 0.952738
2.850205 0.649109 0.880839
-2.926822 2.484058 0.002752
-2.929942 2.250516 0.013307
-3.226419 1.669130 0.027597
-3.007721 1.498510 0.076615
-3.421261 -0.534799 0.300119
0.161925 2.437435 1.250311
-2.164825 1.780221 0.305848
-3.185411 1.670576 0.194893
-0.284656 -0.094479 1.280888
-2.677902 -2.834253 2.995352
-2.117616 -2.980929 2.999668
-3.440849 2.321359 0.442066
-1.500027 2.349252 0.002575
-1.396914 1.974056 0.004862
1.183889 0.066831 0.540203
-0.361170 -0.217615 0.330379
-2.814833 -0.240005 0.087555
-2.794680 -0.269020 0.300645
-3.251443 -1.338408 0.288217
-0.048310 2.615552 0.008535
0.176425 1.888796 0.005320
-0.143893 0.982776 0.003543
2.292634 2.305332 0.018798
2.387384 1.984324 0.001589
2.448728 0.747363 0.131949
2.711169 2.924525 0.010226
2.588476 -0.730062 0.231454
-0.353022 -0.189088 0.231736
2.853795 0.806554 1.017528
1.675503 1.404610 0.725003
-1.347252 2.847213 0.000428
-0.730118 2.698262 0.000726
-1.314049 2.714032 0.002892
-3.389396 -0.858981 0.371163
-3.355421 -1.684831 0.531501
2.870653 0.963557 1.320406
0.178996 2.468700 0.997071
0.128421 2.468060 0.720022
-2.934276 1.612130 0.001693
-3.239640 1.788463 0.232776
1.176072 0.058112 1.150218
-0.281750 -0.111924 1.236719
-3.047688 -0.233168 0.738360
-3.403126 -0.879300 0.411469
0.146925 2.432425 1.226182
-0.306706 -0.211827 1.267820
0.144047 2.447113 1.457513
-2.370090 1.838047 0.336412
2.868827 -0.993392 1.373197
0.143170 2.412881 0.182119
-0.166029 2.058995 0.013973
-0.129198 1.012316 0.002136
-1.280771 1.476409 0.009553
-1.666518 0.467310 0.003956
-3.408885 -0.997841 0.061532
-3.253270 -1.793797 0.300690
-3.279519 -1.915757 0.357935
3.361840 -1.247655 2.999705
0.760302 1.869805 0.008246
0.827349 1.385526 0.000198
2.004649 -2.877569 2.994115
1.796361 2.975301 0.018032
2.084470 2.956884 0.018112
1.976154 2.630263 0.019764
1.788806 0.923155 0.000130
2.810108 1.072163 0.216282
2.419942 0.777499 0.089002
3.014987 2.796211 0.000611
2.771429 1.143150 0.076576
2.431739 2.829662 0.010841
2.498795 0.699743 0.183739
2.842448 -0.979581 1.374672
-0.041083 2.652115 0.012920
1.231927 -0.048530 0.549539
-0.688733 -0.206026 0.040069
2.849644 0.754402 1.154791
1.661181 1.402997 0.846810
0.044272 2.286478 0.540232
-2.308369 1.763280 0.310713
-2.462995 1.600540 0.255574
-0.373972 -0.214826 0.633890
-3.389401 -0.810695 0.339769
1.092482 -2.017124 2.993520
2.633904 -0.951909 2.988316
-3.271218 1.786444 0.456137
-0.279530 -0.139605 1.288969
-3.322852 -2.950569 2.994530
0.150572 2.454969 1.460804
-0.370002 -0.196208 0.967878
-2.152256 2.137155 0.019592
2.737371 0.651682 1.094493
0.124518 2.433696 0.384093
-1.980786 2.949479 0.007950
-1.834089 2.635933 0.007595
-0.856253 2.020209 0.004130
-1.643917 1.903176 0.001681
-2.882236 2.274485 0.006347
-2.491815 1.587993 0.062972
-2.878261 1.480028 0.003425
1.163695 0.062338 0.291221
-3.290382 0.773695 0.006180
-3.433821 0.677973 0.000213
-0.276981 -0.213426 0.595419
-3.346701 -1.351259 0.070079
0.955601 -2.520290 2.999400
3.305893 -1.137780 2.977795
0.000535 2.558172 0.012169
0.303403 0.958965 0.001642
1.901768 -2.828922 2.991639
2.849769 0.955579 0.553695
3.117875 2.615587 0.012649
2.852618 0.915302 0.296247
2.596216 -0.730068 0.253912
2.594343 2.226752 0.003003
2.417887 0.762116 0.031308
1.917086 2.772475 0.019941
2.861364 0.951004 0.867712
1.622594 1.406304 0.677672
0.138655 2.417510 0.448804
1.606473 1.402507 0.794230
0.154519 2.482243 0.205753
-3.201458 -1.086390 0.074727
-3.419421 -1.716207 0.097089
-3.341855 -1.935582 0.256023
1.096655 -1.984950 2.994697
-2.929043 2.218510 0.023029
-3.108366 1.683542 0.025666
-2.959866 1.543769 0.011455
1.155902 -0.155483 0.935480
0.154130 2.457304 1.178735
-3.411663 2.054907 0.353103
1.236378 -0.046647 1.160561
2.847670 0.976790 1.308472
2.638801 0.650873 1.096192
0.131877 2.400026 0.566175
-2.016864 2.986515 0.028303
-1.908605 2.688458 0.019609
-1.832124 2.308321 0.003883
-0.527758 1.738744 0.006088
-2.969176 2.962843 0.083699
-3.036651 2.619902 0.039884
-3.000198 2.241758 0.029860
-2.322653 1.574262 0.140554
-3.032535 1.553957 0.037498
-3.141555 1.465556 0.028294
-3.306982 -0.906049 0.160176
-3.272198 -1.339066 0.394051
2.855286 -0.982592 1.349632
3.443174 -0.769667 2.993395
-0.273510 2.765468 0.052314
-0.594834 2.119751 0.018463
-0.118843 2.087523 0.010277
0.387817 1.393807 0.005597
-0.063500 1.797135 0.002115
-0.587952 0.718581 0.002083
2.281881 -2.956287 2.997966
2.853203 -0.716516 0.562575
2.713954 1.224788 0.054927
2.331272 0.830527 0.100460
2.852987 -0.869410 0.856082
2.856317 -0.997812 1.297547
2.851512 0.663025 0.938146
1.191603 0.046356 0.173086
1.006343 -0.127650 0.075793
-3.325218 -1.180353 0.174957
-2.884456 2.901653 0.068184
-3.068394 2.493715 0.022672
-2.402968 1.599198 0.149655
-3.253606 -0.992815 0.509352
2.668301 -0.888519 2.996821
2.828273 -0.529624 2.994422
0.149319 2.414634 1.429166
1.161049 0.063016 1.105578
-1.863036 2.111079 0.005863
-2.229778 1.578053 0.140402
-0.276120 -0.205044 0.678382
1.158994 -2.075126 2.997170
2.846117 0.950193 1.010518
0.141466 2.415029 0.273303
-2.091595 2.744453 0.022516
-1.005286 1.968354 0.000785
-0.942020 1.754599 0.003703
-2.989866 -0.397673 0.032087
-3.303423 -1.797045 0.485858
2.850016 -0.921009 1.391847
1.769404 -2.841290 2.995131
0.548868 1.852393 0.007290
0.059748 -2.042359 0.680348
2.364592 2.855374 0.014752
2.857332 0.920696 0.214048
3.187562 1.063200 0.007263
2.849386 0.948085 0.209562
2.853401 -0.919814 0.755072
0.170119 -2.256023 0.293648
0.171699 -2.250672 1.099977
2.836835 -0.797603 1.397725
2.855201 0.876544 1.098130
-0.999834 2.822319 0.007608
-0.384030 2.527421 0.003546
-2.110320 1.602247 0.056463
-3.213170 -0.904354 0.219074
-3.017734 2.697989 0.115366
-3.450056 2.624547 0.027830
-3.457962 2.499102 0.017710
-3.254254 1.704340 0.037343
0.144361 2.375736 1.421100
0.142232 2.362286 1.214890
-3.116933 2.307962 0.027601
-3.061323 2.707140 0.185235
-2.390683 2.498490 0.006465
-3.373410 1.804580 0.797228
-3.352464 -0.422360 0.187585
2.676468 -0.901773 2.999174
-1.714149 2.887164 0.005599
-3.270996 1.762873 0.051199
-0.296319 -0.223272 0.223789
-3.337090 -0.433071 0.251095
2.849993 -0.978356 1.310235
1.757193 -2.750845 2.982221
-0.072597 -2.151910 0.053078
2.841464 -0.996198 1.290279
2.492169 -2.949972 2.997889
3.449607 2.968243 0.006447
2.855710 -0.967200 0.631629
1.889663 0.868364 0.000423
2.846196 0.704527 0.821326
2.842064 -0.870956 1.389422
2.847418 0.944133 1.062191
2.848993 0.716366 0.954231
-3.408222 -2.385640 0.066939
-3.140566 2.535577 0.118737
-3.054837 1.550177 0.402775
-3.391377 -0.400374 0.091453
2.846535 0.886263 1.382913
0.097653 2.296185 1.343767
0.016477 2.249984 1.406702
-3.043104 2.948862 0.152445
-3.218395 1.449668 1.000265
-3.383212 -0.987741 0.485145
1.412254 -2.196816 2.992047
2.810937 0.973816 1.468071
-1.613171 2.334301 0.019814
-1.408379 1.959808 0.014078
-2.234945 1.769429 0.309538
-2.522350 0.780570 0.003854
-3.436035 -1.026287 0.022593
-3.193471 -1.103662 0.104400
-3.411551 -1.595675 0.280898
-3.255135 -1.043509 0.554285
2.842911 0.923590 0.924569
-0.492886 2.377078 0.008843
-1.353974 2.933705 0.006540
-1.697921 2.474484 0.021541
-0.479850 0.848423 0.004709
-1.164089 1.259469 0.003041
-1.107398 0.913291 0.004089
-1.168062 0.513685 0.000045
-3.460637 -2.420521 0.115190
3.337227 -0.953466 2.992020
3.446121 -0.589466 2.993883
1.134593 1.530717 0.007469
0.051733 -2.044674 0.338467
2.273035 -2.825369 2.991648
2.849464 0.922349 0.773421
2.480364 2.745470 0.017440
2.314040 0.814696 0.063636
2.780813 2.733857 0.009435
2.841350 0.962882 0.294960
2.845426 0.945156 0.519512
2.622499 0.652810 0.545584
2.615351 -0.734748 0.924769
2.133387 2.843382 0.018249
2.148124 2.286596 0.007497
2.841772 -0.940697 1.339610
2.845967 0.952233 0.779082
0.150483 -2.252074 0.040555
2.849261 0.945854 0.989742
2.845431 0.742645 0.900319
2.836749 -0.813653 1.434822
-3.158460 2.373325 0.021000
-2.089815 1.610631 0.176081
-2.296262 1.574520 0.143071
-3.029270 1.667565 0.026727
-3.416214 -0.920862 0.447792
-3.328617 -1.178508 0.314158
-2.123150 1.774506 0.295031
-3.005764 1.499380 0.140022
-3.349856 1.743412 0.718062
-3.342395 1.726821 0.041860
-0.305449 0.112022 0.514835
-3.453860 -0.760378 0.330291
1.421695 -2.147978 2.999039
2.734283 -0.965931 2.998961
-2.984160 2.287478 0.037277
-3.495586 -2.075340 0.425707
2.844227 -0.900394 1.375512
0.277582 1.066282 0.002381
0.834160 0.079087 0.030668
0.164544 -2.268503 0.692666
2.851847 0.753041 0.822636
1.699998 0.821382 0.000994
2.235007 2.178596 0.007748
2.248028 1.971611 0.001085
2.861912 -0.951199 0.678736
2.690801 -1.337082 0.001342
2.852591 -0.833371 0.341244
2.857914 -0.924834 0.655381
1.644285 2.801837 0.013983
2.848314 0.723783 0.693028
2.853819 0.774359 0.883183
-2.951521 2.910260 0.182651
-3.314861 1.804048 0.558120
-3.361263 -1.215059 0.401881
2.779983 -0.800016 2.997564
2.866050 -0.476927 2.997903
2.712305 0.652577 0.902298
-3.115796 2.568400 0.119034
-2.096805 1.590042 0.247131
-3.358186 -0.547197 0.163435
2.844233 0.950315 1.409670
2.844123 0.956743 1.193523
-1.363466 2.242592 0.007814
-2.495775 2.262234 0.007509
-0.819753 1.264025 0.003746
-3.330843 1.129187 0.009057
-0.327695 0.138764 0.346768
-3.278668 -1.287463 0.139387
-0.020803 1.668767 0.014494
-0.912713 1.536165 0.012897
-0.235453 1.053348 0.000734
1.725353 -2.807726 2.993507
2.824494 0.996656 0.231266
2.851465 -0.891308 0.730141
2.853770 -0.905921 0.638211
2.470468 2.233871 0.006171
2.640057 0.649585 0.485160
3.055515 1.027615 2.999564
-3.244882 1.793899 0.257881
-3.406815 1.781458 0.957285
-2.973611 1.498361 0.065265
-3.282150 1.449576 0.006922
-3.313591 -0.977160 0.515663
2.689713 0.641664 0.986345
-3.486967 2.966208 0.581982
-2.893419 2.420137 0.004303
-3.471239 2.160074 0.388325
-2.140083 1.464427 0.008872
-0.308440 0.131539 0.483697
-3.178865 -1.085787 0.039779
-3.457170 -1.973545 0.592509
-1.684173 2.981876 0.010772
-1.377421 2.596021 0.008099
-1.252509 2.428423 0.007323
-0.774234 1.739858 0.009401
2.655190 -0.731013 1.265941
2.840500 -0.756141 1.425124
1.780630 -2.710171 2.987779
0.569404 1.466661 0.001813
0.069013 -2.036494 0.272428
2.844899 -0.896554 1.342314
2.513801 2.225740 0.008066
2.799203 1.058648 0.241537
2.859398 -0.912064 0.588405
2.850466 -0.797917 0.314482
2.671145 -1.384357 0.039897
2.844860 -0.820958 0.940473
2.196345 2.230497 0.008839
2.844268 0.957862 0.957522
2.848063 0.830367 0.903315
0.093661 -2.080250 0.386790
2.848700 -0.930184 1.285108
-2.235720 1.964596 0.017864
-3.456422 -0.734270 0.084625
-3.447121 -2.312216 0.098584
-3.161044 2.517401 0.157829
-3.353915 1.755743 0.012229
-3.491906 0.701607 0.009002
-0.315860 0.112428 0.737475
2.843580 0.914440 1.370228
-2.214189 1.827745 0.353777
-3.345165 1.745204 0.848615
-2.016196 2.532973 0.002524
-1.773600 2.218260 0.000188
-1.490179 1.811138 0.001145
1.199131 0.033212 0.479933
-3.373032 -1.080620 0.017311
2.842331 0.836178 0.881282
2.838899 -0.811068 1.375283
0.147579 -2.334922 0.055908
2.285783 0.800489 0.080222
2.857265 -0.876571 0.670703
2.847844 0.183928 0.006351
2.725777 -1.291531 0.003418
2.771459 -1.197256 0.014784
3.000129 2.203801 0.008054
2.856257 -0.854975 0.611699
2.338531 2.860438 0.017977
2.341856 2.055717 0.001598
2.398338 2.249916 0.014395
1.618802 2.939386 0.005583
2.849998 -0.840135 1.314971
1.173419 0.048781 0.282497
-3.349706 -2.340313 0.002966
-2.108362 1.820925 0.281253
-2.167321 1.917947 0.049390
-3.049788 1.482358 0.396940
-3.210312 -0.970047 0.131768
-3.289510 -1.232127 0.506316
2.848877 0.881082 1.052684
-2.917788 0.142366 0.205588
-3.482412 2.574329 0.447809
-2.879910 2.142961 0.008056
-2.267973 1.818719 0.351701
-2.089942 1.590426 0.094756
-0.301355 0.135087 0.186821
2.850701 -0.832630 1.300804
1.709229 0.975140 0.001026
0.073622 -2.044353 0.222527
1.946085 2.969704 0.014121
2.209755 1.884305 0.000047
2.860516 -0.781222 0.732306
2.865543 0.739620 0.266322
3.080105 1.183185 0.008620
2.860010 -0.811770 0.530116
2.821628 -1.132339 0.058981
3.368252 2.660291 0.011898
2.866097 0.736305 0.240131
2.860227 -0.799498 0.650626
2.810985 1.032853 0.288571
2.843969 -0.808859 1.297995
2.847285 0.896805 0.922185
0.143325 -2.287669 0.116190
-1.641912 2.694609 0.002133
-3.335918 2.433429 0.007055
-3.303742 -1.704643 0.412989
-3.416948 -2.060934 0.560412
-2.065728 1.713195 0.204558
-2.171625 1.746849 0.286153
-3.423450 -0.915085 0.468249
1.417879 -2.024670 2.996596
2.674263 -0.818463 2.999864
-1.998274 2.269769 0.005788
-3.483847 2.297156 0.426068
-3.334815 1.718969 0.050768
-2.622102 1.394603 0.006106
-3.419020 -0.753826 0.327946
-1.154528 2.154107 0.004796
-2.201324 2.562405 0.009772
-0.810614 1.484998 0.003747
-1.821900 2.003755 0.005878
-1.591165 1.551089 0.003740
-3.257750 -1.885742 0.385736
1.972479 2.492992 0.009690
2.208048 2.332999 0.007090
2.857617 0.832514 0.415178
2.860002 0.774538 0.238587
2.213704 -1.014484 0.005633
2.852813 -0.776199 0.648907
3.420229 2.700274 0.016177
2.391478 0.731420 0.011076
-3.386671 -1.692062 0.194306
-2.076513 2.365843 0.002888
-2.987927 2.231068 0.057977
-2.136475 1.572938 0.157610
-2.991437 0.169116 0.117964
-3.484311 2.316622 0.333530
-3.433678 2.459354 0.271590
-3.368259 -1.704793 0.216235
2.845254 0.910872 0.833147
2.849670 0.861836 0.557568
-0.789132 2.059901 0.009390
1.148689 0.073658 0.341503
1.166917 -0.151529 0.403480
-3.462812 -2.450068 0.008336
2.839019 -0.766141 1.315230
2.409268 2.494604 0.012795
2.325447 1.997151 0.001762
2.847271 0.844587 0.462382
2.855046 0.803018 0.280394
2.671706 -0.721642 0.582037
3.211219 2.796466 0.014833
3.329087 2.778178 0.010295
2.855591 0.865975 0.380900
2.847873 -0.985016 0.899716
2.847903 0.870065 0.541999
1.202196 -0.105612 0.578616
-3.406109 -2.270326 0.049781
-2.916672 0.118355 0.141934
-3.415194 -0.860874 0.395937
-2.326630 1.823703 0.332239
-2.324462 1.632320 0.323039
-3.157158 1.622200 0.213435
2.845451 0.859735 0.617676
-1.020511 2.119335 0.002657
-0.953755 2.001289 0.005914
-1.837414 2.201209 0.007954
-1.726272 1.971353 0.006881
-0.215665 1.015399 0.002139
-1.643656 1.761274 0.006870
-1.574710 1.385926 0.000898
-1.593946 0.863940 0.001606
-3.335083 -1.362576 0.128463
3.495261 -0.799885 2.980984
0.647551 1.405618 0.003451
2.853782 -0.880144 0.999931
2.851372 -0.960605 0.980958
3.402094 2.217386 0.010885
2.853285 -0.733621 0.627450
2.846101 -0.947062 0.944168
-2.075918 1.626992 0.123961
-3.362559 -0.940784 0.449953
0.691176 -2.147001 2.997821
1.262640 -1.787256 2.994352
-0.365579 0.155709 0.974133
0.508708 -2.135899 2.999584
2.673870 -0.656455 2.999469
-3.478933 2.310457 0.606636
-3.343577 1.812664 0.769961
1.205749 0.037605 1.138741
-2.363504 1.565181 0.184688
-3.240128 1.658059 0.051208
-3.001783 1.500774 0.085982
-3.363516 1.462170 0.032599
1.189296 0.045183 0.789510
-3.206782 -0.944426 0.283259
1.176797 -0.152917 0.307272
0.041888 -2.047289 1.022818
3.301856 -0.828282 2.995362
2.846175 0.919045 0.576383
2.244087 2.066122 0.000710
2.848444 -0.824788 1.121045
2.785812 2.881582 0.030676
2.853412 0.799529 0.256353
3.238111 2.893003 0.008987
0.070091 -2.079629 0.004575
0.042631 1.673114 0.001161
1.170679 0.058822 0.796093
-3.353144 -1.228824 0.324838
-3.329838 -1.985013 0.447985
-2.337586 1.776532 0.292205
-2.088508 1.625723 0.089843
-3.447078 1.504747 0.182139
1.203707 0.035046 1.195391
-2.901478 2.870752 0.074935
-3.051442 2.557145 0.011133
-1.516945 1.919903 0.006982
-1.443975 1.443029 0.001703
-2.091598 1.694686 0.142469
-2.790899 1.652938 0.029795
-2.975938 1.464797 0.009732
-3.094409 1.567960 0.264607
-3.332737 1.740808 0.539471
-3.362631 0.943104 0.007404
-2.803188 0.144378 0.242417
-0.775200 1.772016 0.001350
1.703611 0.789004 0.000739
1.220332 0.006477 0.170614
1.473372 2.876298 0.017791
2.850662 0.898918 0.601807
2.849059 -0.794264 1.240286
2.851905 0.831589 0.311017
2.173470 2.116772 0.000988
-3.178560 -1.014267 0.151479
-3.366270 -1.642507 0.442661
-2.985029 2.853203 0.223127
-1.629705 2.494268 0.003373
-2.412545 1.810858 0.307345
-2.784522 0.098660 0.060213
-2.795401 0.108232 0.311969
3.262312 1.215249 2.993044
-0.302082 0.115004 1.302708
-3.477924 2.351904 0.173463
1.165198 0.068765 1.236321
-3.472357 1.479705 0.267851
-3.324949 1.733943 0.577826
-0.329705 0.145193 1.075566
-3.307225 0.370830 0.002549
-0.314630 0.143799 0.380568
1.137767 0.079640 0.388530
3.405370 -0.871536 2.995914
1.184704 -0.150124 0.515801
1.988914 2.174168 0.006111
2.854734 -0.986037 0.867372
2.396275 2.565720 0.008233
1.179300 0.052692 0.458057
-2.855155 0.103130 0.320579
1.163292 0.069077 0.803188
1.178644 0.056057 0.554884
3.355810 1.318150 2.983540
-3.308876 1.777081 0.510572
-3.344310 1.461562 0.532416
1.202711 -0.112251 1.327064
1.181214 0.058532 1.261278
-2.827716 -2.512388 2.998352
-2.455999 1.711537 0.341168
-3.241857 1.450177 0.256514
-3.249725 -1.031189 0.386375
1.144480 -2.289387 2.999445
-1.166861 1.475719 0.005600
-0.307928 0.131892 0.289833
1.570404 2.965019 0.016537
2.418013 2.539350 0.012366
2.798156 1.037381 0.043042
2.552780 -0.734888 0.321451
2.838884 0.868802 0.261139
2.839912 -0.853695 0.969460
2.084855 1.913946 0.004593
0.161121 -2.275789 0.330227
-2.872721 0.054845 0.024236
-0.287993 -0.024722 0.657976
-0.283592 -0.028990 0.291568
-3.265623 -0.890827 0.347154
-3.352271 -1.858370 0.145984
2.720735 -0.674940 2.997356
3.249428 1.212515 2.999528
-3.377148 1.491170 0.468402
-0.299168 0.018527 1.320475
2.863237 -0.262094 2.998305
-3.321624 1.774832 0.474187
-3.178730 1.562423 0.795811
-3.440571 1.736700 1.262608
-3.334804 1.532427 1.265017
-2.103963 1.894693 0.115071
-1.672302 2.261612 0.000683
-0.313998 0.152481 0.312431
-3.020368 0.146753 0.152674
-3.279842 -1.322368 0.083457
-3.430774 -1.967268 0.577572
1.497339 -2.300252 2.992064
0.066155 -2.038669 0.926084
1.566335 2.505209 0.009875
2.857450 0.870976 0.225145
2.865723 0.840586 0.103047
2.858222 -0.998917 0.757124
2.313561 0.749639 0.090494
2.848160 -0.881099 1.032173
1.523521 2.903964 0.009465
1.723487 2.789987 0.014172
-3.239224 -0.953078 0.247514
-2.444800 1.996178 0.048013
-3.296430 1.781530 0.719154
-2.799859 0.069068 0.157487
-0.282916 -0.026512 0.729543
-3.228187 1.522496 1.091025
-0.301168 0.104504 1.102504
-0.314824 0.121223 1.282485
-3.309844 0.041686 0.772855
-0.308665 0.108636 1.446410
1.148861 0.075653 1.217914
-2.166320 1.905740 0.071595
-2.502006 2.356664 0.013636
-3.119485 1.079209 0.005233
-3.310529 1.758599 0.428636
-3.239160 -0.954424 0.406381
-0.745757 1.557759 0.010417
-3.292852 -1.852087 0.247807
1.460009 -2.794621 2.990182
1.425242 2.620028 0.002293
1.210288 -0.100928 0.201129
2.417110 2.068988 0.002422
1.412644 -1.857750 0.029884
2.856846 0.850439 0.163855
2.488241 -0.776786 0.160366
2.493098 -0.773414 0.249086
2.547087 2.035180 0.007193
2.368121 0.733767 0.141237
1.122046 2.974533 0.014478
2.547097 0.642587 0.623533
-3.369264 -1.858723 0.096409
-3.247058 -1.909797 0.430757
-3.231637 2.567094 0.017561
-3.142962 2.413186 0.029551
-3.108170 2.280184 0.034536
-3.365382 0.018653 0.378176
1.257742 -1.731081 2.994727
-3.457378 2.330820 0.006423
-3.349221 0.060647 0.319803
-0.935493 1.857314 0.005739
-0.279129 -0.039293 0.236941
-3.457985 -1.576879 0.205243
2.075196 -2.871360 2.999444
0.159738 -2.298317 0.095525
2.850239 -0.826596 0.962325
2.157813 2.284931 0.009467
0.158119 -2.328292 0.000262
0.163101 -2.319107 0.137302
1.412048 2.572182 0.004292
1.605336 2.417942 0.006562
-3.254411 -1.831265 0.333273
-2.923530 2.169596 0.022332
-3.177172 -0.008331 0.312514
-3.382724 -1.668353 0.484138
-0.322933 0.140716 0.593578
-0.289194 -0.051431 1.340362
-3.166015 0.138909 0.024633
-3.351693 0.081373 0.773257
-3.492935 2.581538 0.046117
0.504616 -2.834045 2.997074
0.003954 0.744335 0.001215
1.209765 -0.108142 0.502574
1.671934 2.423759 0.008809
2.850783 -0.998895 0.594318
2.461636 2.126496 0.010039
1.933249 1.979037 0.004142
0.177946 -2.308643 0.255632
-3.430421 1.499722 0.398690
-0.372637 0.114170 0.881263
1.173108 0.044878 1.115417
-3.335169 1.455963 0.424051
-3.409898 1.742112 1.199826
-0.336115 0.134183 0.414346
-3.030590 0.168067 0.150741
-0.413797 1.348957 0.001603
-0.520881 0.831073 0.002069
-0.373917 0.149764 0.248659
-0.289632 -0.040026 0.005394
-3.371942 -2.428004 0.072656
-3.392555 -1.741450 0.139058
1.208095 2.686577 0.011443
0.173535 -2.274180 0.745959
1.643999 -1.745578 1.338506
2.853617 -0.826847 0.931909
2.709318 2.573580 0.012041
2.852576 -0.726511 0.543000
2.524514 2.123424 0.010812
2.846066 -0.772216 0.951824
1.993628 2.786460 0.019608
0.176104 -2.158998 0.160419
1.548302 -1.737441 1.390882
-3.375724 -1.674608 0.091808
-3.302391 -1.754967 0.413750
-3.393656 1.476408 0.399237
-2.813039 -0.026078 0.189866
-0.404553 0.102023 0.862539
-0.292051 -0.097586 0.937758
-3.358048 1.747648 1.031188
-3.277330 0.055361 0.316648
-0.302147 0.096761 0.520719
-0.309733 0.115990 1.224041
1.217246 -0.095928 0.853136
-3.225180 1.495567 1.150316
-3.019478 1.574297 0.119989
-3.245290 0.014948 0.833141
-1.347997 1.638992 0.003442
-1.324865 1.366914 0.004300
-2.306509 1.195160 0.002821
-0.457702 0.133473 0.313944
-2.470283 0.713855 0.001845
-2.954303 0.089545 0.003893
-3.362198 -2.060381 0.485103
1.138167 0.075405 0.277174
0.170498 -2.334207 0.151100
2.850019 0.953328 0.261329
2.498325 -0.772072 0.121044
2.325074 0.654475 0.000282
2.256002 2.576694 0.011785
2.320598 0.729764 0.102156
1.685118 2.235537 0.006217
-3.060063 -0.010999 0.035844
-0.327089 0.102632 0.639864
-3.457036 -2.047469 0.560597
3.161053 1.459458 2.993100
-3.355190 1.510358 0.165502
-3.230307 0.923284 0.001289
-3.230749 -0.006722 0.821342
-0.289161 -0.103079 1.317286
-3.157777 -0.044680 0.451797
-2.626101 1.635497 0.092439
-3.224693 1.558732 0.949193
-2.895427 1.655222 0.021711
-2.996942 0.127391 0.160669
-3.306546 -0.000683 0.356229
-0.436498 0.948163 0.001575
3.298821 -0.632386 2.992027
2.058379 2.181115 0.003854
2.290258 1.926608 0.010389
2.847049 -0.973718 0.591212
0.127746 -2.369926 0.003395
-2.777446 0.070542 0.020133
-3.351092 -1.654878 0.315720
-3.471430 -1.931607 0.158420
3.150351 1.397143 2.995742
-3.298504 1.742710 0.538437
-2.947397 0.025901 0.003370
-0.590604 0.091836 0.955124
-0.840220 1.401650 0.002535
-1.578163 1.134573 0.001205
-3.294528 -1.963709 0.404380
0.167550 -2.263910 0.861878
1.468498 2.351903 0.006560
1.779833 1.948904 0.003254
2.467489 -0.821847 0.115366
2.845844 -0.982903 0.666209
2.472245 -0.811014 0.180680
2.849972 -0.975952 0.608986
2.842711 -0.917599 1.077828
2.827650 -0.870439 1.404066
2.053396 2.886837 0.015819
1.193923 -0.077028 0.043390
1.251920 2.998233 0.021036
3.300415 -0.096917 2.981970
-0.307766 -0.038278 0.287811
-3.477267 -1.698595 0.149664
-3.137673 1.462955 0.538082
-3.488358 1.534573 0.147097
-0.562849 0.130960 0.750691
-2.183846 1.521449 0.000380
-3.419278 1.443427 0.030727
-0.419200 0.121851 0.236428
-0.302940 -0.108174 0.574759
-0.010254 1.074280 0.001875
-0.055429 0.747764 0.006710
1.421432 2.330135 0.010056
2.849222 -0.914076 0.622557
2.296825 0.669274 0.001002
-3.431674 -2.046936 0.433264
3.101496 1.498390 2.995941
-2.944191 0.130006 0.070194
-0.503762 0.106549 0.853013
-0.478640 0.113568 0.362059
-3.124170 -0.094540 0.103910
-0.477742 0.130973 0.763683
3.378881 -0.125107 2.996976
-0.427247 0.801712 0.000693
-0.282228 -0.189000 0.022957
-3.461987 -2.192383 0.032798
0.203391 -2.246299 0.654883
1.850161 2.875012 0.015655
1.808310 2.425065 0.013396
2.248055 2.815957 0.017682
2.502950 -0.785859 0.144372
2.457600 0.663241 0.126991
2.846922 -0.932264 1.237834
-0.488786 0.091341 0.232652
-3.319164 -1.756034 0.209443
3.313466 -0.029947 2.986235
3.120095 1.428696 2.965762
-2.969488 0.098874 0.317686
-3.144265 -0.115346 0.952536
-0.358987 0.100917 0.968964
-3.131565 -0.063599 0.012891
-0.439724 0.121289 0.764538
-2.286207 0.576690 0.004209
0.610558 2.762614 0.000687
0.422728 0.883750 0.005263
-1.240003 -2.932333 0.529390
-1.306335 -2.936235 0.515775
1.840797 -2.854302 2.994779
1.163646 2.980258 0.014347
1.505121 2.794560 0.013050
0.038904 -2.434088 0.008533
2.161525 2.815606 0.015254
2.835174 -0.878104 1.296615
1.549394 -1.692002 0.353656
0.576508 2.749820 0.004232
1.203751 -0.095321 0.540715
3.491994 1.075369 2.980667
1.861787 1.704992 1.206874
1.877291 1.709176 0.783215
-0.590547 0.100761 0.191654
-0.473551 0.113211 0.807663
-3.250581 -0.894708 0.251309
3.013705 1.648233 2.988765
-0.297224 -0.206093 1.282818
1.847917 1.685670 1.151849
-3.016632 0.113733 0.112720
-0.526515 0.112292 0.696373
-3.055296 -0.155241 0.725418
-3.333238 -0.920631 0.379196
-0.279986 -0.206098 1.122633
1.861122 1.694050 0.835826
-0.366229 0.115256 0.051801
-3.278346 -1.915064 0.199558
3.431995 0.524435 2.995091
-0.736810 -0.325361 0.020999
-0.012773 -2.070693 0.973314
1.701899 1.845089 0.011944
2.764360 1.020116 0.192909
2.272289 -1.127928 0.000577
2.673275 1.081682 0.145993
2.852107 -0.843559 0.688875
1.872118 1.737264 0.503607
1.849406 1.777878 0.006308
1.546538 -1.748078 1.223663
1.883217 1.704733 0.801474
-0.467335 0.089286 0.257850
3.066651 1.677520 2.969656
1.867830 1.701384 1.136228
-2.841882 -0.193309 0.335463
-0.457927 0.091961 0.909527
-3.224055 -0.918773 0.190749
-3.423972 -1.002956 0.480208
1.869746 1.684644 1.184254
-2.830012 0.164244 0.290712
-3.135981 -0.183290 0.549625
-0.536811 0.118795 0.450977
-2.950167 -0.894576 0.004396
0.981502 2.912532 0.017244
1.146295 2.476825 0.006185
2.717468 2.214955 0.014027
2.670897 1.073062 0.166966
2.856393 -0.825620 0.619977
1.868175 -1.719606 0.070206
1.524036 -1.755671 1.084473
1.871900 1.705070 0.904144
-2.892216 0.024085 0.285895
-0.589141 0.093451 0.413919
-3.408027 -2.051334 0.436723
-0.586567 0.090900 0.787318
-0.397262 0.098915 0.752867
-0.286930 -0.211270 1.191856
1.124028 0.059914 1.161061
1.169150 0.042143 1.168412
-3.139249 0.139786 0.001535
-3.315140 -2.002680 0.476688
-3.382817 -1.017394 0.088541
1.192035 -0.150267 0.261623
1.737236 -1.705688 0.236585
2.075660 0.593612 0.001301
2.838879 -0.849729 0.694182
2.734871 1.020453 0.221834
2.889092 2.228667 0.015790
2.826581 -1.116246 0.140843
1.866277 1.679439 0.239992
0.444164 2.751873 0.002394
1.156756 0.037741 0.059846
1.175627 0.040174 0.682759
-3.355102 -2.004507 0.478942
-3.349601 -0.026580 0.569242
-2.973831 -0.229692 0.041792
-0.299284 -0.213845 0.899425
1.146345 0.046485 0.992154
-3.359690 -0.016936 0.335044
-2.819615 -0.243262 0.134301
-0.550558 0.086916 0.858946
-0.293159 -0.216697 0.770014
0.208599 -2.764930 2.999919
1.848547 1.440023 1.109081
-3.301096 -1.945665 0.485527
-0.335405 -0.222483 0.032945
-0.786378 -0.351777 0.030957
1.019380 0.045096 0.060783
1.848665 -1.801926 1.216909
2.834227 -0.850195 1.204449
2.144246 1.704581 0.007925
2.673306 1.043515 0.172020
2.537426 0.598746 0.000515
2.726194 1.014526 0.193246
2.845066 0.834160 0.235752
2.786664 -1.263477 0.046761
2.851298 -0.803520 0.215340
1.886773 -1.764422 0.138271
0.716158 2.723928 0.006677
1.104970 0.048129 0.412738
1.854757 1.639118 1.124218
-0.505378 0.084394 0.987353
-3.235618 -0.993504 0.395962
-3.326668 -1.253524 0.454485
-0.303810 -0.028315 1.017329
-3.280608 -1.000043 0.067663
1.843851 1.695582 1.206105
-0.417551 0.101251 0.196488
-3.464261 -2.206163 0.006164
0.022512 -2.047428 1.069682
0.178014 -2.184584 0.433639
1.622074 -1.717553 0.484084
2.827045 -0.794190 1.287137
1.852556 1.398151 0.001086
1.871927 -1.820990 0.127694
2.854340 0.744067 0.189334
2.849314 0.754757 0.199206
2.574644 0.597188 0.005335
2.166192 2.740258 0.019337
1.754376 2.702859 0.026360
2.839257 -0.908511 1.144772
0.887652 2.837549 0.000861
1.864278 1.701841 0.880539
1.132723 0.046420 0.260341
-3.258875 -1.260503 0.045284
-0.308273 -0.023992 0.880051
-0.287846 -0.202652 0.734305
1.846694 1.675266 1.129608
1.844303 1.459675 1.265730
1.847275 1.665335 0.968081
-0.310327 -0.006184 0.439029
-0.316599 -0.010636 0.770986
1.168384 -0.154610 0.688169
0.026360 -2.039054 0.475902
0.737787 2.683937 0.000819
1.361771 2.198263 0.000276
1.452467 1.976498 0.000183
2.073679 2.705061 0.014016
2.709433 1.011163 0.067255
2.771717 0.636802 0.210871
1.872204 1.669012 0.106261
1.750998 1.818032 0.001258
-3.254792 -1.007919 0.246617
1.852275 1.468259 1.242163
1.154967 0.059740 0.627775
1.717672 -2.662253 2.991594
1.859551 1.702284 0.360928
2.136025 2.311328 0.014331
2.215685 1.775653 0.009443
2.737300 2.780808 0.026574
2.851115 0.770296 0.199495
2.845270 -0.754557 0.721025
1.655262 -1.753620 1.126401
1.854002 1.700107 1.179004
-3.058330 2.740557 0.143916
-2.152397 2.346806 0.001557
3.416178 0.743019 2.996663
1.859856 1.703602 0.434810
1.542321 -1.724240 0.702814
1.415362 2.765347 0.003505
2.469233 2.304038 0.010031
2.855812 -0.998324 1.064305
1.854897 -1.941194 1.167540
0.909552 -0.249978 0.080623
3.482004 0.784768 2.997779
-1.363595 1.910498 0.002550
-0.421857 1.857659 0.000249
0.177508 -2.251144 1.336792
1.042567 -0.200470 0.045791
1.810018 1.723830 0.230262
1.845881 -1.905933 1.399059
1.047744 2.792313 0.005530
2.655288 1.034143 0.006810
2.756751 0.982082 0.201294
2.850500 -0.749834 0.667074
2.176360 1.861023 0.000253
2.848652 -0.935051 1.431415
1.761637 1.856177 0.003956
1.867694 1.711343 0.724395
1.223165 -0.074531 0.643469
-2.926708 2.065583 0.005071
-2.945159 2.078199 0.051582
0.209749 -2.139228 1.472861
0.048837 -2.036891 0.539020
1.041761 2.943698 0.011396
2.762468 0.994044 0.133017
2.186590 2.951256 0.019970
1.882704 -1.904786 0.075005
1.751205 2.928992 0.009388
0.924259 2.979109 0.005821
0.157161 -2.107728 0.064316
3.413079 1.347226 2.994591
-2.178008 1.839766 0.301327
-2.112749 1.651096 0.280867
-3.005867 2.471455 0.021110
3.483326 0.859928 2.997587
-0.767618 2.009376 0.000326
1.327420 2.479712 0.010009
2.685869 0.997984 0.173431
2.048297 1.994944 0.001182
1.891632 -1.904164 0.132354
1.666575 -2.499642 0.015764
0.211960 2.714441 0.007138
3.355462 0.784184 2.999752
3.315191 1.292099 2.976621
-3.097146 2.538812 0.147039
-2.367903 1.655582 0.307453
-3.403864 1.741063 1.147424
-3.460685 2.029164 0.607828
-2.953543 2.182702 0.062955
3.364937 0.291480 2.984198
3.449603 0.845904 2.989572
-0.025333 2.742724 0.014494
0.208206 -2.225605 0.630943
1.685506 1.403814 0.241355
1.312400 1.147928 0.001981
1.559065 -1.697681 0.640960
1.859823 -1.947243 0.345897
2.499051 2.494226 0.013883
2.377409 1.016446 0.007763
2.636301 0.993480 0.013270
2.613123 0.505025 0.029545
2.852807 -0.756346 0.965235
0.021934 2.855918 0.005937
3.359286 0.926678 2.984177
3.344992 1.646329 2.996267
-2.984848 2.070019 0.019087
-3.262058 1.456861 0.844400
-3.243421 1.473126 0.521252
-3.303650 1.461669 1.156233
-2.417179 1.781456 0.326617
-3.297658 1.447968 0.563636
-2.954700 2.101591 0.024751
1.011405 -2.436689 2.999795
-0.134188 1.649664 0.003723
0.008118 -2.039090 0.946716
1.398261 -2.971574 2.996883
0.148438 -2.104428 0.138006
1.840773 -1.860492 1.386636
2.847292 -0.999286 1.407225
2.076868 2.068079 0.010962
2.847092 -0.966695 0.990678
2.858305 -0.994947 0.700493
2.537245 0.415462 0.009644
2.457367 0.372404 0.000002
2.351641 2.087450 0.000111
1.868643 -1.897760 0.029493
2.028540 2.087185 0.006037
1.209588 2.894079 0.016262
1.342050 2.139968 0.003472
0.015960 -2.095117 0.149763
1.846650 -1.868926 1.306620
0.097469 2.828851 0.012505
3.407432 0.927048 2.999516
2.895569 1.428590 2.960357
-2.290805 1.854978 0.326278
-3.430807 1.910564 0.808907
-1.927706 1.943242 0.006660
-3.136179 1.620512 0.034420
-3.219555 1.182092 0.012294
-0.543121 1.604598 0.004633
-0.996788 1.394621 0.007868
-1.670801 1.381339 0.005386
0.507616 1.199842 0.004023
1.143593 2.403414 0.018710
1.848994 1.744054 0.003731
1.867694 -1.910327 1.139731
2.714389 -0.739910 1.341501
2.386588 2.537490 0.018323
2.858742 -0.996756 0.837431
2.738602 -0.728578 0.676413
2.449319 0.965106 0.191487
2.846891 -0.938717 0.825612
2.047046 2.141558 0.006253
1.644264 2.670816 0.011297
1.836995 -1.966056 1.179600
3.305765 0.866954 2.985783
2.826776 1.897599 2.987561
-2.154420 1.812515 0.294271
-3.120398 1.462524 0.108391
2.841973 1.432847 2.995984
-3.373738 1.817242 0.721386
-3.311646 1.474612 0.585472
-3.388408 1.729996 1.283473
-2.876314 2.237536 0.014162
-0.246063 1.300613 0.009470
-0.231050 0.897324 0.005265
1.435440 2.683898 0.007180
1.875368 -1.884048 0.113083
1.870481 -1.891434 0.709092
2.088765 2.142591 0.004398
2.026521 -0.075654 0.005638
2.609930 0.964985 0.291858
2.849632 -0.959171 0.545283
2.858995 -0.947753 0.729454
2.144866 2.113667 0.005975
1.766402 1.797184 0.006163
3.404859 0.873001 2.994562
1.876517 1.636957 0.554711
2.881735 1.996478 2.990576
-3.396740 1.789485 0.849670
2.842358 1.576481 2.969815
-2.380266 1.795436 0.317331
-2.913247 1.580172 0.003942
-0.641557 2.958288 0.003371
-0.717634 1.397286 0.004062
-1.242811 1.448659 0.012535
-1.207694 0.884452 0.001289
0.576704 1.599781 0.003214
0.012069 -2.043501 0.385924
1.129574 2.742790 0.011490
2.369699 1.236071 0.003163
2.358129 1.619371 0.000160
2.559659 0.963549 0.180069
1.862273 -1.870420 1.184251
3.470384 1.476773 2.974708
2.880316 1.572656 2.955365
-3.223055 2.288239 0.044574
-1.820824 1.427332 0.001960
-3.266115 1.735947 0.498847
-2.686029 0.898817 0.001236
-1.081287 1.324147 0.003522
-3.001027 2.142943 0.061806
-1.100343 0.829098 0.000200
-1.758895 1.155528 0.003006
3.404834 0.971308 2.994816
0.000104 2.735861 0.020279
0.076854 1.332325 0.004671
1.489838 0.848711 0.001870
2.857036 -0.894874 1.306667
2.849113 -0.876125 0.570151
1.697959 1.839721 0.004781
1.853242 -1.988162 1.122613
3.374224 1.476834 2.978592
-0.558086 2.880744 0.005987
-3.258238 1.456356 0.403920
-2.946126 1.491045 0.051483
-2.220918 1.846797 0.309236
-3.271094 1.770298 0.429760
-3.202695 1.449911 0.697184
-3.452621 2.162752 0.518554
-2.404689 1.854897 0.315494
-3.404240 1.892341 0.786575
-3.021388 0.126928 0.330817
-3.300325 -0.023995 0.305197
-0.158653 1.669875 0.008268
0.274283 1.131327 0.001486
-0.780913 1.239540 0.012804
-0.333932 0.736375 0.005675
3.364140 -0.082582 2.972545
1.295075 1.440458 0.064353
2.858498 -0.993880 0.931529
1.535023 -1.691582 0.336417
1.060253 2.952218 0.007119
2.788933 1.942260 2.996713
-3.133396 -0.229700 0.514466
0.123587 2.463092 1.401569
0.128241 2.474543 1.080751
-3.072004 0.080430 0.311587
-3.374424 0.001495 0.593910
-3.095061 -0.158147 0.390181
-2.329468 1.594483 0.271653
0.096749 2.467084 0.801883
0.094415 2.472524 0.535816
-1.514250 1.622021 0.004813
-2.709548 2.011761 0.003688
-0.726693 1.136982 0.000888
-1.905230 0.578858 0.001235
3.481563 1.004171 2.981534
0.114396 2.583354 0.018523
1.546703 -1.733096 1.272063
1.845637 -1.958585 0.872392
2.626757 -0.750428 0.860935
2.841749 -0.968900 1.180088
2.559043 0.117318 0.000024
2.810507 -1.358377 0.000137
2.594659 0.964809 0.296124
2.836230 -0.935508 1.188707
3.274649 1.010991 2.988381
3.406105 1.626339 2.997616
-0.557853 0.099101 0.196593
-2.460632 1.751949 0.305710
-0.433164 0.095392 0.797513
0.140440 2.451723 1.450863
-3.235844 1.786080 0.418809
-3.292253 -0.062549 0.644088
-3.087429 -0.098182 0.969991
-0.514608 0.097465 0.888565
-0.403791 0.076440 1.260236
-3.324610 1.456726 0.670807
-3.177161 1.461884 0.116680
-0.551556 0.128026 0.298532
-3.358334 -0.500306 0.140647
-0.415460 0.112276 0.573674
0.159900 1.238682 0.000421
-0.084122 1.073595 0.000236
2.672315 -0.752761 1.434838
1.481190 2.584049 0.005488
2.861996 -0.945036 0.843118
2.619789 0.964336 0.233755
2.830161 -1.322013 0.001262
1.505229 2.624382 0.000072
2.852571 -0.857836 1.285549
3.311461 1.513804 2.978730
-0.248668 2.738719 0.004056
0.141047 2.473261 0.793883
-0.522404 0.106787 0.263224
2.791154 1.510865 2.965291
0.158742 2.413221 0.982032
-3.208350 1.458895 0.354158
-2.270107 1.726863 0.275507
-0.596603 0.095737 1.064288
2.827879 1.048893 2.983314
-3.372369 1.729786 1.064562
-3.369793 0.047865 0.813308
0.103330 2.469214 1.018315
-3.157125 1.449675 0.359968
-0.591552 0.117130 0.327143
-1.802255 1.332475 0.000646
-0.413335 2.906759 0.000080
1.893189 1.647224 0.127690
2.856220 -0.815976 0.567125
2.813445 -1.429741 0.006088
2.582373 0.971958 0.302608
1.369927 2.089416 0.002160
3.370438 1.663497 2.985021
-0.026446 2.964938 0.015436
-0.099318 2.692780 0.007733
0.109727 2.533256 0.516480
-0.280234 -0.127991 0.392580
3.192628 1.559417 2.967103
-3.298661 1.734260 0.355974
-3.142348 0.109825 0.279442
-2.865859 -0.238619 0.348714
-2.804403 -0.283449 0.107065
-0.490096 0.096106 0.349872
-3.239387 -0.044573 0.898577
-3.479790 1.591990 0.027111
-3.066196 1.013565 0.003436
0.083572 2.494067 0.459982
-3.190692 1.485104 0.099812
-3.343771 1.178496 0.013260
-2.858197 0.587894 0.011767
-2.702702 -0.214081 0.003878
-0.449034 2.882998 0.001418
1.855060 -1.859499 0.786792
2.840816 -0.852036 1.097876
2.651239 0.960560 0.274734
2.839248 -1.213888 0.013793
2.683688 0.207000 0.001086
2.613023 0.960673 0.313216
2.855512 -0.788871 0.593559
1.300490 2.644374 0.009482
1.848102 -1.950684 1.388152
3.321881 1.759995 2.981969
0.132041 2.465935 0.479283
-0.517800 0.095644 0.040367
0.133375 2.451178 0.859141
-3.197153 1.573561 0.071758
-3.060478 -0.029812 0.335940
-2.847097 0.127575 0.130044
-2.997172 -0.400583 0.299337
-3.427460 -0.731225 0.270467
-2.946542 -0.632518 0.069443
-0.515698 0.089269 0.906003
2.798010 0.725971 2.997379
0.132990 2.438232 1.127064
-3.199456 1.559653 0.540478
-3.329796 -0.088464 0.044506
-2.928513 0.141410 0.345883
-0.396824 0.110447 0.271276
-0.597717 0.131134 0.630897
-3.438865 -1.714036 0.163148
-0.376924 1.459944 0.002911
-0.008849 2.588390 0.011648
-0.194725 2.599039 0.046394
0.685299 2.125002 0.001354
1.842911 -1.913300 1.042288
1.790683 1.737340 0.190117
1.531890 2.230398 0.002420
1.829613 1.723400 0.146628
1.840999 -2.053883 0.047818
1.849160 -1.861711 0.401474
1.846624 -1.795458 1.088105
3.304853 1.745965 2.967813
-0.173966 2.620477 0.053084
0.119333 2.480467 0.526948
0.058682 2.268059 0.415288
-0.552929 0.088775 0.252479
3.182307 1.237121 2.960119
-3.238994 1.439784 0.455581
-3.082189 0.138561 0.251423
-3.043442 -0.167540 0.731240
-0.585954 0.087761 0.924234
-3.361706 -1.804495 0.548749
2.646814 1.134910 2.993054
2.704793 1.697493 2.961209
0.065078 2.245458 1.467489
-3.276650 -0.043035 0.858160
-3.268223 1.445422 1.290248
0.128862 2.424400 1.358709
-3.070852 0.132194 0.088465
-3.270153 -0.484294 0.087482
-3.148698 -0.321525 0.348594
-0.502213 0.107967 0.830000
3.288982 1.253580 2.989172
-0.377977 2.654164 0.054468
0.968126 2.669105 0.014884
1.509916 0.693844 0.000230
1.296863 0.677795 0.003087
1.839496 -2.101701 0.090177
2.022101 2.774835 0.024736
2.867803 -0.794359 0.460836
2.883623 -0.981517 0.449118
2.854840 -0.992887 1.151391
1.873969 1.715759 0.573439
3.284649 1.845634 2.961504
0.085295 2.507312 0.542913
1.105901 0.038004 0.502341
1.094553 0.041010 0.831349
3.185320 1.680292 2.944081
-3.473110 -2.453171 0.070329
-2.969956 0.128639 0.225956
-3.319992 -0.035868 0.661442
1.099342 0.046058 1.162496
1.122928 0.054504 1.411673
2.645768 1.328168 2.990964
2.762606 0.821240 2.997852
0.124319 2.281781 1.408488
0.138976 2.428608 0.830392
-2.780043 -0.175219 0.203685
-0.519406 0.097240 1.058820
1.145617 0.055137 0.836761
1.149585 0.038786 1.262146
-3.178592 1.095959 0.018686
-2.986428 0.576650 0.004972
-2.985876 -0.530579 0.027184
-2.929853 -0.628237 0.049016
3.476656 0.422491 2.989781
3.391761 0.710726 2.994790
3.240061 1.287908 2.998968
-0.348390 2.374527 0.000250
-2.249844 2.939333 0.004112
-1.991727 2.773331 0.023179
1.903295 1.657153 0.597959
0.318704 1.124848 0.000480
-0.704678 1.322836 0.007544
-0.153411 0.549958 0.001189
1.308041 2.710890 0.008049
1.181791 2.215235 0.004359
2.493303 0.917118 0.201474
2.848601 -1.154421 0.058485
0.138250 2.477596 0.237067
3.313021 1.957875 2.990831
0.093150 2.299453 0.157428
1.118897 0.040729 0.347680
3.232774 1.790469 2.948689
0.126718 2.458657 0.811579
-0.624957 0.090287 0.248197
-3.260023 -1.863277 0.116234
-3.067482 -0.250256 0.932242
-3.006804 0.028682 0.327202
-3.473533 -0.648993 0.323481
-2.982713 -0.637489 0.115993
-0.604285 0.082379 1.049433
1.158193 0.041697 1.418576
2.661976 1.333507 2.994954
0.115257 2.298090 0.797609
-3.074831 0.158563 0.252815
-3.356552 0.059692 0.803507
-3.035631 -0.253301 0.839608
-3.285217 -0.581260 0.002535
-0.563268 0.113605 0.809478
1.091887 0.066134 1.300838
2.701725 0.718299 2.993616
-3.063692 -0.050395 0.013983
3.254061 1.756038 2.994332
-1.147820 1.284751 0.001467
-1.782791 1.243322 0.004888
-1.571020 0.923892 0.001376
3.323698 0.819186 2.999552
3.394588 2.454792 2.959900
1.426610 2.270308 0.004886
1.022808 1.907052 0.004194
2.858135 -0.946527 0.441374
1.197371 2.177111 0.002526
1.829117 1.724671 0.319064
3.338913 1.481132 2.977911
3.182082 1.837873 2.945199
0.111192 2.474537 0.918599
-2.049966 2.743918 0.001858
-0.577674 0.082821 0.338438
1.109595 0.038472 0.847695
-3.358662 0.034449 0.614008
-3.036320 0.039722 0.297780
-2.996568 -0.281905 0.324436
-3.414462 -0.834221 0.112999
-3.431336 -1.910183 0.636962
1.200620 0.018024 1.230082
2.533804 1.841995 2.995796
-3.162916 -0.070084 0.887608
0.051547 2.236974 1.406447
1.820807 1.695915 0.851793
1.194638 0.019567 1.219907
-3.401191 0.129660 0.002694
-3.438757 -0.755348 0.041480
-3.151675 -0.070878 0.848214
-0.582183 0.115325 0.355610
-0.284565 -0.215701 1.048864
-2.904670 2.948132 0.030749
-3.039628 2.775195 0.177235
-2.938381 -0.654213 0.069498
3.257895 0.855084 2.996526
0.102366 2.292402 0.139644
-0.584495 2.360698 0.005609
1.019346 1.195860 0.003048
2.826996 -0.881108 1.101991
1.530080 2.740071 0.014247
1.930026 1.818111 0.007551
1.235245 2.229236 0.012656
1.352476 1.861984 0.004234
1.150244 0.052127 0.172419
0.379950 2.621777 0.009732
3.117973 1.879956 2.965060
0.087320 2.496185 0.934610
1.120084 0.041228 0.472939
1.190248 0.036533 0.508669
-3.049873 -0.418088 0.162440
-3.439111 -0.950804 0.435660
-3.363597 -0.865391 0.151325
-0.606234 0.098115 0.412100
1.117913 0.051276 1.359712
0.104312 2.425532 1.503295
0.137752 2.419894 1.306713
-0.584279 0.089297 1.123847
-0.287369 -0.109198 1.364627
-3.325710 0.129687 0.250364
-3.427243 -0.785350 0.408635
3.216362 0.904649 2.987909
3.200555 1.320214 2.995575
-1.700745 2.435086 0.008554
-2.452126 2.521697 0.008170
1.876677 1.644504 0.763703
-1.118731 0.322637 0.002778
-0.947990 -0.039677 0.035350
1.867993 1.701455 0.073701
2.870304 -1.024620 0.076100
1.825032 1.722709 0.268935
3.111402 1.878906 2.944327
0.105583 2.507892 0.892071
-2.921774 2.643620 0.009280
1.858647 1.514259 1.056358
-2.963567 -0.390351 0.256058
-3.353642 -0.869713 0.230733
-0.294122 -0.063295 1.020492
-0.286077 -0.154970 1.308847
2.538441 1.260528 2.997982
-2.962517 -0.778946 0.005775
0.101096 2.286421 0.605353
-3.149365 2.946920 0.203471
-2.764914 0.579177 0.004416
2.227315 -2.248422 2.997609
3.049984 1.926587 2.987340
-0.520692 2.398528 0.014416
-1.271982 2.397230 0.001319
-0.606049 2.153390 0.009146
0.903886 1.893974 0.005169
2.834146 -0.919809 0.970786
1.878738 1.864318 0.010855
2.462747 0.844077 0.273971
1.922979 1.893623 0.008886
2.468123 0.851560 0.196119
2.868611 -0.931022 0.295566
1.501513 2.330450 0.008109
2.864263 -0.922327 1.093196
3.384299 2.430449 2.941856
0.078702 2.470698 0.139659
0.819402 -0.160490 0.008628
1.148516 0.036841 0.185925
1.062693 0.040071 0.799084
1.847476 1.667950 1.040307
1.840541 1.552402 1.012441
-3.410628 0.142560 0.206804
-3.168164 -0.026710 0.512494
-2.861458 0.053263 0.050344
2.447354 1.933459 2.979502
0.048804 2.246569 1.457737
-3.295720 -0.890092 0.181042
-0.577169 0.104174 1.053836
1.087481 0.058151 1.432742
2.643028 0.906481 2.988076
2.516348 1.364353 2.983496
2.020233 -1.728702 2.988071
-3.336522 0.131625 0.207054
-3.066561 -0.283708 0.006443
-2.912761 -0.690985 0.046415
3.062218 1.518047 2.973597
0.067479 2.486447 0.690981
-2.898882 2.973072 0.037299
-2.465175 2.592204 0.005059
1.224251 -0.068210 0.598927
3.299054 0.618141 2.972355
3.378128 0.962994 2.980853
0.648151 1.153249 0.000963
0.074840 2.519365 0.452873
-0.868818 2.873605 0.006024
-0.647774 2.359585 0.007053
0.091597 2.505853 0.898251
-2.781257 -0.228091 0.177886
-3.352866 -0.531295 0.094496
-3.339455 -0.900583 0.140091
-0.596057 0.098476 0.467797
1.840145 1.648073 0.977436
-3.321203 -0.025829 0.641125
2.601625 1.003375 2.984832
2.576199 1.461910 2.975131
2.414237 1.770631 2.987128
0.056102 2.247300 1.379318
0.124709 2.296440 1.279301
-3.487256 2.563738 0.593604
-2.813758 0.098386 0.169629
-2.849338 -0.346915 0.172445
-3.075156 -0.300743 0.366918
-0.593525 0.109174 0.421201
-3.368073 -0.888489 0.116108
0.082802 2.481780 0.796956
-0.602458 0.135829 0.277308
3.151649 1.531700 2.991085
0.085859 2.481208 0.073338
2.866298 -1.343689 0.013526
2.858160 -0.885732 0.265753
1.520366 1.317091 0.032308
1.095427 1.817346 0.000561
2.949738 1.984985 2.956384
3.148588 1.584208 2.998189
0.099033 2.480982 0.589137
-2.893377 2.535825 0.005098
0.094644 2.499100 1.262809
1.843747 1.405552 0.981829
-3.050940 -0.123442 0.697666
-3.309786 -0.967972 0.467423
-3.479201 -2.309048 0.107297
2.455453 1.406609 2.995924
-0.608510 0.097703 1.091782
-2.854162 -0.008638 0.128868
-3.257348 -0.982750 0.111543
-2.975820 2.541946 0.003026
-2.958067 -0.005192 0.111507
-3.395057 -0.240429 0.029962
2.924503 2.065522 2.985749
0.160958 2.205715 0.000403
1.162660 -0.152974 0.096616
1.165788 2.857337 0.018201
2.861638 -0.822159 0.734022
2.866861 -0.827089 0.278887
2.855279 -0.774381 0.946803
0.170863 2.117424 0.000463
3.004395 1.558234 2.979888
2.873476 2.121409 2.987449
0.062178 2.530510 0.560220
-1.174862 2.325901 0.001782
-3.103211 2.722426 0.213555
-3.051654 2.199270 0.017297
-2.970131 -0.215295 0.099169
-3.438509 -0.713991 0.036118
2.809916 1.701874 2.935099
2.751947 1.858127 2.939997
-3.451044 -0.973685 0.493557
1.114795 0.049374 1.101109
1.209392 -0.088716 1.492231
2.562573 0.989569 2.997426
-3.251944 -2.030321 0.422114
-3.348241 1.915776 0.265456
-3.454955 1.996118 0.822478
-0.286369 -0.112826 0.640609
-3.222697 -0.908438 0.361238
-0.605349 0.124922 0.681823
1.201188 0.008344 1.086450
-3.377385 2.398471 0.003655
3.254505 0.653105 2.962052
1.726496 2.427809 0.008134
2.570262 0.962823 0.369819
1.701572 2.463728 0.006707
2.608220 0.957510 0.422810
2.956196 2.119913 2.946734
-0.842624 2.848311 0.007478
-0.544066 2.345215 0.005765
3.013207 1.666136 2.972595
-3.046896 2.822105 0.178325
-0.543746 0.095441 0.307171
-0.429711 0.106368 0.476374
2.881222 1.660087 2.941081
2.689010 2.113503 2.955891
-3.488804 2.133131 0.846898
1.859473 1.412074 0.904987
-3.429564 -0.968193 0.454143
-0.444166 0.095463 0.688751
2.494427 1.509738 2.938948
2.310749 1.862434 2.994673
-0.433603 0.089967 1.222691
-3.260961 -0.939186 0.147868
-0.605463 0.120299 0.345436
-0.426495 0.098241 0.738903
-3.238625 -0.920868 0.409680
-0.614881 0.117443 0.857396
-3.425269 -2.436350 0.021976
3.186561 1.009409 2.940555
3.023449 1.727672 2.983294
-3.379352 2.328770 0.004226
-2.970077 2.184685 0.033124
1.815757 1.655646 0.907453
-0.918277 2.782216 0.005866
-0.038901 2.542347 0.005023
-0.411750 2.041327 0.005460
0.132298 1.719804 0.001084
-0.043039 -2.133123 0.040160
0.098530 -2.463110 0.012759
-0.368464 2.895955 0.006403
3.469971 2.362926 2.961855
2.562287 0.957740 0.458506
2.573607 0.969645 0.409280
1.702920 1.327102 0.070573
3.426619 2.435182 2.977281
1.141674 0.042381 0.101152
-0.388572 2.772541 0.006520
3.074349 1.812426 2.965458
2.917586 2.265050 2.952765
2.742928 2.168452 2.962281
-3.477281 2.209805 0.832290
-3.396579 -0.709240 0.094688
-3.241214 -1.114130 0.131787
-0.385509 0.099159 0.710589
-3.039301 -2.276268 0.028707
-0.563216 0.098364 1.007495
-0.397433 0.086557 1.222726
2.575153 1.047435 2.968506
2.415315 1.395942 2.981565
-0.265276 -0.207789 1.052215
1.192825 0.006423 1.257923
2.616796 0.876769 2.999817
-1.076181 -0.124485 0.026952
2.727819 2.129048 2.964711
-2.569510 2.733585 0.000225
1.122329 0.047382 0.099741
3.146432 2.711628 2.973062
1.566453 1.703177 0.206713
1.882289 1.461128 0.452932
1.722728 1.659832 0.423623
1.075398 2.777470 0.016251
1.583876 2.425576 0.008642
2.630241 0.964031 0.474277
2.562040 0.944509 0.332316
-0.367921 2.849725 0.007457
2.922865 1.701575 2.962008
2.801893 2.207140 2.973285
-1.498367 2.532910 0.001734
1.199912 0.012790 0.593104
1.545780 -1.753673 0.993332
-2.209185 1.889541 0.281094
-2.559579 1.607752 0.265776
1.723371 1.689321 0.889058
-0.312828 0.099083 0.679529
-0.281034 -0.204735 0.285758
2.822110 1.647400 2.935341
2.680156 1.959517 2.983932
1.845324 2.366433 2.934398
0.144836 2.393275 1.492537
-3.469024 2.089925 1.154664
-3.262482 1.570207 0.933607
1.745460 1.679693 1.014826
1.775128 1.683131 0.974266
1.147516 0.035495 1.379739
2.551657 1.088498 2.972675
2.418701 1.494897 2.990689
-3.375406 1.503721 1.657403
-0.376138 0.085481 1.199417
2.710422 0.678891 2.992625
-3.497853 2.250628 1.125603
-0.009992 -2.075602 0.935443
3.117297 1.234984 2.999555
2.985058 1.764832 2.977168
2.790116 2.223492 2.990242
-3.240370 2.234355 0.021407
-2.584763 1.903166 0.001997
-0.866789 -0.024595 0.002593
3.218555 0.880217 2.988047
-0.742326 2.338554 0.005737
1.597449 1.704564 0.430021
2.643994 0.960199 0.528808
2.655897 0.967317 0.530321
2.595330 0.966253 0.545430
1.750064 1.702078 0.631055
1.674711 -1.693951 0.307893
2.701128 2.308756 2.943694
0.182626 -2.306533 0.061168
2.937184 1.908576 2.941473
-2.916609 2.595144 0.020334
1.725790 1.700006 0.787408
1.204431 0.028611 0.800890
2.648152 2.165438 2.976385
-3.178303 1.540079 0.849964
1.773762 1.695267 0.927596
1.233573 -0.007188 1.378929
-3.309425 1.427989 1.486241
-3.261653 1.501290 1.247589
-3.225709 1.448356 0.805075
1.460866 -2.826425 2.997384
-3.459301 1.842410 1.244360
-3.191767 1.534342 0.531261
1.709731 1.682925 1.061986
-3.409732 2.027845 0.328137
-2.092822 1.580097 0.298020
1.778718 1.693898 0.789989
3.156359 0.947480 2.953784
2.694349 2.224630 2.967300
-2.501014 2.409289 0.001867
3.337168 0.949666 2.954009
0.785489 1.644394 0.001458
1.739645 1.698334 0.629552
1.759452 -1.699365 0.291065
1.302401 2.871460 0.012939
2.678424 0.972148 0.573762
2.551062 0.944942 0.244719
2.756155 0.965414 0.587579
2.580586 0.960984 0.632956
1.663791 1.698412 0.617475
-0.586536 2.692398 0.002199
2.820204 2.261801 2.986275
-2.862281 2.684562 0.001705
1.692685 1.696444 0.736126
2.896080 1.805582 2.985508
2.625026 2.254938 2.936498
-3.416120 2.217615 0.395757
1.675821 1.688298 1.081091
-2.246304 1.656205 0.281397
1.731291 1.691214 0.960811
-3.401645 1.737250 1.300102
1.069048 0.043368 1.259885
1.223275 -0.020265 1.419240
2.385296 1.533219 2.998761
-3.162498 1.528010 0.564936
1.027665 0.020112 1.050973
1.398783 -2.712448 2.998078
0.139076 2.372050 0.875859
-3.383090 1.894695 0.740837
2.999796 1.903948 2.983718
-3.444178 2.559653 0.428505
-3.317491 2.178698 0.011221
-2.117477 1.577510 0.320448
-0.656270 2.053973 0.002923
1.570706 1.702899 0.556836
-0.521901 2.910213 0.003633
1.891184 1.511925 0.002898
2.708306 0.948726 0.664057
1.451951 2.425331 0.007393
2.483361 0.689816 0.031864
2.668060 0.955514 0.671774
-0.237876 2.774184 0.002004
1.622017 1.702948 0.437328
-0.922295 2.363825 0.004068
1.651674 1.693385 0.681305
1.147460 0.052201 0.230104
1.167839 0.054874 0.892632
2.889441 1.900027 2.939461
2.719664 2.417889 2.989493
-3.422404 2.354909 0.384557
-2.896113 2.004179 0.000343
1.645188 1.684982 1.060502
2.366037 1.687860 2.983349
-3.399744 1.745855 1.315162
-3.254724 1.505963 1.182962
1.178907 0.028850 1.378205
2.688622 0.763203 2.989625
-3.455110 2.012664 0.737845
1.632674 1.679244 0.942034
1.733950 1.685501 0.913560
0.200030 -2.216729 1.225004
2.654801 2.389051 2.970860
-3.390954 2.449148 0.223829
-3.437734 2.283847 0.601277
-2.985754 1.908816 0.011459
-2.282985 1.823546 0.307436
-3.449390 1.520058 0.222377
2.588881 0.935554 1.438829
-0.922716 1.409312 0.002553
1.139545 0.046018 0.245981
-0.553788 2.760077 0.006367
0.154450 2.417598 0.161650
0.175666 1.907092 0.004917
0.643665 1.566809 0.003200
1.128293 2.319731 0.004137
1.658769 1.698915 0.362501
2.672842 0.948913 0.728902
2.829029 0.952718 0.684767
2.731437 0.950018 0.711305
0.905648 2.755115 0.013489
0.083850 2.969963 0.012432
-0.604419 2.744328 0.019141
-0.118879 2.275834 0.001686
0.127617 1.881464 0.004831
2.748275 0.942227 1.447899
2.661249 2.403400 2.959366
-2.872018 2.578762 0.006328
0.203696 -2.200041 1.041309
-3.485614 2.334337 0.670998
-3.108399 1.463484 0.496299
-3.417567 2.189996 0.399179
1.649308 1.682706 1.022255
1.637592 1.689268 0.956955
-3.331239 1.567217 1.194102
2.232401 1.731546 2.993931
-3.450970 1.858298 1.108427
2.483178 1.269716 2.990166
-3.188051 1.614364 0.360859
1.693637 1.686166 0.959348
-3.463764 2.279335 0.675086
-0.430141 -0.320155 0.027092
2.753862 1.928671 2.948869
-3.090572 2.571986 0.188226
-3.410716 1.927018 0.011859
-1.382736 1.734024 0.003265
2.672597 0.939184 1.432315
3.246196 1.025921 2.960562
0.083720 2.490618 0.443253
-0.933281 2.403383 0.005335
2.643719 0.957857 0.780607
1.421566 2.489079 0.003852
1.885167 1.574780 0.003325
2.793979 0.959411 0.665868
1.602781 2.775901 0.016570
2.555733 0.948985 0.439615
-0.321418 2.890549 0.013494
0.115428 2.465211 0.130948
2.720986 0.950503 1.353308
2.804225 1.996032 2.936556
2.640596 2.406485 2.968174
2.570626 2.813230 2.985273
0.126909 2.447978 0.920744
-3.404986 2.507975 0.246147
-3.215286 1.596142 0.517981
-3.022490 1.568966 0.208204
-2.379947 1.885533 0.281312
1.650125 1.688095 1.018562
1.104921 0.043316 1.183905
1.142539 0.044062 1.306145
1.237107 -0.075113 1.397593
2.236871 1.787145 2.980328
-3.416071 1.520195 1.687317
-3.498937 1.925092 1.353405
1.103229 0.044682 1.433988
2.537449 0.811971 2.991462
2.445358 1.268597 2.969434
-3.193469 1.461777 0.577441
2.657880 2.025012 2.962563
-3.469732 2.281806 0.607695
-3.388933 2.016367 0.477168
-3.374476 2.011188 0.237221
-3.469874 2.017127 0.001416
1.641360 1.685863 0.856676
2.717721 0.944279 1.371462
3.087343 1.166040 2.984108
2.977982 1.432739 2.963168
2.852041 2.028850 2.942993
-0.749911 1.672228 0.003943
1.849824 -1.979429 0.974878
1.634573 1.705712 0.232355
1.683487 1.701900 0.225302
2.626278 0.948369 0.848947
1.567671 2.012796 0.001511
2.650857 0.942694 1.397392
2.612649 2.502567 2.981984
-1.608072 2.948854 0.003647
-1.155689 2.839403 0.001808
-0.944404 2.310665 0.001794
-0.525289 2.206187 0.000054
2.796601 1.988005 2.978782
-3.427443 2.349783 0.245122
-3.072227 2.212529 0.004099
-2.468396 1.921135 0.001376
0.105229 2.463607 1.340703
-3.481366 2.227382 0.982378
-3.126069 1.572480 0.522885
-3.455588 2.009915 1.033389
1.818040 2.589866 2.959898
-3.223494 1.440620 0.625801
1.224762 -0.153244 0.878662
-3.466025 2.124484 0.691241
-2.421466 1.887492 0.246937
1.640504 1.685265 0.837822
2.808691 1.983105 2.978854
2.558645 2.445078 2.996083
0.091024 2.470502 0.862240
-2.357808 1.887931 0.024308
-1.230069 1.238158 0.001721
2.638629 0.939027 1.402889
-1.148801 2.949163 0.006551
-0.064016 2.267385 0.006865
2.581126 0.951095 0.890959
2.708621 0.955136 0.669572
2.849749 0.947632 1.015400
1.705156 1.706738 0.007548
2.856003 0.944108 1.058661
1.013395 2.384423 0.009529
1.227737 1.943567 0.002018
1.757296 1.692831 0.513433
2.552567 0.930779 0.957935
2.777312 0.942855 1.279430
3.105134 2.660702 2.996861
-0.181793 2.290076 0.000602
1.234927 -0.048813 0.139208
2.699337 2.040972 2.916367
2.621561 2.499911 2.983892
-2.973115 2.571931 0.008510
-2.397952 1.756559 0.284605
-0.072441 -2.780379 0.004417
0.203621 -2.191941 0.604557
0.112535 2.492526 1.222125
-3.318225 1.835860 0.548686
-3.457305 2.485848 0.532152
-3.164759 1.591941 0.627079
-3.410293 1.870458 1.109085
-3.374113 1.833021 0.842486
1.384148 -2.474571 2.997657
2.241822 1.670285 2.974281
1.820979 2.602785 2.977350
-3.399524 1.472518 1.810757
-3.453127 1.841232 1.265505
-3.450241 1.539938 1.286688
-3.125310 1.488856 0.810545
-3.255771 1.449686 0.806083
0.106234 2.289646 1.072095
-3.230264 1.795087 0.463808
2.864191 1.510976 2.999876
2.810808 2.071264 2.973306
-3.443252 2.298021 0.325288
-3.136018 2.015041 0.014174
-0.005346 -2.123058 0.135725
0.010524 -2.068696 0.405355
2.663341 0.941985 1.343227
3.122328 1.184530 2.934272
-1.239959 2.781649 0.000109
3.218271 2.660582 2.990019
0.746461 2.764783 0.011999
2.727569 0.956671 0.628123
2.522925 0.386244 0.017087
1.681007 1.695024 0.586392
1.902175 -1.949061 0.236595
2.760187 1.981567 2.944291
2.505157 2.486096 2.976342
-1.054046 2.324053 0.003179
0.126634 -2.428329 0.006726
-2.105379 1.542668 0.278583
-3.423026 1.736845 1.214687
-3.322398 1.841977 0.674498
1.104226 0.037977 0.921223
1.043609 0.038199 1.124914
0.015794 -2.110755 1.195267
2.570471 0.897139 2.985412
2.274658 1.294683 2.999525
2.253523 1.713482 2.971547
0.129203 2.373612 1.510788
-3.312100 1.434047 1.506587
-3.351177 0.087921 0.060465
-2.298872 1.883488 0.229028
-3.111444 1.511300 0.584592
-3.340551 0.081331 0.047680
2.718305 2.021187 2.946929
0.115056 2.453567 0.569189
-2.200307 2.505244 0.000026
-3.317773 2.371156 0.001655
2.612046 0.937409 1.353872
-0.253618 2.306574 0.007125
1.634321 1.686537 0.586567
1.771242 1.693872 0.392080
2.687377 0.949603 0.997478
2.689948 0.961334 0.634576
1.688176 1.702565 0.005249
2.544205 0.345833 0.036729
1.689523 1.697477 0.333344
2.551183 0.940009 0.874146
2.595717 0.945162 1.337967
-0.240648 2.268381 0.001186
2.612198 2.035586 2.962063
2.469913 2.541672 2.986221
-3.202983 2.546952 0.000612
0.042612 -2.104783 0.013479
-3.343470 1.840196 0.812374
-3.441863 2.229255 0.692846
-3.441291 2.286024 0.534245
-3.335580 -0.006533 0.298754
-2.846855 0.178406 0.149808
2.502000 0.900370 2.984007
-3.410099 1.815205 1.136804
-3.288631 -0.105306 0.670800
-3.475390 0.141763 0.179592
-3.233228 0.121958 0.160738
0.078128 -2.100091 1.177835
2.238329 1.298060 2.992391
2.724248 2.054064 2.996802
-3.135978 2.459456 0.021688
-2.610718 1.886648 0.000241
-1.018673 1.461327 0.000554
2.627296 0.936704 1.322364
3.179280 1.111891 2.954015
-1.088490 2.924915 0.000321
-0.608351 2.217145 0.002835
-1.029156 2.297513 0.009099
0.668617 1.388709 0.000801
1.624387 1.687072 0.621614
2.556229 -0.754713 1.176869
2.634977 0.957163 0.651730
2.544872 0.488282 0.063494
2.537382 0.542845 0.076434
2.636996 0.962194 0.648235
1.753489 1.699733 0.412333
2.584565 0.954565 1.317894
3.178075 2.342260 2.989657
0.044488 2.499302 0.086117
1.907033 -1.952118 0.652977
2.401774 2.528203 2.938533
0.118515 2.474104 0.968890
-0.957954 2.132259 0.003096
2.621335 1.981483 2.945569
0.114828 2.486676 1.113560
-3.435270 2.307086 0.540738
-3.088448 1.587107 0.242758
-2.430786 1.830932 0.295149
2.596215 1.708143 2.991076
2.483908 1.969999 2.957531
2.282987 2.170856 2.913210
0.088374 2.463857 1.495683
-2.845073 0.097211 0.323323
2.392107 0.934955 2.997534
2.260303 1.407204 2.964460
2.072464 1.808652 2.985180
-3.331930 1.438987 1.665701
-3.465284 2.149725 0.721788
-3.190405 1.780780 0.217703
-3.010328 -0.102631 0.109387
-3.365079 1.392485 0.008754
-1.680938 1.171676 0.003059
-0.960178 1.714942 0.000120
-2.840321 0.632617 0.003559
-0.976191 0.671573 0.000302
-2.150473 0.310229 0.002351
2.652200 -1.388529 2.992017
3.005096 1.144656 2.981150
-2.439773 2.482829 0.004503
-0.217377 1.425750 0.000192
1.894336 1.703831 0.297398
1.685805 1.703007 0.399479
2.539387 0.648910 0.226132
2.584464 0.963726 0.656916
1.621736 1.699270 0.521943
1.781967 1.706874 0.361792
2.753138 0.960602 1.148460
1.907443 -1.800345 0.527574
2.401072 2.574344 2.949128
2.560483 2.130799 2.962720
0.085936 2.512445 0.796357
-3.407877 2.317127 0.102087
-2.865575 2.368279 0.006379
-2.265765 1.549690 0.026638
2.506143 2.022863 2.982611
1.634143 2.659235 2.973256
-3.458082 1.986377 0.899355
-3.273201 1.572536 0.740168
-3.007295 1.560966 0.187366
-3.287968 -0.055045 0.698308
-3.100911 -0.260721 0.680219
1.046619 0.018867 0.891134
2.337605 0.995907 2.979572
-3.313668 1.531986 1.386776
-3.288811 1.524472 1.065335
2.231067 1.356254 2.963414
-3.406373 1.870871 0.956185
-3.152878 1.479773 0.751508
-3.469998 1.521371 0.329329
-3.266680 -0.036878 0.831490
2.415154 0.847481 2.995377
2.320282 1.149151 2.978182
1.632527 2.805006 2.981821
-3.433899 2.306953 0.269706
-3.058746 1.171252 0.000446
-2.220359 -0.023731 0.001085
2.325711 2.404559 2.951122
-2.197002 2.159109 0.002836
-1.915658 2.313639 0.005731
-1.336673 2.007759 0.006759
-1.609796 1.868154 0.002243
-0.777563 1.645332 0.000149
-0.887286 1.098280 0.003896
1.528043 -1.728764 1.040357
-0.623999 2.863019 0.007590
0.024503 2.496233 0.116618
0.143172 2.177314 0.000363
0.037959 1.767011 0.002072
1.767310 1.711412 0.328996
2.742474 0.966024 1.068391
1.603201 1.702520 0.484933
2.798558 0.956891 1.447823
0.058938 2.493921 0.187593
2.550352 2.134576 2.913568
2.472182 2.485447 2.956234
0.052549 2.515413 0.639808
-1.661196 2.319933 0.002018
2.418407 1.934776 2.901879
-3.105925 1.579627 0.224774
-2.297958 1.835703 0.274912
1.635806 2.619154 2.976074
-3.449503 2.024246 0.888246
1.042273 0.040785 1.470569
1.219512 -0.049238 1.472065
-3.414390 1.849099 1.238134
-3.423680 -0.790760 0.379338
2.592446 2.177091 2.992695
-3.438721 2.291869 0.571606
2.954331 1.160847 2.953271
-1.352109 2.765709 0.002320
-1.616212 2.241970 0.001697
-1.041496 2.158679 0.006439
-0.274493 1.395491 0.003908
-0.628731 2.931991 0.006171
0.034710 2.493057 0.172808
2.534918 0.805345 1.041362
2.806407 0.945580 1.450849
2.547512 0.605078 0.259069
2.546840 0.619304 0.168422
2.548429 -1.174512 0.007670
2.553485 0.948980 0.710307
0.001576 2.511654 0.084453
2.586392 2.077192 2.935947
2.396302 2.572252 2.958177
-2.178728 2.991573 0.015371
-1.586619 2.370890 0.003633
-1.353063 2.068499 0.002307
-1.146337 2.081239 0.001839
-1.011225 1.817487 0.002973
-0.553670 1.793567 0.000948
0.076846 2.507635 0.929242
-3.232183 1.851603 0.216416
-2.371121 1.735664 0.283075
-2.186782 1.673637 0.283316
2.452540 2.027829 2.914900
2.110317 2.522624 2.964674
-3.428899 1.957450 0.921795
-3.112775 -0.120656 0.898613
-2.936974 -0.061622 0.362696
-3.464603 -0.969419 0.022544
-3.330380 1.436789 1.639174
2.388235 1.035055 2.988757
2.137621 1.392393 2.995234
-3.428624 2.016512 0.910957
-3.367769 1.510868 1.430684
-3.367730 0.107803 0.072917
-3.224143 -0.274543 0.011511
1.049956 0.047668 0.749206
2.469458 2.088606 2.929197
2.238130 2.571167 2.968336
-3.304722 1.931272 0.171587
-3.297140 1.542854 0.196189
0.065798 2.484293 0.630738
-0.004535 2.503634 0.158415
2.558870 0.944115 1.288115
1.593102 1.694644 0.453281
1.807166 1.698266 0.277973
1.783528 1.707474 0.283849
2.787248 0.965162 1.010810
2.850009 0.961651 1.007797
1.732656 1.708245 0.362437
0.109301 2.626733 0.002270
-1.114990 2.738791 0.002123
2.551672 2.228588 2.993091
-2.200559 1.905241 0.001748
1.116912 0.049643 0.753269
2.426317 2.228440 2.945206
2.204491 2.533936 2.989552
-3.363650 1.779832 0.869515
-3.477971 2.067729 0.723800
-2.970212 -0.738866 0.035706
-3.293896 1.443366 1.459936
-3.434950 1.751809 1.235973
-3.294482 0.020096 0.745458
1.143954 0.055949 1.317523
2.227726 1.402718 2.989701
-3.264802 -1.123980 0.571289
2.189852 1.461741 2.955961
-2.944721 0.138464 0.266911
-3.471590 -1.443410 0.010363
1.172258 0.034674 1.343843
-3.476506 2.157633 0.721517
-3.227046 1.625349 0.400475
-3.200842 1.441357 0.301887
-2.968447 -0.719707 0.078507
2.435091 2.154737 2.949725
2.191496 2.507877 2.975200
3.060343 0.936017 2.984716
2.968163 1.354151 2.968575
0.124995 2.322529 0.564036
-1.025656 2.345092 0.007644
0.629537 2.373374 0.001693
0.892607 1.947663 0.000779
2.811840 0.954300 0.620821
2.729189 0.959868 1.029597
1.318039 1.540656 0.093349
1.631142 1.696486 0.493805
-0.988104 2.734246 0.002672
0.113568 2.500431 0.348763
-0.040579 2.296107 0.172864
2.390727 2.621397 2.982514
2.456829 2.124483 2.936744
2.261796 2.565362 2.956342
-3.109593 1.444073 0.333433
-3.253240 1.857885 0.244305
-2.406850 1.751866 0.283214
-2.783923 0.134708 0.163941
1.207037 0.022516 0.903659
0.100937 2.475787 1.507556
-3.259810 1.560638 1.208562
-3.311868 1.570428 1.010919
2.335502 1.076674 2.996034
1.964301 1.845818 2.992904
-3.366026 1.448275 1.640845
-3.359825 1.432501 1.675291
-3.320924 -0.883138 0.344356
2.422581 0.927983 2.986927
-3.163256 1.516198 0.697902
-3.411544 -0.947394 0.056585
2.439172 2.254951 2.920975
-3.433222 2.008063 0.777649
2.779831 0.949052 1.347104
-1.176270 2.980843 0.009313
-0.338510 2.285972 0.009660
1.735847 1.699196 0.266089
2.703025 0.957538 0.978849
1.470379 1.690306 0.001337
2.307058 0.415122 0.003367
2.717057 0.960406 0.763760
2.632672 0.962696 0.591956
2.790501 0.947147 0.579723
1.726658 1.702235 0.268793
2.628571 0.953185 1.273806
2.755677 0.950430 1.351047
-1.041301 2.993950 0.018607
-0.842347 2.937935 0.014248
2.365303 2.758578 2.949146
-1.352745 2.102070 0.000937
2.482160 2.182809 2.952884
2.237390 2.620828 2.958475
0.096362 2.491438 1.028355
-2.725578 1.600548 0.225270
-2.286050 1.928897 0.254898
0.094889 2.477495 1.503591
-3.384472 -0.403354 0.016404
-3.298986 -1.160753 0.087838
-3.287193 -1.736455 0.297205
2.375796 1.135325 2.985317
-3.346260 1.452030 1.656883
-3.369366 -1.645012 0.021795
-0.505582 0.077450 1.043557
2.100481 1.439352 2.984741
-0.566331 0.101152 1.142680
2.252905 1.348908 2.970060
-3.387799 1.522575 1.234487
-3.424040 2.007835 0.576415
-0.585190 0.122496 0.247875
2.342036 2.213455 2.936294
2.042981 2.637754 2.991447
-3.451638 2.308336 0.390645
-2.314744 1.738873 0.295541
2.446875 2.369743 2.965211
-0.856553 1.769850 0.000347
-0.236565 2.911938 0.006763
1.595235 1.703893 0.460941
0.400384 2.715998 0.004798
1.709097 1.712351 0.326799
2.254751 0.395414 0.000841
2.643862 0.954117 1.138904
1.907100 -1.787530 0.268856
2.557705 -0.763162 1.105437
2.681564 0.957528 1.416732
2.058623 2.551969 2.951071
0.094579 2.494504 0.960851
-2.356168 1.901789 0.281831
-2.950810 2.012120 0.002617
1.549240 -1.764911 0.893420
-3.170739 1.559218 0.692896
-2.876362 0.177821 0.183312
-3.363585 -0.959493 0.039208
-0.570331 0.095770 0.616527
-0.382342 0.099952 0.396395
-3.375449 1.547222 1.616662
-3.333375 1.541122 1.445116
-3.351409 1.513444 1.580117
-3.155076 -0.048123 0.553333
-3.120268 -0.091643 0.891413
-3.382748 -1.911067 0.065341
-0.574384 0.092993 1.153145
-0.506600 0.096827 0.628211
2.422656 0.975163 2.990413
2.093162 1.421209 2.993882
-3.404277 1.540045 1.212431
-2.946481 -0.624172 0.113389
1.906394 2.600665 2.980721
-3.464017 2.167675 0.829098
-2.362781 1.652893 0.296271
2.755368 1.818026 2.980529
2.446108 2.311415 2.954333
0.038249 2.509646 0.003859
2.570514 0.958038 0.732664
2.718342 0.954593 0.861327
2.630852 0.200470 0.000346
-1.582136 2.952317 0.003692
2.552739 0.952936 1.066581
-3.122674 2.236458 0.005190
1.907947 -1.757985 0.665801
2.554574 -0.809438 1.159433
2.348071 2.268253 2.939063
-3.455172 2.149645 0.859926
1.888246 -1.870619 1.304600
-3.436911 1.546875 1.577415
-3.330494 -0.551924 0.004002
-3.383802 -0.903961 0.395044
-2.926869 -0.573779 0.009750
-3.474963 -1.698478 0.237693
-3.288656 -1.927545 0.511874
-3.098902 -0.123486 0.598334
-0.600052 0.087714 1.163477
2.431936 1.187034 2.965065
2.205458 1.492666 2.969789
-3.403039 1.541647 1.377229
-3.322359 -0.988489 0.046285
2.300821 2.073929 2.971959
1.906572 2.489787 2.967796
-3.485616 1.532986 0.869557
-2.920896 -0.357203 0.292487
-0.457577 0.113300 0.093355
2.298429 2.245399 2.948891
2.105228 2.618141 2.972453
-3.391297 2.015625 0.447796
1.519092 -1.698416 0.285522
-0.259835 2.288225 0.032989
-0.985671 2.955424 0.008882
-0.636112 2.604535 0.004471
1.644483 1.714625 0.296695
1.671080 1.709463 0.311062
2.848044 -0.753249 0.056906
0.100888 2.287102 0.557486
1.912289 -1.743743 0.450286
2.560144 -0.804544 1.054686
2.296829 2.310047 2.947787
2.111568 2.704564 2.948217
-3.182745 1.619634 0.253175
-2.361802 1.839171 0.278008
-3.096264 -0.132486 0.493746
-3.353869 0.158862 0.225201
-2.866313 0.156299 0.223931
-2.741246 -0.297855 0.251575
-3.429905 1.542974 1.721332
-3.244909 -1.336060 0.307854
-3.398073 -1.158097 0.120185
-0.308539 0.101026 1.006344
-3.298641 -1.957870 0.523507
2.156725 1.520124 2.996657
-3.119005 -0.189905 0.930993
-0.542104 0.108373 0.219460
2.255108 2.293544 2.951352
-3.403542 2.039746 0.614586
-3.203050 1.461234 0.599586
-3.147491 1.462276 0.200642
-1.224489 2.095459 0.001630
-1.746962 2.104516 0.001117
-1.561505 2.046353 0.005488
-0.644768 1.345409 0.000753
0.215500 2.080571 0.002110
1.013210 1.388051 0.000018
0.659166 2.250565 0.004760
1.663244 1.710501 0.297432
1.864525 1.300547 0.019262
2.029748 0.989676 0.000494
0.617304 1.831062 0.001570
-1.905151 2.914748 0.001440
2.557368 -0.899112 0.687606
2.862932 -0.721068 1.276503
2.224188 2.356646 2.940794
1.990747 2.748515 2.975680
-3.445645 2.936610 0.531859
-2.892018 2.052449 0.016849
2.619113 1.893397 2.998021
-2.967159 -0.606245 0.039533
-0.565330 0.089203 0.705346
-0.493356 0.110478 0.035941
-3.359102 1.532412 1.543860
2.313286 1.286145 2.948091
2.091130 1.523288 2.989342
-3.444614 1.543209 1.541314
-3.241150 -1.842468 0.165420
-0.603311 0.091943 1.138145
-0.383891 0.092770 1.114632
-0.598550 0.103273 0.668695
-3.320355 -1.632637 0.016001
2.393740 1.849731 2.959951
2.262847 2.402097 2.961339
0.090013 2.469836 1.403072
0.093822 2.458995 1.247338
-3.474366 2.100904 1.146002
-3.358106 1.918276 0.183597
-3.259367 0.125559 0.218074
-3.011789 0.134693 0.221330
-2.285770 -0.667318 0.000235
-0.363853 0.104356 0.375088
2.613332 1.970135 2.983338
-3.417173 2.140942 0.139922
-2.479856 1.872420 0.095249
-1.207280 2.231375 0.001749
-0.671541 1.346313 0.000128
2.761401 0.949268 1.372325
-2.834870 2.921457 0.006195
-2.222477 2.860354 0.004587
-1.528027 2.717468 0.014362
-0.385069 2.241172 0.003336
0.452602 1.649165 0.002150
0.601315 1.145298 0.004320
0.952558 0.984875 0.001014
2.850496 -0.717039 0.911978
1.085974 1.526656 0.003923
2.790892 0.966142 0.635421
0.080271 2.503801 0.320640
1.999345 2.799706 2.977762
2.259781 2.453430 2.923719
-3.319857 1.924024 0.218989
-2.314295 1.856011 0.287087
-0.363961 0.106999 0.332762
-0.300277 -0.004687 0.334803
-2.957070 0.137825 0.264837
-3.467081 -0.905204 0.428030
-3.405813 -0.622802 0.020164
-3.436986 -1.753569 0.046221
-0.608074 0.115545 0.712237
2.336645 1.182001 2.964280
-3.066017 -0.060705 0.717505
-3.289432 -1.150751 0.317782
-3.441297 -1.943901 0.027802
-0.393865 0.091695 1.071947
-0.595489 0.100552 0.724922
2.018420 2.274939 2.963163
-3.030894 0.139221 0.287262
-3.269191 0.136951 0.287523
-3.144593 0.036842 0.026423
-3.139649 -0.655351 0.029265
-0.562337 0.105966 0.537194
-2.946354 1.899734 0.013718
-3.299724 2.997066 0.312019
-3.141473 2.821039 0.206516
-2.573927 2.779237 0.002746
0.045638 2.491599 0.597196
-1.253412 2.236763 0.001963
-1.609128 2.029786 0.000128
1.788874 -1.707390 0.031474
-0.535542 2.798441 0.003692
2.747519 0.946719 1.288262
0.051594 2.711585 0.007515
1.424905 1.492775 0.019658
2.856548 -0.779933 0.055767
1.743085 -1.711947 0.002338
1.913820 -1.734112 0.425515
2.220372 2.347309 2.917676
-3.482686 2.861272 0.627237
-3.350280 0.119581 0.264320
-3.437072 0.035911 0.049341
-3.161327 -0.966896 0.039622
-0.444078 0.101567 0.394750
2.170320 1.202893 2.988173
1.992205 2.288821 2.994381
-3.429919 1.552999 1.627938
-3.272803 0.015715 0.279650
-3.354311 -1.661047 0.043979
-0.484669 0.091721 1.036261
1.870738 1.562996 2.984736
-3.308820 -0.040628 0.832379
-3.298823 1.495691 1.473997
-3.086201 -0.638564 0.048319
1.877931 2.859380 2.993184
-3.085214 1.473024 0.197318
-0.508446 -0.449357 0.012376
-2.938543 2.049332 0.025152
-1.441478 2.164196 0.002572
-1.240841 2.972182 0.001884
0.092149 2.490056 0.271464
2.806319 0.950769 1.212300
1.873017 1.285335 0.114092
2.629107 0.391224 0.042466
2.589152 0.498810 0.019169
-0.126545 2.655968 0.007046
2.553092 0.954574 1.380490
-1.422295 2.869184 0.007925
-1.048726 2.597727 0.003686
2.132423 2.448450 2.934044
1.879514 2.789011 2.990482
-1.597844 1.947536 0.000478
-1.479655 2.026084 0.001051
-3.182384 1.601744 0.185565
-0.500780 0.103094 0.360900
1.635338 -1.755061 1.298407
2.037814 2.344229 2.917533
-3.461992 1.766562 1.232263
-2.951102 0.173599 0.183566
-2.855847 0.012810 0.132336
-0.561967 0.091844 0.667596
2.170167 1.323731 2.955750
1.929607 1.678781 2.962912
-3.463849 1.865614 1.361422
-3.225416 0.012044 0.309580
-0.608407 0.102199 0.597774
-0.304604 -0.024197 0.901698
2.074869 2.469658 2.966703
-3.413496 1.871467 1.065820
-3.134206 1.457109 0.357835
-3.080834 -0.626500 0.110527
-0.562461 0.094565 0.089476
-1.429082 2.147330 0.000580
-0.288992 1.879669 0.000737
2.851016 -0.738820 1.198604
2.718060 0.953755 1.254924
1.743671 1.695254 0.300324
2.540669 0.748362 0.296408
2.575806 0.563371 0.167394
1.873331 1.236212 0.123546
1.758419 1.704096 0.246455
2.807757 -0.715904 0.078378
2.855594 -0.707175 0.384634
2.684360 0.963770 1.016066
0.043733 2.177034 0.002262
0.082587 2.501545 0.976019
-3.200311 1.603375 0.248434
2.104839 2.358390 2.949967
0.075237 2.492538 1.300297
-3.463044 1.908568 0.939164
-3.178784 -0.994672 0.060607
-0.601477 0.106715 0.372350
2.128727 1.215030 2.989240
-3.356671 1.443972 1.702305
1.964369 1.582529 2.978514
-3.265036 -1.845351 0.142380
-0.605741 0.102599 0.988723
-3.480534 1.834347 1.394500
-3.291157 1.505147 1.362479
-3.170611 0.141373 0.178416
1.973674 2.365025 2.947890
-3.418691 2.052069 0.442865
0.062367 2.500667 0.696632
-1.461620 2.129832 0.006211
-1.463757 2.895735 0.006889
2.609021 0.947788 1.278685
1.717987 1.703005 0.246458
2.579580 0.568163 0.104019
1.598503 1.703591 0.347642
0.201730 1.706147 0.001531
-1.532485 2.770222 0.006595
2.071032 2.391221 2.928887
-3.447474 2.879762 0.367329
-2.519794 1.871958 0.059024
2.004185 2.190677 2.935192
1.793862 2.685136 2.974183
-3.106868 1.558171 0.576147
-3.170341 0.155632 0.144530
-0.576052 0.088021 0.599205
-0.642531 0.059773 0.031642
2.103770 2.037014 2.971676
-3.247698 1.567195 0.991107
2.054320 1.197944 2.993825
1.848783 1.622125 2.976601
-3.226875 -1.071681 0.552730
-0.308534 0.101659 0.663541
2.050487 1.144246 2.998494
-3.408692 1.505115 1.604732
-3.224423 1.530760 0.869295
-2.796854 0.061980 0.126475
-3.303641 -1.161266 0.288309
-3.282460 -1.079936 0.582836
-3.412400 -1.756074 0.476015
2.081235 2.423385 2.948981
-3.432876 2.024056 0.711199
-3.381160 1.885876 0.807060
-3.186204 1.595376 0.208469
2.536381 1.566457 2.994819
-2.544265 2.906983 0.002336
-1.481516 2.913112 0.012686
-0.888669 2.137814 0.001244
-0.761024 2.217665 0.003429
-0.338335 1.970371 0.003770
0.257807 1.773855 0.002709
2.570933 0.961613 0.585901
2.588498 0.537142 0.147465
1.626346 1.700085 0.356556
2.558271 -0.756533 0.135696
2.750850 0.971209 0.999838
2.544666 0.763370 0.977567
2.556960 0.954979 1.244243
-0.061417 2.210324 0.011546
-2.649266 2.743071 0.020708
-1.567520 2.172001 0.014094
-0.115312 1.479106 0.000538
2.095416 2.494246 2.928501
-2.432397 1.737316 0.286413
-0.012012 -2.152937 0.019277
1.918382 2.395602 2.969791
-3.479639 2.010696 1.183565
-3.302066 1.635230 0.807106
-3.280317 -0.035876 0.293545
-3.333841 -1.027225 0.524317
-3.399247 -1.875853 0.626576
-0.426260 0.098209 1.073238
0.108737 2.284418 1.501273
-3.338583 1.544060 1.488943
-3.417962 1.782107 1.266069
-3.117078 -0.445843 0.229044
1.811672 1.572995 2.975030
-0.419245 0.096057 0.973409
2.053385 1.201582 2.993329
-3.241659 1.640738 0.813795
-3.353521 1.517828 1.173365
-3.185321 -0.114192 0.961481
-2.786064 -0.267051 0.019486
-3.012357 -0.608358 0.054137
-3.425110 -1.729301 0.414312
-3.437502 1.976524 1.050604
-3.006773 -0.647535 0.132322
2.464132 1.676098 2.974485
-3.480813 2.838021 0.599900
-3.313093 1.794457 0.036008
-2.396772 2.953358 0.021485
-1.850741 2.874998 0.020896
-1.183239 2.030387 0.009430
0.522492 0.801783 0.001866
1.042854 1.201339 0.000727
1.629376 1.694129 0.327080
2.024564 0.638346 0.004106
2.331874 0.254902 0.000106
0.019547 2.922225 0.011508
-1.525367 2.652968 0.002387
1.704685 2.981697 2.992449
-3.383352 2.827096 0.342524
-3.336756 1.555952 0.311128
-0.421139 0.105408 0.342358
2.012217 2.390104 2.948984
-2.945794 0.084576 0.067097
-3.348897 -0.004172 0.007095
-3.405912 1.532357 1.498594
-3.221334 -1.030068 0.556711
1.940117 1.311336 2.959619
1.770987 1.554222 2.981683
-3.318366 1.537965 0.881555
-3.193574 -1.877921 0.296218
-0.440632 0.095804 1.047701
-3.444297 -1.687647 0.300342
1.992482 2.532053 2.970834
-3.358732 1.914138 0.362814
0.096896 -2.103737 0.179295
-2.692827 2.697854 0.000978
-2.105497 1.881341 0.018954
-1.766978 1.737851 0.002864
-0.957431 1.597896 0.000443
-0.646880 1.234061 0.003261
-0.270765 0.959983 0.000883
-1.221490 2.661878 0.008530
-0.152245 2.207028 0.000307
2.791228 0.962173 0.857473
0.039132 2.990626 0.005059
2.576224 -0.736128 0.071165
-0.317293 2.718414 0.000485
2.658369 -0.740688 1.210940
-1.080746 2.719949 0.003935
1.072356 0.026861 0.030794
2.010568 2.735123 2.985378
1.765213 2.972908 2.982700
-3.083481 2.724859 0.219630
-1.598164 2.103210 0.000194
1.941789 2.439938 2.949834
-2.972168 1.472313 0.195040
-3.170697 1.716844 0.178086
-0.386061 0.097387 0.286032
-3.058362 -0.095362 0.667529
-0.420989 0.091190 0.941255
1.744197 1.606918 2.974318
-3.456296 1.538405 1.672143
1.717010 1.654586 2.991156
-3.160903 -0.153572 0.368203
-3.395255 -1.021058 0.529609
-3.387189 -1.807080 0.605224
-3.491751 -2.261999 0.073313
-0.054000 -2.107072 1.142701
0.995477 -0.028469 1.398274
1.958749 1.244589 2.976547
-3.314386 1.520463 0.910211
-3.175793 -1.902029 0.318221
-0.391763 0.098709 0.348894
-0.270234 -0.207263 0.355598
1.937973 2.369015 2.933596
-0.578928 -0.569971 0.004356
1.034646 0.016744 0.795021
2.200180 1.921014 2.967359
-3.290392 1.909031 0.234447
-2.685268 1.383095 0.000360
-1.404522 1.521675 0.004463
-1.630043 1.116460 0.006436
-1.223316 0.949444 0.000880
-2.842006 2.785541 0.014690
-2.282256 2.736743 0.002562
-1.610872 2.615796 0.019583
-0.431586 1.961376 0.003934
2.736554 -0.730550 1.216430
-1.012361 2.796882 0.009993
2.720675 0.948519 1.455351
-0.247990 2.804768 0.011730
2.682631 0.971011 0.973874
-2.326698 2.714532 0.007939
1.079244 0.026044 0.139167
1.921471 2.333207 2.949105
1.669015 2.920802 2.988878
-2.464424 1.797345 0.293915
-2.200955 1.899054 0.131104
-0.443151 0.100132 0.259444
-3.465176 -0.843441 0.334132
-0.595194 0.090954 0.515276
-0.461376 0.091789 0.997834
-3.408202 -1.177676 0.179470
-0.272202 -0.200765 0.999745
1.977324 1.288912 2.983696
1.732426 1.545941 2.984188
-3.456844 1.944607 1.326711
1.893949 2.308082 2.949188
-3.251042 1.566391 0.205739
1.944276 2.410471 2.968154
-3.293498 2.966805 0.283470
-2.873089 2.702378 0.014541
-0.142776 1.594224 0.000049
2.537575 0.832801 0.960840
2.620074 0.948979 1.046244
2.751930 0.942164 1.171551
2.703226 0.957362 0.936974
2.635798 0.955859 1.039054
-0.030839 2.266330 0.004257
2.561130 -0.888979 1.127745
1.860002 2.380532 2.959165
-3.422124 2.979266 0.559506
-0.413068 0.096303 0.229892
1.033562 -0.016877 0.795391
-3.329488 1.903915 0.503767
-2.859295 -0.095321 0.129071
-3.293424 1.553677 1.276641
-2.985169 -0.159398 0.770434
-3.359221 0.052784 0.614405
-2.873343 -0.065906 0.360536
-0.454636 0.094735 0.878510
0.012887 -2.102597 1.042118
-3.468495 1.531852 1.608546
-3.205963 -1.033037 0.036783
-3.378590 -1.219387 0.146298
-0.621426 0.096952 0.621642
1.965754 1.192320 2.979673
1.713880 1.552161 2.973278
-3.346246 0.005467 0.330009
-3.008847 -0.066826 0.026301
1.797853 2.287571 2.991838
1.465391 2.647494 2.995202
-3.355600 1.910084 0.465533
-3.492935 1.511767 0.387266
-2.353313 1.595512 0.300618
-2.097274 1.578732 0.307284
1.804280 2.496192 2.975201
-3.012017 2.975153 0.024733
-2.255100 2.982912 0.003093
-2.855285 2.885915 0.000653
-1.789591 2.925236 0.003846
-1.212575 2.621358 0.000697
-0.544600 2.865198 0.003791
2.770013 0.948918 1.450819
-1.720932 2.948958 0.004367
1.018882 -0.004658 0.739809
-3.366324 1.566022 0.332445
-0.654285 0.054245 0.021198
-3.400497 1.805724 1.050498
-3.257664 0.076280 0.289213
-3.223633 -0.977435 0.462728
-3.451138 -0.776481 0.253138
-0.312744 -0.055128 0.805273
-1.335797 -2.995663 0.549263
-3.362797 -0.844485 0.134060
-3.234849 0.061192 0.300064
1.860582 2.624632 2.984419
0.077343 2.478190 1.121974
-2.412403 1.905721 0.225547
-3.138114 1.651189 0.312977
-1.073146 2.096125 0.000486
-1.719046 2.775848 0.006202
-1.172474 2.632915 0.003992
1.561735 1.629796 0.267789
1.837224 1.700449 0.474547
2.720295 0.279220 0.024793
2.600946 0.960273 0.975920
0.130892 1.791969 0.003581
1.460728 0.478905 0.000061
2.856454 -0.721821 1.023553
-2.864770 2.768986 0.007457
-2.437479 1.854307 0.294969
-3.222596 0.102875 0.265738
-2.810762 0.121028 0.273120
-3.033320 -0.628709 0.048696
-3.032537 -2.302508 0.004408
1.646425 1.702938 2.997143
-3.410022 1.531029 1.773800
-3.239369 -2.007522 0.413936
0.201278 -2.201949 0.882902
1.859392 2.598465 2.984915
-3.274305 1.608954 0.822071
-3.271346 0.132459 0.172149
-2.872106 -0.235952 0.017181
-0.058136 -2.137459 0.133129
2.722682 -0.750881 1.440951
-2.337348 2.935092 0.001998
-2.683434 2.556707 0.000262
1.756903 1.701403 0.483716
2.778968 0.950101 1.305164
-0.198416 2.158131 0.000413
-2.920914 2.929736 0.105331
-2.065208 2.549507 0.000038
-3.487911 2.581537 0.697902
-3.297139 1.538556 0.656071
-3.497964 1.588324 1.506647
-3.197086 -0.019866 0.823018
-3.338840 -1.797546 0.123631
-0.567971 0.110448 0.452640
-0.366279 0.101999 0.713374
2.001228 1.385517 2.988357
1.614466 1.694766 2.995390
-3.388430 1.435009 1.809538
-3.349386 1.442353 1.557258
-2.823284 0.155198 0.238173
-0.070102 -2.135802 0.178625
1.710666 2.520376 2.964306
-3.480393 1.565666 0.638096
-3.227517 1.517831 0.418394
-3.394337 1.539491 0.264409
1.496032 -1.737878 0.412384
-3.385355 2.518013 0.248479
-2.297192 2.906856 0.000410
-1.467405 2.556916 0.003217
-0.299508 2.006183 0.002097
1.760877 1.704388 0.534541
1.558471 1.166824 0.008652
1.802777 1.704409 0.572475
-0.942554 2.830501 0.005559
-3.441989 2.715062 0.453086
-0.517707 0.104723 0.312653
-3.194810 0.130117 0.258619
-3.408896 -0.790397 0.291890
-3.284064 -0.455047 0.004679
1.950483 1.496644 2.988789
-3.249394 -1.327963 0.269549
-0.600310 0.095715 0.695898
-0.533952 0.100632 0.597673
1.555026 1.483436 1.413262
-3.200363 1.522024 0.980886
-3.055395 -0.509612 0.019474
-0.365119 0.104396 0.696572
-0.060248 -2.135243 0.252819
0.200394 -2.198540 0.778930
1.569583 -1.759505 1.454006
2.324065 1.991633 2.982961
-3.272252 1.575382 0.678637
-0.729170 -0.036126 0.030157
-0.399100 -0.392071 0.007160
1.505020 -1.915719 0.682820
-2.289468 1.781733 0.292037
-2.226568 2.821654 0.007314
-2.021150 2.596083 0.010113
-1.682108 2.604552 0.003750
-1.391141 2.487753 0.004447
1.779137 1.711730 0.588923
-0.264541 2.793330 0.012434
1.717335 1.709009 0.598135
-1.469364 2.771801 0.001276
-1.905694 2.987632 0.008456
1.564287 1.550400 0.976114
-3.301020 2.896370 0.280689
-2.732435 2.437694 0.001463
-3.225688 1.579242 0.315031
2.072521 2.271401 2.995855
-3.262809 1.553687 1.126530
-3.153696 0.005654 0.301692
-3.014783 -0.274072 0.346244
-3.183370 -1.192590 0.102168
-3.013453 -0.776862 0.032023
-0.535860 0.101764 0.417107
1.900529 2.172587 2.959669
-3.331496 -0.846590 0.308975
-3.208881 -1.886728 0.288098
-0.525877 0.095067 1.169892
1.211525 0.002553 1.472287
-3.342569 0.057125 0.646550
-3.342573 -0.854813 0.229568
-3.424337 -1.809752 0.529308
-0.614507 0.097313 0.755785
-0.350336 0.107976 0.767593
1.214938 0.004753 1.282960
2.037461 1.490238 2.987618
1.722565 2.652451 2.979956
-3.328709 1.525289 0.575094
-3.461250 2.694859 0.570150
2.700399 0.958818 1.407719
-1.527766 2.840766 0.003936
0.095977 2.513664 0.000618
1.566045 1.478877 0.292107
1.638867 1.720590 0.606954
1.563399 1.461912 0.401852
2.795805 0.970629 1.282816
-3.462606 2.443526 0.540691
0.071465 2.487895 1.190233
-0.390827 0.117552 0.027499
1.892167 2.226011 2.974388
-2.875019 -0.043058 0.346235
-3.219738 -2.005905 0.472046
-1.197494 -2.995361 0.532489
1.891933 1.510884 2.951065
0.068578 2.474648 1.353023
-3.351362 0.043281 0.680721
1.208396 0.009032 1.419325
1.190614 0.033909 0.898118
1.498599 -1.966859 1.260020
2.402813 2.065351 2.994901
-3.442464 2.429724 0.540594
-3.429007 2.310312 0.097022
-3.369639 2.988714 0.060795
0.040448 2.492225 0.620473
1.559330 1.571851 0.642449
2.711885 0.960817 1.342724
2.665220 0.440262 0.007844
1.641394 1.706936 0.546149
1.558368 1.508144 0.349709
1.559993 1.642893 0.462209
1.607548 1.706717 0.683135
2.627554 0.971236 0.816733
-1.246319 2.578622 0.004645
0.047699 2.491845 0.506924
-3.287200 2.639343 0.207828
-3.216504 2.445533 0.002533
-3.492455 2.293382 0.834990
-0.502123 0.107301 0.077861
-3.346326 -0.831518 0.299738
-3.489909 -1.916395 0.005121
1.662052 1.678428 1.460212
1.779018 1.545456 2.972192
-3.242097 -1.081287 0.469789
-3.212539 -1.856812 0.222387
-3.286471 -2.016768 0.502743
-0.388001 0.108999 0.801434
1.004348 -0.011242 1.204923
1.160491 0.043073 1.489756
1.974027 2.332575 2.969495
-0.786176 -0.118698 0.008527
1.531248 -1.833359 0.775158
-3.495379 2.411751 0.805741
-3.440360 2.275590 0.679942
-3.412318 2.312982 0.388434
-3.386554 2.840790 0.355660
-1.557485 2.949451 0.005283
1.561478 1.497811 0.310027
1.872029 1.702072 0.693780
1.561751 1.557520 0.304950
1.567652 1.686342 0.429389
1.574578 1.704544 0.703001
2.681805 0.972694 0.731529
2.696741 0.955393 1.371573
1.827670 1.679011 1.403989
0.092245 2.467973 1.097673
-3.061691 0.177061 0.177532
1.674625 1.678992 1.439560
-3.391706 -0.795332 0.284710
-0.023496 -2.151723 0.836395
-3.479925 -2.432462 0.162337
-3.144508 -0.048249 0.826451
-3.034518 -0.231862 0.902357
-3.233152 -1.270461 0.077936
-3.330636 -1.697692 0.246098
-2.972122 0.151741 0.223328
-3.379242 -1.190569 0.160071
1.553502 1.402581 1.269760
1.882405 2.321489 2.986895
1.446917 2.760469 2.998777
-3.467666 2.282721 0.982626
-3.415447 2.169873 0.690657
-1.867441 2.629606 0.000887
-1.473168 2.479158 0.001012
0.091628 2.485729 0.301012
2.641082 0.973462 0.718657
-1.002249 2.837544 0.004032
2.620846 0.962385 1.394929
-3.401228 2.451066 0.236593
-3.435479 2.710040 0.446244
1.404533 2.836710 2.973738
-3.114658 0.173292 0.193645
1.738066 1.675249 1.447068
-3.244712 -1.344885 0.228648
-3.431712 -1.824838 0.044154
0.001304 -2.115842 1.332794
1.746496 1.478779 2.975918
-3.201831 -0.075942 0.895711
-3.404132 -1.951769 0.043034
-0.412144 0.100329 0.722541
0.992672 -0.011817 1.038331
1.146823 0.032592 1.462401
-3.132006 0.145506 0.167001
-3.125006 -0.990276 0.068586
1.544517 1.393937 1.363379
1.772521 1.667323 1.424822
1.506523 2.749923 2.996046
0.101893 2.291882 0.910799
1.510857 -1.997419 0.550418
-3.482874 2.424229 0.581879
1.570568 1.556411 0.278363
2.836585 0.977482 0.480670
2.637376 0.962257 1.344915
-0.218162 2.197046 0.076314
-3.368013 2.980991 0.427742
-3.460503 2.189002 0.698347
0.152695 2.336265 1.050987
1.569866 1.461153 1.059269
1.308598 2.840769 2.977911
-3.319463 -1.215359 0.123716
-3.036105 -0.515104 0.029822
-3.337713 -0.964006 0.449272
-3.341854 -2.355187 0.105045
-0.414302 0.112045 0.831921
0.992562 -0.012400 1.157011
-3.314532 -0.059081 0.612963
-3.020681 -0.730695 0.066441
1.531427 -1.804611 0.845697
-3.491539 2.352642 1.127366
-3.451521 2.132983 1.047467
-3.439617 2.174689 0.271143
1.811857 1.681051 1.349813
1.696069 2.814761 2.953378
-3.352986 2.705490 0.313049
-3.107796 2.170867 0.004507
-2.968515 2.934068 0.022565
-2.439419 2.877892 0.006014
-0.977250 2.426206 0.003591
1.821628 1.702797 0.690868
2.751459 0.988446 0.401168
2.866040 0.980557 0.157172
2.793481 0.977746 0.280509
-2.624474 2.534490 0.004258
-3.445561 2.164413 0.432684
1.812902 1.688649 1.353056
-3.483541 2.151831 1.280327
0.175653 -2.114384 0.029020
-3.341850 -1.027975 0.482123
1.675013 1.643361 2.971130
-2.909914 0.097154 0.288959
-3.368639 -0.990425 0.071901
1.513192 -1.982037 1.232641
-0.539340 0.105163 0.117022
1.841272 1.676419 1.292684
2.065325 2.180232 2.989763
-3.490038 2.601125 0.855374
-3.445222 2.431409 0.820965
-3.400288 2.170211 0.558261
-2.591084 2.551998 0.001318
2.658276 0.961539 1.285868
0.058571 2.502002 0.357974
1.573934 1.498107 0.396661
1.770171 1.693847 0.712156
2.829526 0.963407 0.827579
-1.168638 2.872437 0.007596
-0.202050 2.521482 0.006567
2.725577 0.978738 0.463683
3.033468 0.812850 0.069432
2.993917 0.860256 0.024541
0.056480 2.493175 0.388580
1.821553 1.698499 0.626200
2.552082 0.945981 0.185053
2.789699 0.965433 0.918916
-3.070100 2.991074 0.016424
-2.463338 2.790286 0.001026
-1.415192 2.427260 0.003404
1.795216 1.677068 1.316253
-3.247716 -0.106558 0.720041
-3.224288 -1.008874 0.064300
-0.487988 0.091205 0.797404
1.903090 -1.765476 1.297331
-0.505307 0.102114 0.794769
-3.446783 -2.015902 0.623163
0.999981 -0.018314 1.130593
1.559554 2.366523 2.998800
-3.160576 0.147684 0.201172
-3.230033 -0.993419 0.081060
-0.446646 0.102767 0.075684
1.519267 -1.938036 0.604241
1.741590 1.685790 1.333433
-3.489507 2.388545 0.977483
-3.389180 2.503914 0.260274
-3.038178 2.775601 0.023501
-1.909481 2.801280 0.008192
-1.730630 2.355716 0.000045
-0.436535 2.081918 0.000808
1.567062 1.520546 0.558803
1.688604 1.699568 0.774136
-1.408515 2.749697 0.011619
-0.895857 2.507191 0.013699
1.779796 1.705085 0.652919
0.037305 2.494440 0.202686
2.996589 0.853238 0.161876
0.040351 2.488455 0.295863
1.570508 1.607671 0.247950
2.563091 0.977271 0.242864
2.695692 0.980176 0.236257
2.841221 0.971919 0.523008
2.635865 0.960765 1.227663
1.685066 1.681621 1.352883
2.553086 0.873923 1.441648
-3.272182 -1.351478 0.394701
-0.545427 0.099660 0.798281
-3.473696 -1.737284 0.307621
-0.482705 0.105505 0.686128
1.608497 2.330410 2.991573
-3.473750 2.121996 1.163373
-0.554112 0.097446 0.037361
1.527291 -1.777560 0.405956
1.557576 1.539599 0.964761
-3.455661 2.503304 0.693507
-3.474611 2.304208 0.492436
-3.099916 2.758462 0.209018
-1.467847 2.665744 0.002033
-0.014677 2.490949 0.295142
1.674772 1.704481 0.691856
3.080396 0.791302 0.085335
0.138229 2.256451 0.000378
1.700592 1.698557 0.655265
2.551312 0.942518 0.255864
2.734104 0.969273 0.218568
0.000673 2.485093 0.369816
-2.632658 2.768167 0.015035
-1.675651 2.366611 0.007509
-1.584830 2.406921 0.009105
-0.691078 1.919277 0.007988
-0.269420 1.673015 0.004407
-3.497915 2.848811 0.782446
-3.467751 2.443458 0.411215
-3.456516 2.569110 0.525375
-3.472421 2.095765 1.029501
-0.596506 0.096403 0.388947
0.001984 -2.102160 0.885167
1.604575 1.626563 2.985678
-3.446711 1.933687 1.215050
0.133398 -2.102123 0.027958
1.540774 -1.910467 0.558505
-3.493379 2.289002 0.799362
-3.351438 1.947384 0.611777
-3.413532 2.764534 0.465179
-3.394844 2.385006 0.247856
-2.870910 2.191971 0.000640
-1.118464 2.353232 0.006398
1.707584 1.715103 0.608104
2.678010 0.968651 0.872480
-0.727158 2.811645 0.014841
2.967608 0.879860 0.088161
0.097878 2.204906 0.001941
1.694016 1.705539 0.623886
2.695748 0.958739 0.936920
2.692018 0.964898 1.220377
-2.565056 2.872576 0.021684
-1.574735 2.488673 0.016590
-0.263579 1.786946 0.006058
1.792247 1.685085 1.099624
2.569819 0.959443 1.167201
1.604141 1.682733 1.374104
-3.490841 2.972588 0.672552
-3.391468 2.732292 0.440910
0.103175 2.297800 0.666020
-0.626020 0.115749 0.485041
-3.171623 -0.024123 0.854395
-3.326260 -1.189219 0.215277
1.584434 1.729651 2.981822
-0.320020 0.109942 1.168584
-2.954299 -0.592660 0.023016
2.027397 2.355489 2.991359
-3.450974 1.987839 1.101583
-3.465126 2.370905 0.658943
-3.394107 1.845294 1.115264
-3.469257 2.760978 0.609257
-3.431669 2.111392 0.418338
-3.407531 2.405684 0.244382
2.801993 0.970693 0.721840
-1.405494 2.677743 0.009778
1.558360 1.700852 0.838310
-3.091601 2.817974 0.207682
1.633611 1.688331 1.402868
2.566114 0.958640 1.439533
-3.482125 2.420349 0.662971
1.960311 -1.971362 0.002848
2.549853 -0.993253 0.934202
-3.384941 1.880737 1.094280
-3.467706 1.987722 1.177630
-3.002076 -0.853125 0.029744
1.522068 1.726090 2.995830
1.503487 -2.066168 1.141734
-3.475015 1.840992 1.336353
-3.376174 1.802072 1.275391
-3.422674 0.125027 0.279884
-3.419762 2.300899 0.693625
-3.488939 2.934113 0.660042
-3.450411 2.924869 0.512165
1.831334 1.683965 1.085589
-2.642862 2.873721 0.002201
-0.347262 2.457176 0.002729
1.636155 1.709898 0.720722
3.326502 0.549163 0.052380
2.857786 0.971386 0.067396
2.559789 0.948415 1.142126
-3.476704 2.710999 0.592157
-3.426982 2.177715 0.123811
-3.486475 2.460805 0.372942
-3.113220 -0.013669 0.285054
-3.345052 0.164092 0.252430
-3.417465 -1.664806 0.052194
1.124443 0.048696 0.886931
-3.419259 -1.705148 0.139925
-0.502003 0.102566 0.702064
-1.240942 -2.979575 0.608067
-3.494046 -2.555351 0.018095
-0.446573 0.100734 0.698118
-0.624563 0.090230 0.817338
1.203685 0.024593 1.333712
-2.846788 0.125902 0.035590
-2.738269 -0.270021 0.187613
-3.480828 2.238514 1.141558
-3.463197 1.648003 0.550322
1.662770 1.686555 1.345733
-3.399247 2.461748 0.399199
-2.327427 1.893956 0.200224
1.562055 1.406472 0.777462
1.796843 1.680922 1.183345
2.852167 0.984472 0.246984
-0.054177 2.469370 0.115437
-3.397333 2.561182 0.250274
-3.480591 2.315451 0.966109
-3.401345 2.056139 0.726115
-3.196243 1.683279 0.422211
-3.071544 -0.587243 0.045066
-3.178634 -0.889759 0.227929
-3.302325 -2.071050 0.529283
-3.240963 -1.830894 0.208354
1.952615 2.474221 2.993847
-3.485556 1.525879 1.034506
-3.263524 1.524633 0.976813
-2.798012 0.154584 0.198891
1.548792 -2.116994 0.036550
1.636586 1.681063 1.345314
-3.390616 2.038521 0.714632
-3.242215 1.534599 0.227069
-3.411563 2.482489 0.404730
-2.671148 2.268615 0.000262
1.548209 1.408717 0.525746
1.629152 1.694998 0.790865
-1.885426 2.695934 0.009528
2.723554 0.964894 0.522763
3.224992 0.651462 0.003073
2.431335 1.305683 0.009943
2.651554 0.972285 0.014441
-0.865060 2.627809 0.011154
-0.708565 2.886301 0.012077
-0.255403 2.632490 0.019966
3.426289 0.997861 0.000368
-3.124334 2.355889 0.002485
-3.265562 1.595035 0.179851
-3.288337 1.565006 1.018098
1.570284 -1.758001 0.237511
-0.425257 0.111231 0.406982
1.462286 1.881549 2.990581
1.164953 0.053085 1.482901
-3.203511 -0.896348 0.338193
-0.056589 -2.129586 0.428017
1.493054 2.732948 2.994400
-3.417266 1.533894 1.410101
1.539960 -1.754749 0.214322
-3.384770 1.969062 1.071722
-3.421438 1.640090 0.736701
1.157602 0.050190 0.076427
1.786327 1.682646 1.238644
1.723212 2.863464 2.966837
-3.499641 2.670793 0.879679
-3.414906 2.246489 0.537290
-2.232049 1.900091 0.094357
1.619053 1.705220 0.858544
2.748490 0.956917 1.192067
-3.387805 2.916620 0.376518
-2.985168 2.794360 0.012995
1.846530 1.696152 0.429805
2.667034 0.987147 0.097414
1.948049 1.650591 0.208075
1.565449 1.487260 0.601531
1.828755 1.696857 0.476724
2.649966 0.982079 0.173738
-3.120668 2.775486 0.229214
-3.382593 2.042126 0.282888
-2.267617 1.896176 0.152704
-2.798793 1.811742 0.054497
2.786460 0.958021 1.457649
-3.429448 2.028243 1.178161
1.564731 -2.068485 0.048947
1.703277 1.667318 1.452766
-2.837788 -0.122387 0.293895
-2.894176 0.064004 0.274851
-0.618501 0.107737 0.426453
1.496720 1.968845 2.992339
-3.346481 -1.860195 0.552256
-3.369066 -1.720372 0.081541
-3.398700 1.447224 1.793238
-0.616849 0.097494 0.386444
-0.066776 -2.161014 0.125494
-3.475291 1.649400 1.522747
-3.317855 1.603127 1.146421
-3.475093 1.494429 1.083126
1.834036 1.671157 1.458789
-3.398421 1.999900 0.899102
-3.358877 1.905763 0.525696
-3.349908 1.635160 0.537832
2.744296 0.949203 1.308418
-3.466599 2.832484 0.625240
-2.766275 2.207239 0.000526
1.655584 0.898981 0.001534
-1.998838 2.646684 0.000154
-2.602591 2.618136 0.000261
1.559224 1.524781 0.620360
1.771415 1.695757 0.644210
-3.473877 2.707488 0.667288
-3.428510 2.442579 0.402810
-2.275609 1.908728 0.016335
2.709887 0.947983 1.249391
2.541407 -1.059001 0.352021
-3.499616 1.546007 1.405241
-0.623723 0.099199 0.489713
1.562214 -1.857163 0.063062
-3.485446 -1.915391 0.593355
-3.472264 -0.896547 0.419149
-0.303310 2.715818 2.997278
0.998675 -0.019256 1.482998
-0.312385 -0.024592 0.463427
0.992635 -0.004997 0.794331
1.764027 1.667796 1.458398
-3.394481 1.857061 1.247307
-3.497617 2.221583 1.274154
-3.370417 1.601284 0.854391
-3.386029 2.756536 0.449689
2.822092 0.982727 0.444465
-3.058675 2.717060 0.001589
1.600263 1.340771 0.106676
-1.882917 2.903016 0.000406
3.351439 1.208121 0.006746
-3.224605 2.983251 0.044082
2.608820 0.951773 0.923478
-3.478109 2.440593 0.977926
-3.483496 2.302880 0.852071
-3.319014 1.584904 0.240959
-2.471056 1.672819 0.292176
-3.429249 1.856215 1.365019
-3.347233 1.568837 1.106233
2.552462 -0.966470 1.159614
1.562214 1.677719 1.219622
-0.307741 -0.058935 0.461307
1.192042 0.034544 0.611081
-3.370599 1.667479 1.341086
-3.481389 2.476071 0.988992
-3.124323 1.656679 0.514858
1.557015 1.530215 0.722402
2.757778 0.953097 1.161682
2.593661 0.954359 0.954712
-3.482952 2.699376 0.728801
-3.338445 2.710689 0.311606
-2.735550 2.212363 0.001730
-0.216947 1.800390 0.000390
2.724030 0.973169 0.579094
-3.305777 2.985294 0.294837
-2.603822 2.811065 0.003250
3.262982 1.200136 0.001922
-3.456091 2.468362 0.669405
-2.341704 1.903823 0.170992
-3.408449 1.996540 1.044867
-3.214699 1.558273 0.668269
1.771571 1.680436 1.358114
1.859803 1.675377 1.457152
-0.476485 0.103895 0.416045
-0.488140 0.089463 1.159720
0.200042 -2.169021 0.694138
1.401320 2.068195 2.988487
-3.361982 -1.419171 0.246034
0.154860 -2.099350 0.006618
-0.495092 0.112210 0.173752
-3.413333 1.621265 0.689692
-3.123778 1.538773 0.438181
-3.410255 2.521922 0.400649
0.679151 1.582144 0.000320
2.599622 0.972633 0.766168
-3.266582 2.879001 0.271194
-1.101607 2.436307 0.011344
1.710205 1.707284 0.521761
0.033473 2.501633 0.283575
1.562499 1.478657 0.001161
2.708569 1.343634 0.012939
3.273081 1.094686 0.005043
2.767144 0.978158 0.327754
3.125177 0.848205 0.000968
-3.222786 1.582181 0.180124
2.566235 -0.923597 0.370091
1.664005 1.684037 1.204253
-3.456952 1.985013 1.352481
-3.330859 1.706777 1.092676
-3.350177 -2.467277 0.047075
1.030713 0.013071 1.221711
-3.439529 1.495779 1.702146
-0.571559 0.100878 0.082710
-3.465945 2.150317 1.152450
-3.431873 1.495777 0.530742
1.043763 -0.159011 0.029329
1.777989 1.690859 1.042250
-3.489332 2.489009 0.830449
-2.823207 1.780650 0.042744
1.558781 1.413686 0.700861
-3.051840 2.692268 0.002316
-0.224244 2.357682 0.005000
0.039443 2.498065 0.303396
0.982407 1.249433 0.001040
2.732994 0.985170 0.320950
2.639855 0.958980 1.085233
-2.402920 1.898185 0.114585
-3.431423 1.989522 0.987219
-3.292847 1.743143 0.756280
2.568802 -0.936453 0.984099
2.742935 -0.726065 1.252545
-0.612613 0.091799 0.954936
-0.522567 0.092943 0.823439
-0.611292 0.090409 1.221780
-0.300740 -0.103507 0.457247
1.226238 0.009682 1.388536
0.039958 -2.084312 0.372478
0.205801 -2.136269 0.283230
0.210006 -2.141068 0.414438
0.985074 -0.026326 0.880964
-3.377970 1.652619 1.258103
-3.386046 1.556696 1.038861
-3.271726 1.628710 0.790637
-3.495412 2.535012 0.989814
-3.444359 2.154968 0.848748
-3.417734 2.038917 0.474471
-3.333884 1.920930 0.360599
-3.409445 1.580230 0.340913
2.573444 -1.089175 0.035586
-3.393039 2.402701 0.253717
0.903802 1.269105 0.000658
-3.147214 2.999556 0.029234
-2.129848 2.797216 0.002519
-0.237432 2.349876 0.002092
2.841659 0.990841 0.351673
0.546226 1.534712 0.000940
1.567280 1.463775 0.550013
1.771534 1.704395 0.872024
-3.373587 2.466702 0.243634
-3.220551 1.621852 0.278715
-3.148343 0.028780 0.278695
-3.041145 0.155618 0.230475
-0.582030 0.102414 0.009204
-3.202932 -0.045365 0.789223
1.433464 2.004797 2.996500
-0.108060 2.789373 2.993406
-3.401187 1.490984 1.189476
-2.853896 0.126915 0.292492
-0.628370 0.092255 0.262890
-2.286849 1.590105 0.303490
-3.452758 2.419513 0.466490
-3.357029 2.073651 0.273563
-3.234963 2.815136 0.233867
-2.900123 2.544465 0.024890
-2.783407 2.764814 0.009951
-1.363053 2.391721 0.004027
-0.724313 2.578544 0.001742
1.562606 1.541169 0.397248
1.839186 1.701237 0.707914
3.023809 1.117031 0.002309
1.981689 1.625612 0.098356
3.488866 0.906411 0.000005
3.168203 1.246339 0.006986
-1.645004 2.998171 0.007416
2.847662 0.988033 0.302737
2.892079 0.947471 0.052732
3.473373 0.876403 0.005771
-1.300466 2.483016 0.003517
1.813643 1.705821 0.646198
1.779156 1.700096 0.746958
-3.238747 2.758549 0.241262
2.650964 0.955703 1.167758
-3.393552 2.136363 0.414300
-2.119603 1.895121 0.197630
2.558807 -0.755872 1.238446
-3.496295 2.105463 1.261354
-3.329433 1.699271 0.895456
-3.098899 1.505199 0.739123
1.038748 -0.016676 0.476479
-3.130162 -0.176395 0.889297
-0.595213 0.088436 1.249636
-0.614298 0.091802 0.540718
-0.054773 -2.131007 0.776989
1.390821 2.154478 2.997858
-0.281711 -0.134523 0.802779
-3.429937 1.616610 1.484235
-3.441057 2.133946 1.149859
-3.436572 2.301750 0.577845
-3.311521 1.947204 0.499765
-3.116257 1.616747 0.210797
-2.852652 2.630102 0.022509
-0.782353 2.551674 0.002235
1.962383 1.654121 0.077793
3.404387 0.861297 0.000072
1.606830 1.715551 0.313309
2.862930 1.000569 0.262917
2.818338 0.990360 0.027749
3.458411 0.977369 0.011824
-1.345028 2.339822 0.000316
1.653304 1.705077 0.874196
-3.385704 2.308608 0.253401
-2.339751 1.903060 0.009815
-3.458173 1.568814 0.485146
-3.032781 1.507915 0.412254
-2.994278 1.518866 0.301256
-3.401631 1.723182 1.379241
-3.347505 0.166140 0.207706
1.138692 0.051431 1.489115
-0.150137 2.837117 2.991824
-0.614389 0.103533 0.793689
-3.157785 -0.049357 0.654213
0.151353 -2.088868 0.348235
-3.416228 1.485228 1.074868
1.907642 -1.724141 0.532461
-3.393658 2.054945 0.594492
-3.444031 1.691272 0.277471
-3.060266 1.610899 0.185794
-2.153324 1.900441 0.263494
-3.413309 2.429682 0.384205
-1.088303 1.967708 0.004020
-2.269092 2.888307 0.002325
-0.805735 2.588380 0.005435
1.928891 1.688082 0.165910
2.738378 0.999134 0.035752
2.954925 1.133618 0.012932
1.652776 1.711757 0.795767
-2.202071 1.900159 0.246191
-3.415480 2.166894 0.530005
2.869677 -0.727395 1.350270
-3.409996 1.524394 0.739403
1.210937 0.025173 1.019414
-3.235287 -0.001796 0.739435
-3.238243 -0.026499 0.452273
-0.504926 0.099584 0.527808
-0.505005 0.089350 1.139831
-3.483736 1.509140 1.816874
-0.531673 0.113365 0.532498
-0.073950 -2.163888 0.594150
-3.283502 0.127801 0.134395
-3.167810 -0.078315 0.363528
-3.449260 2.128194 1.070395
-3.208988 1.511437 0.520704
-3.061779 1.540192 0.265816
-3.390920 2.599481 0.430679
2.575590 -0.723662 0.154672
2.690289 0.949253 1.280653
-3.362107 2.528966 0.001088
-0.466474 2.416778 0.001327
2.774459 0.983386 0.003912
3.180532 0.825328 0.009420
1.564935 1.486536 0.525740
1.838758 1.701911 0.875922
2.557404 -0.845049 0.006953
2.723251 0.970521 1.139044
-3.442312 2.464515 0.370691
2.856704 -0.712748 0.953013
-3.498406 2.422563 1.099127
-3.433964 2.121873 0.850308
-3.397403 1.573223 0.495210
-3.435702 -0.007307 0.295774
-0.375809 0.098985 0.680960
-0.398148 0.101663 1.336371
-3.134191 -0.048083 0.324017
-3.420530 -1.661701 0.264596
-0.607261 0.105748 1.034103
-0.055200 -2.110090 0.806528
-3.407425 1.565238 1.107016
-0.076339 -2.130739 0.322342
0.985025 -0.038346 1.227347
-3.430759 2.169094 1.011678
-3.431059 1.570155 0.000798
0.990713 -0.035509 0.614069
-3.485237 2.774731 0.766471
1.594315 1.707245 0.691911
1.832386 1.704115 0.796451
2.784384 0.977637 0.717781
2.745382 0.965021 0.412041
1.849408 1.699904 0.755470
-3.474511 2.738560 0.740417
-3.463056 2.521482 0.533527
-3.431625 2.204159 0.270118
-2.382907 1.905381 0.236407
-2.769466 1.792283 0.006723
-3.409332 1.513840 0.618046
-3.421872 1.697888 0.771024
-3.439651 1.534093 0.495022
-2.886567 -0.268984 0.000782
-3.198829 1.479020 1.134353
-3.314406 -0.006592 0.787382
-3.289670 -1.168167 0.397547
1.208807 1.072856 2.824103
-0.308173 -0.115368 1.222188
-3.213388 -0.066164 0.296231
-2.850134 0.022801 0.007107
-2.897305 -0.471118 0.003942
-3.430897 2.564925 0.546507
-3.425723 2.163972 0.461318
0.481599 1.365000 0.000010
-0.022399 2.449119 0.376111
2.729663 0.970357 0.394837
2.758397 0.960506 0.841683
-1.653287 2.819612 0.004427
-1.127331 2.615651 0.003020
-0.823691 2.258998 0.000720
2.754651 0.928161 1.409014
-2.738344 2.864086 0.007156
2.554537 -0.851577 0.380721
2.554968 -0.972359 1.326889
-3.225763 2.108907 0.001166
-0.304403 0.040378 0.428503
-3.410040 2.106534 0.715258
-3.144641 1.555532 0.449887
-3.280763 0.155626 0.252344
-2.859808 -0.281162 0.120500
-3.099556 -0.677998 0.008142
1.189264 1.032342 2.808598
-3.441561 1.459006 1.858239
-3.192181 -0.932888 0.401901
-3.392520 -2.455275 0.064350
-3.488982 1.634814 0.432406
-3.189880 1.811821 0.282581
-3.290277 1.594778 0.276951
-2.153195 1.780083 0.287499
-3.392993 2.280675 0.241076
-2.976533 1.869896 0.000135
-0.916661 2.207774 0.002762
1.759163 1.713762 0.751410
2.742926 0.994529 0.847005
2.779183 0.999943 0.359825
-0.000055 2.482636 0.361557
1.655201 1.707932 0.905672
2.773722 0.970743 1.065154
-3.063383 2.750370 0.166850
-0.596144 1.136647 0.000291
-3.418795 2.243349 0.400461
-3.300545 1.618962 0.008054
-2.475745 1.721764 0.293634
-2.290092 1.871415 0.289974
-3.420120 2.149912 0.997038
-3.324787 1.571274 0.774368
-3.138919 -0.996330 0.009380
-3.415168 -2.109071 0.142960
0.201920 -2.158140 1.054394
-3.340728 1.470905 1.640489
-3.324408 1.643234 1.266044
-3.427924 1.957108 1.203691
0.202731 -2.151352 1.039330
-3.426192 2.165268 0.854783
-3.377783 2.029671 0.621684
-3.417930 1.472494 0.413619
-3.294621 -0.159494 0.006489
-2.453246 1.905993 0.260406
-2.333368 1.903127 0.266602
-0.451955 1.400008 0.000662
-1.770327 2.876183 0.006685
-1.149779 2.831945 0.000331
-1.353127 2.540232 0.001326
-0.974038 2.232233 0.002964
0.446948 1.296049 0.000954
2.794707 0.962454 1.213975
-0.025260 2.463830 0.346877
2.777177 0.967318 0.794246
1.663607 1.705028 0.829854
-1.775475 2.823466 0.004776
-1.569503 2.250960 0.004077
-2.937770 1.977997 0.018423
-2.639065 1.839744 0.025426
-2.124276 1.903605 0.179753
-3.442496 2.221258 0.822127
-3.251318 1.664525 0.559204
-3.230726 1.550150 0.865153
-3.236811 -0.077843 0.411040
-3.426594 0.063550 0.287746
-3.226238 -0.925692 0.044955
-3.454304 -1.746547 0.099990
-3.220006 -1.000561 0.437406
-3.235653 -1.225955 0.182460
-3.422941 2.088092 1.150116
-3.396924 2.024653 0.841033
-3.411727 2.158564 0.640736
-3.434033 2.448505 0.497312
-3.215693 1.741455 0.255239
-2.433525 1.901079 0.272666
-3.435662 2.896182 0.494927
-1.367354 1.664053 0.000510
1.556157 1.512974 1.055855
2.861120 -0.718932 0.337893
1.613526 1.706913 0.834204
0.154518 2.251243 0.235831
1.699142 1.710473 0.712965
-0.042252 2.431118 0.326048
1.641630 1.715252 0.758262
1.833044 1.701026 1.131867
2.855418 -0.713423 1.104580
2.553015 -0.919367 1.285597
-3.379745 1.932850 0.927087
-2.453812 1.868302 0.283540
1.203266 0.050507 1.421314
-3.341251 1.521957 0.835840
-3.453147 -0.883810 0.386789
-3.249470 -1.237978 0.241446
1.125345 1.050097 2.892729
-0.604381 0.100110 1.242429
1.113995 1.096329 2.777483
-3.319073 1.522287 1.242465
-3.449988 -1.704363 0.318381
-3.463762 1.969920 1.282864
-3.389760 1.879805 1.049514
-3.327011 0.149380 0.192745
-2.937952 0.154867 0.187139
-0.611196 0.105660 0.643513
-3.492329 2.325156 1.125579
-3.432053 2.121760 0.846032
-3.250779 1.531449 0.585775
-3.440722 2.724412 0.501225
-2.384811 1.900713 0.003712
-2.435356 2.773491 0.004478
-1.227837 1.960323 0.001779
1.547141 1.475413 1.081598
-1.724190 2.957395 0.007170
-0.151767 1.966030 0.002359
2.791608 0.974695 0.461016
-1.879086 2.792695 0.002861
-3.434721 2.486938 0.524446
-2.360188 1.894074 0.133842
1.901220 -1.737893 1.005427
1.911203 -1.748529 1.169186
-3.385933 2.033406 0.891222
-3.222935 1.658834 0.609948
-3.482563 -0.552402 0.244250
-0.505860 0.105834 0.911695
-3.038030 -0.047765 0.763193
-3.363440 0.051794 0.721340
-3.094290 -0.108448 0.518353
-3.492358 1.521098 1.498567
-0.581910 0.095041 1.322431
-0.454210 0.095065 1.377710
1.081422 1.107713 2.838264
-0.626239 0.096781 1.358661
-0.529544 0.091811 1.443783
-3.290059 1.557411 1.174080
-3.479631 -0.896218 0.328024
-3.490013 2.419653 1.117207
-3.390456 2.028425 0.785485
-3.421118 1.576158 0.889522
-3.255693 -0.128107 0.000420
1.478975 -2.054399 1.356926
0.979825 -0.050049 1.307934
0.997623 -0.049853 0.676618
-2.757256 2.465462 0.000823
-1.241154 1.943483 0.000314
1.766920 1.691481 1.127389
1.553351 1.568632 0.380176
-0.253290 1.725104 0.001763
1.543937 1.544225 1.038031
-2.474442 2.721954 0.000074
2.873342 -0.702861 0.780775
-3.403728 2.805647 0.478356
-2.221330 1.888101 0.080112
1.578733 -1.936123 0.396920
-3.474909 2.094986 1.282315
-3.351887 1.586253 0.423215
1.154388 0.053234 1.403270
3.107556 -2.947635 2.822129
-3.098334 -0.117220 0.406714
-3.295214 -1.212260 0.015159
-0.547511 0.101738 0.962347
-0.492347 0.096854 1.408613
-3.477927 1.518414 1.793493
-0.645417 0.094305 1.335941
-0.551326 0.089770 1.436901
-3.244299 -1.256721 0.218785
-3.441487 2.096885 1.141345
-3.413692 1.498753 0.866108
-3.326044 0.107816 0.065169
-2.954887 0.099927 0.061375
-3.480562 -0.229623 0.297917
-0.650903 0.103320 0.541165
-3.487775 2.451004 1.120125
-3.474298 2.431004 0.885159
-3.409803 2.153696 0.770410
-3.278919 1.609167 0.522656
-2.867751 1.583740 0.147457
-0.308706 -0.146597 0.033164
1.117545 0.044177 1.026044
1.531190 -1.901015 0.772617
-3.422866 2.974564 0.545806
-3.148733 2.819884 0.147954
1.824365 1.716974 0.432180
-2.995252 2.983085 0.016900
-1.352060 2.345860 0.000090
-0.376083 1.510026 0.000014
-0.233683 1.714632 0.000306
2.673056 -1.247955 0.025107
1.568463 -1.819525 0.085525
-3.477668 2.594129 0.849767
-3.380907 1.960023 0.445570
-2.949622 1.514664 0.146492
1.562147 -2.083714 0.672116
-3.269512 1.630259 0.933733
-3.301527 1.548903 0.704562
-3.422755 0.162477 0.194227
2.580959 -2.904096 2.816049
-3.332398 1.507009 1.605724
-0.570945 0.108255 0.958106
-0.647413 0.087063 1.281142
-0.491287 0.107039 1.425263
-3.433429 -0.248592 0.278395
-2.739086 -0.259171 0.242248
-3.162962 -1.137470 0.020040
-3.455697 -2.086674 0.029355
-3.396353 1.976936 0.912152
-3.242165 1.653851 0.904757
-0.494395 0.114203 0.214926
-3.349578 2.581884 0.265945
1.556795 1.467020 0.694661
1.566268 1.704669 0.919276
1.831588 1.700764 1.064950
2.862935 1.005117 0.189713
2.855537 1.009559 0.409303
-0.712033 1.983739 0.000231
2.553361 -0.826076 0.658619
-3.384322 2.300565 0.379125
1.586414 -1.993374 0.011384
0.006163 -2.106042 0.498388
-3.209153 -1.174706 0.192531
-3.223892 1.628703 0.855591
-3.368078 1.584371 1.118833
-3.354642 0.106011 0.133667
-3.154876 -0.186369 0.339753
-0.626895 0.096904 0.578046
-0.035962 -2.152298 0.189727
-0.400323 0.112716 0.649847
1.556031 -1.797211 0.387161
-3.463142 2.860495 0.542604
-3.344185 2.589892 0.306241
-1.018259 1.438321 0.002444
-2.002713 2.652782 0.005389
-1.692621 2.244666 0.003381
-0.238965 1.772722 0.003992
3.012047 -0.868232 0.001858
-1.425123 2.765409 0.005472
2.325685 0.504781 0.002539
0.932781 0.702730 0.000937
1.744822 0.297526 0.000022
2.323867 0.389235 0.002146
-1.622898 2.361085 0.008640
-1.269410 2.026612 0.003367
-0.418088 1.456694 0.004787
0.039902 1.208123 0.008066
2.867791 -0.708500 0.736956
-3.396185 2.734166 0.457232
-3.393251 2.470400 0.261859
-3.499039 -0.183974 0.284386
-3.391124 0.154423 0.267479
-2.992913 -0.518808 0.050040
-0.478121 0.103776 0.858951
-3.369324 -1.462263 0.260249
-0.410248 0.109449 1.406830
-3.472724 2.261642 1.162422
-3.390651 1.641238 1.452624
-3.359062 0.048036 0.740581
-3.310660 -1.117047 0.030730
-3.453922 2.443197 0.731010
-3.376296 2.077181 0.434364
-3.326785 1.483047 0.454809
-0.298023 -0.330223 0.022207
-3.183607 2.447528 0.002259
-1.279619 1.871318 0.003287
1.979844 0.569651 0.006773
1.630483 1.689214 1.291328
-2.542758 2.833128 0.004656
2.372689 0.320156 0.004689
-1.452925 2.723128 0.014829
-0.055737 2.414796 0.326888
-2.913711 2.956189 0.048068
-0.296484 1.591241 0.006167
0.951540 0.772924 0.001277
-3.399709 2.847869 0.404512
-3.325123 2.724618 0.297506
-3.452317 2.155348 1.146365
-3.436196 1.633117 0.797303
-3.181075 1.546711 0.747792
-0.573596 0.104195 0.555829
-0.375053 0.100180 0.633439
3.228301 -2.969396 2.827331
-3.490476 -0.623048 0.242194
-3.190604 -1.882256 0.339460
-0.448791 0.106886 0.940994
-0.393264 0.100313 1.428725
-3.491063 -0.581986 0.269802
-3.132006 1.637186 0.438547
1.838577 1.709189 0.390052
-0.037813 2.431233 0.296698
2.141236 0.689686 0.000522
2.857692 -0.697790 0.203496
1.563268 1.409070 0.890047
-0.373918 0.116610 0.170596
2.559897 -0.987662 0.965987
2.854360 -0.705466 1.091969
-3.428768 2.169515 0.995023
-3.171218 -1.264219 0.159820
0.204660 -2.129805 0.397360
-3.292939 1.470465 1.538760
-3.392539 -1.041559 0.487623
-0.440475 0.093688 1.446138
-0.879517 2.978323 2.991140
-3.117106 -0.069293 0.674499
-3.376740 -1.779392 0.490108
-0.366029 0.117885 0.905265
-0.061728 -2.128939 0.746283
-3.099266 0.159414 0.244630
-3.396016 2.041697 0.535943
-3.364262 2.023538 0.301280
-2.352706 1.894752 0.170909
2.550844 -0.953780 0.284888
1.565589 1.707492 0.996198
-3.391309 2.605793 0.293945
0.175322 1.346531 0.001652
1.557320 1.551118 0.769191
-0.040062 2.375788 0.301815
1.587694 1.726440 0.372817
3.188122 1.162251 0.005529
1.570069 1.512079 0.479592
-3.307657 2.988640 0.323334
1.849532 1.706753 1.045257
1.861645 1.701687 1.274544
-3.436601 2.254177 0.234774
2.556073 -0.868926 0.217532
2.858041 -0.681531 0.866417
-3.360461 1.782346 0.518255
-3.038177 1.555292 0.358954
-3.148875 1.498639 0.877175
-3.459985 0.190631 0.232046
-3.041434 0.170756 0.262074
-0.603301 0.100071 0.826084
-0.047401 -2.200987 1.255586
-0.824219 2.898450 2.963625
-0.625325 0.100096 1.093079
-3.486923 1.494848 1.867853
-3.410880 1.560391 1.194725
-3.400951 -1.724194 0.044920
-0.069436 -2.192132 0.163080
-3.360048 0.151672 0.190946
-3.479877 2.272291 1.027004
-3.359866 1.730179 0.509605
-2.344096 1.899041 0.091542
-3.360162 2.893167 0.362402
-2.591496 2.535623 0.002276
0.126159 1.680618 0.000275
1.235751 1.233783 0.001666
1.873055 1.706965 1.011952
-3.247205 1.764763 0.370366
-3.243014 1.344160 0.056001
-3.409168 1.749282 1.031759
-3.424723 1.507539 0.863125
-3.494476 1.507401 1.599772
-2.936645 -0.104944 0.357224
-3.493501 -0.648644 0.253140
-3.395609 -1.780624 0.031934
-0.866538 2.885019 2.982062
-3.299184 -1.356637 0.299515
-3.442734 1.674201 1.516237
-3.387687 1.499433 1.333087
-3.404505 0.119559 0.303721
-3.446754 1.619784 0.648398
-1.561612 2.515157 0.002188
-1.107731 2.274857 0.009626
-3.361897 2.580193 0.303521
-3.472615 2.428365 0.755129
-3.154810 1.531803 0.005149
-3.444742 2.142840 1.166791
-3.416316 1.506625 1.318281
-2.977048 -0.090391 0.333624
-3.388092 -0.085085 0.292863
-0.574525 0.100251 0.867123
-0.849959 2.847029 2.923865
-0.465992 2.726967 2.964466
-3.388962 1.494234 1.161890
-3.341875 0.046690 0.296204
1.510575 -2.058376 0.998699
-3.422033 1.750937 1.049653
-3.195732 1.496544 1.086246
-3.427203 1.516607 0.847450
-3.429635 2.143082 1.044376
-3.462728 2.284273 0.892489
1.640349 1.687412 1.452433
0.143310 1.257135 0.004279
-2.019029 2.617886 0.000470
-2.168053 2.949248 0.008349
1.068313 1.981086 0.015200
-3.352484 2.762697 0.320646
-3.224611 2.668392 0.214302
-2.874938 1.773881 0.010057
-2.301485 1.901041 0.063018
-3.468169 2.302622 1.083420
-3.420822 2.022420 0.805687
-3.463762 1.606173 0.453444
-2.209730 1.595509 0.279770
-3.337907 1.543730 1.029645
-0.358986 0.110204 0.535914
-3.430963 -1.890118 0.470286
-3.347886 -1.392471 0.403545
-0.604600 0.094530 0.925034
-1.052141 2.858257 2.941907
-1.366212 2.963303 2.975739
-0.593436 0.098083 1.262952
-0.619951 0.099025 0.881088
-0.394143 0.101133 1.266651
-0.513657 2.684002 2.998407
0.153050 -2.091900 0.785511
-0.384435 0.106458 0.471797
-3.203556 0.156526 0.250562
-0.614665 0.097709 0.178241
1.520758 -2.083050 0.477688
0.989618 -0.059153 0.938262
-3.443921 2.652563 0.424235
-3.103113 2.609263 0.149325
2.079889 0.713839 0.001828
1.262336 1.537587 0.002889
-0.209180 1.987870 0.000076
-0.044704 2.391949 0.390749
-3.454272 2.452161 0.457568
1.723797 1.695802 1.111887
-3.325640 1.602929 0.279746
-3.411731 2.025465 0.661754
-3.465884 2.023048 1.307189
-3.359789 1.672164 1.016841
-2.796370 0.102155 0.059109
1.171325 0.057274 0.745744
-3.497341 -1.948439 0.522594
-3.338129 -2.370467 0.087873
-1.055026 2.799781 2.815833
-0.594227 0.094150 1.371459
-0.557482 0.101613 1.330353
-0.069405 -2.123953 0.966904
-3.454530 -1.841398 0.025208
-0.080144 -2.166872 0.391908
1.541935 -1.842269 0.904984
0.987900 -0.057280 1.091934
1.731286 -1.756731 1.189532
-3.478041 1.582694 0.952807
-3.276321 0.159135 0.195816
-0.546629 0.112747 0.157896
1.029918 0.008999 0.611910
1.198438 0.064571 0.661541
-3.490060 2.535213 0.841064
-3.470360 2.283595 0.932886
-2.238752 1.901899 0.190082
-3.442350 2.841293 0.614207
-3.342092 2.757858 0.327256
-2.136771 2.375106 0.004110
1.664348 1.345571 0.088711
1.809786 1.727428 0.508651
-0.050134 2.407437 0.433790
-2.573575 2.921284 0.001151
2.291720 1.797821 0.021782
-3.398897 2.589822 0.374000
-2.191219 1.901313 0.248798
-0.315378 1.640261 0.004503
2.417951 0.571876 0.003136
1.862942 1.727061 1.093436
-3.436118 2.289031 0.703035
-3.406629 2.014880 1.066836
-3.364158 1.643768 0.754620
-3.480556 1.533085 1.353949
-3.460316 -0.850388 0.270760
-3.448486 -0.643137 0.240203
-3.333001 -1.228774 0.012531
-1.453099 2.846635 2.959026
-1.150163 2.809809 2.949561
-0.484450 0.099669 1.293474
-0.598988 2.663955 2.953582
-1.031613 2.691412 2.899191
-0.630872 0.103196 0.906728
0.986610 -0.069794 0.773628
-3.354931 1.476085 0.533073
1.026593 -0.028741 0.133786
-3.417414 1.546333 0.278099
-2.194930 1.894352 0.256839
-2.255218 1.896516 0.018575
-3.444324 2.850484 0.502989
-3.015737 2.850138 0.172026
1.743563 1.750517 0.013296
3.202753 1.221442 0.011351
2.352216 1.916002 0.021205
1.768728 1.746265 0.006426
2.852653 1.802224 0.018343
-3.136287 2.799940 0.192641
-0.201950 1.623730 0.000082
-2.807589 1.716747 0.024921
1.551342 1.433207 0.906028
1.792923 1.691640 1.278620
-3.397338 2.017800 0.912984
-3.283357 1.711883 0.655861
1.045181 0.016016 0.149380
-3.331482 1.664987 1.263034
-2.958992 0.166153 0.267222
-0.453316 0.116083 0.128852
1.104527 0.053897 1.283677
-1.494200 2.843093 2.937308
-0.548324 2.580449 2.993879
-1.197056 2.735560 2.952345
-0.423823 0.102667 1.325325
0.986670 -0.061877 1.211322
-3.351971 -0.013022 0.782093
-0.032900 -2.333904 0.064396
-2.890301 0.164383 0.291153
-3.193085 1.665873 0.583387
-2.169818 1.889800 0.203465
-3.413763 2.149601 0.604669
-2.777820 1.730878 0.009021
1.560528 1.704077 0.508611
2.339215 2.013010 0.016596
-3.362380 1.983400 0.300603
-3.391786 2.157865 0.525992
-2.848736 1.681007 0.001943
-2.517930 1.860520 0.158374
-2.203965 1.889160 0.184211
-3.175836 1.644583 0.550670
-0.579540 0.098907 0.821908
-1.096024 2.641586 2.959382
-1.506371 2.698330 2.980805
-1.229071 -2.994349 0.494256
0.239099 -2.391059 0.010571
1.534685 -1.982668 0.609836
-3.191839 -0.029996 0.798018
-3.481958 1.608874 0.513031
-3.159875 1.583856 0.284947
-0.345810 1.574882 0.001726
2.975458 2.229519 0.021071
2.447632 2.401462 0.021512
1.409329 2.004641 0.008284
2.387993 1.872974 0.010327
-3.399179 2.141664 0.555514
-2.528008 1.852207 0.114528
1.586303 1.713612 0.645953
1.850809 1.708312 0.999886
-3.447713 1.563994 1.209998
-3.457379 0.054065 0.055878
-3.347329 -1.470589 0.216412
1.568072 -1.944539 0.012945
-1.190152 2.651283 2.950744
-1.498907 2.620137 2.971142
0.984642 -0.074270 1.279010
-0.135453 2.609936 2.995069
-0.629852 2.577338 2.860425
0.163531 -2.093159 0.449383
1.200873 0.057795 0.966162
-3.361764 -0.968197 0.442280
-0.575851 0.106733 0.130723
1.215547 0.050090 0.460027
-3.372674 0.055396 0.660115
-3.459947 1.969342 1.312322
0.417476 1.308507 0.004164
-3.108104 1.610249 0.258351
-0.065771 1.705429 0.002395
1.868338 1.730969 0.186106
-3.414491 2.246390 0.245024
2.458502 2.017710 0.011711
1.394759 2.440307 0.018063
1.978796 2.508062 0.025702
3.474462 2.678732 0.029454
-3.413249 2.321358 0.316357
-1.074846 2.042543 0.004620
1.948225 2.076178 0.012451
2.841018 2.484276 0.020595
-3.475344 2.277444 1.095163
-3.386850 1.961553 0.761567
1.790522 1.723629 0.145388
-3.477732 1.685711 1.280566
-3.405977 1.505972 1.008591
-2.962187 -0.207331 0.343042
-0.475205 0.104542 0.581659
-0.498257 0.106095 0.477975
-0.232546 2.556533 2.982104
-0.636746 2.553901 2.784249
-1.078309 2.502086 2.945954
-0.444308 0.100073 1.207001
-0.399638 0.111319 0.118314
-3.443094 1.632820 0.488334
-2.461422 1.914780 0.246448
-3.402742 2.145045 0.274392
0.272290 2.390088 0.159399
-3.440807 2.048689 1.039329
-3.174772 1.629526 0.493696
-3.430846 1.608626 0.506877
-3.394480 1.455512 0.405432
1.834796 1.709864 0.810204
1.131266 0.065449 0.444171
-0.609474 0.100946 0.540913
1.516073 -2.067087 1.021802
2.720808 -0.726905 1.185864
-1.196220 2.438377 2.997902
-1.097406 2.810740 2.871540
-0.073989 2.630737 2.993044
-0.618528 2.534800 2.957699
-0.354704 0.098973 1.272465
0.200827 -2.141697 0.860367
-0.038224 2.675954 2.994761
-0.948960 1.265167 0.002770
-0.487540 1.299656 0.003523
0.033460 1.332904 0.011933
0.934708 1.371792 0.010991
-1.534497 1.895293 0.002982
2.927778 2.513205 0.026944
0.215837 2.420240 0.164182
-3.374612 2.054107 0.311400
-2.590558 1.827085 0.019078
-2.225436 1.890597 0.204228
-3.147696 1.652060 0.463407
-3.358812 1.489502 0.344621
2.451515 1.929320 0.002388
-3.381505 1.497974 0.837763
3.308081 1.157888 0.004818
-3.198794 -0.013496 0.282529
-3.395906 -1.082505 0.486057
-3.490719 -2.608845 0.056120
1.165183 -0.272384 0.019154
2.552911 -0.808706 0.440743
-0.723476 2.949363 2.997682
-1.119008 2.838301 2.966475
1.526983 -2.057259 0.903806
-0.616502 2.470860 2.997704
1.526359 -2.104605 0.639257
0.986133 -0.018319 0.455710
1.540629 -1.942068 0.849847
0.134145 -2.084666 0.011006
-3.252293 -0.890422 0.372676
-3.464992 -1.802586 0.345802
-3.232868 0.076280 0.280973
-3.299839 -0.132012 0.296028
-3.397779 1.597036 0.606298
-0.050364 2.399015 0.308519
-2.501346 1.865856 0.217163
-3.191895 1.818693 0.190266
-2.406197 1.896968 0.195426
-0.515362 2.002547 0.010734
1.959878 2.032319 0.020705
-3.419746 1.739497 0.958469
-0.045184 2.379872 0.608623
1.557967 -1.968315 0.273729
-1.206185 2.867508 2.917224
-0.170054 2.512883 2.984812
-1.115044 2.414313 2.942821
-1.085292 2.719672 2.806059
-0.379091 0.112942 1.188261
-0.599802 0.102590 1.269551
1.200015 0.058961 1.136480
2.852428 -0.696336 0.718687
-1.171899 2.971475 2.998520
1.671665 1.681596 1.177901
-3.004563 -0.592556 0.051018
-3.392692 1.502093 1.319350
-3.254376 1.614997 0.852628
-3.195607 0.165012 0.183559
-0.406836 1.547083 0.000798
1.735575 1.728856 0.099601
1.976665 1.687439 0.100738
0.026617 2.500088 0.613237
-3.474476 1.597351 0.441361
-3.065774 1.609106 0.263910
1.852433 2.913282 0.027547
-3.449877 1.963847 1.319894
-3.241878 1.714521 0.896347
-3.372636 1.456335 0.671233
-0.043516 2.367985 0.499854
-3.082337 -0.098719 0.508277
-3.401882 -0.829480 0.231419
-2.940020 -0.592485 0.072915
-1.685107 2.924330 2.997302
2.551352 -0.956845 0.324715
-1.211113 2.904713 2.941512
2.552179 -0.938001 0.526340
-0.617544 2.449410 2.958763
-1.276279 2.980223 2.978733
2.605318 -1.183905 0.001029
-3.134329 0.163463 0.213872
-2.823945 -0.377748 0.021692
-3.474603 1.673136 1.391609
-3.486123 1.553349 0.857934
-0.502351 1.944660 0.005047
2.108121 2.091487 0.014249
-3.428680 1.706144 0.518944
-3.263631 1.525045 0.640243
-3.433528 1.543275 0.307646
0.259842 2.411707 0.170724
-3.404134 1.731875 0.553764
-3.433147 1.972271 1.183141
-3.273549 1.693110 0.766678
-3.411712 1.486835 1.107873
-3.294859 1.451421 0.623350
-2.962288 -0.013821 0.304863
-3.457753 -1.772532 0.375746
-1.321100 2.766921 2.944246
-0.457090 0.099856 0.733156
-0.268245 2.429085 2.983210
-0.621640 2.482564 2.935634
-0.519571 0.095059 1.209955
-0.497469 0.099037 1.233052
2.569970 -0.751908 1.312749
-1.294546 2.834273 2.977871
-3.341061 -0.848023 0.187664
-3.025068 0.067553 0.284837
0.217257 1.298485 0.001677
0.834169 1.179805 0.001619
0.150904 1.754184 0.007420
-0.051741 2.382485 0.419329
-3.333656 1.532037 0.984494
-3.407189 1.873178 1.222584
-3.197947 1.663129 0.645747
2.349392 2.954712 0.026056
-3.422231 1.994102 1.103314
-3.443450 1.592787 0.641356
-3.473381 1.723402 1.185285
-3.417958 1.483012 0.748583
-3.416904 1.468607 1.385251
0.825935 1.297792 0.001529
1.341135 1.320891 0.002746
1.801678 0.393855 0.000455
-0.774731 2.880735 2.961160
-0.624224 -0.043937 0.220217
-0.642984 -0.010055 0.820591
-0.608911 2.353938 2.996545
-1.162964 2.245485 2.979467
-0.614181 -0.100866 1.001743
1.552452 -1.883738 0.218136
-0.068647 2.593642 2.993093
-0.377892 0.116327 0.444224
-0.809363 2.885968 2.939388
-1.158518 2.784726 2.963409
1.337802 -0.142162 0.016154
0.431253 1.077612 0.004890
0.989378 0.906094 0.004128
-2.746879 -0.231662 0.294806
-0.226786 1.260773 0.000537
-3.443441 0.168953 0.215744
-0.789628 1.389078 0.000860
-3.407760 1.490428 0.783506
-1.381789 1.520007 0.000188
-3.338620 1.773924 1.053687
-3.259224 1.567166 1.058201
-0.041209 2.359905 0.297681
0.365087 2.405772 0.141311
-0.816340 2.926507 2.965457
-1.206474 2.690337 2.911750
-0.630848 -0.087864 0.714418
2.554231 -0.871342 0.943786
-0.958466 2.249173 2.999436
-0.110149 2.561148 2.997480
-0.599842 -0.174820 0.600490
-1.242175 2.534790 2.999075
2.972247 -0.803631 0.003048
-1.205276 2.736699 2.955586
-0.583856 -0.029364 0.150989
-3.499661 1.535233 1.203277
0.243820 2.461476 0.156109
-3.334697 1.492346 0.850936
0.290383 2.446886 0.140852
-0.004972 2.473974 0.557546
-3.227276 -0.110390 0.302936
-1.261632 2.678642 2.922638
-0.614641 0.028116 0.005199
2.903836 0.263185 0.004064
-0.914779 2.919943 2.989411
-0.612039 0.041412 1.264833
-0.613414 -0.013196 1.219544
1.865552 -1.699356 0.919476
2.655569 -0.766769 1.461632
-0.598773 -0.179196 0.955785
-0.606447 0.030457 0.636288
2.516901 0.597127 0.823071
1.074620 -0.179972 0.004704
1.632360 0.009360 0.002639
2.063522 0.259645 0.007405
2.546155 0.103916 0.009868
2.884413 0.384239 0.005609
3.164164 0.082705 0.011100
0.962586 1.340575 0.000844
1.552145 1.531311 0.108280
-3.163054 -0.088601 0.904929
-3.004789 -0.789931 0.067436
1.469182 2.519608 0.023592
-3.411480 1.504407 1.110836
-3.311247 1.556159 1.362517
-3.400084 1.470993 1.322843
-3.360065 -0.072942 0.308971
-3.056376 -0.071025 0.809134
-3.043189 -0.166429 0.668485
-0.912818 2.780413 2.952585
-1.367665 2.675040 2.950516
-0.628134 -0.046152 1.158460
-1.432041 1.795155 2.992383
-0.544739 2.255282 2.990357
-0.612335 0.022728 1.127314
0.201408 -2.125610 1.192360
1.117797 0.045481 1.064152
-0.597839 -0.138984 0.730861
-0.862384 2.711046 2.969620
1.432975 -0.713468 0.000931
2.510416 -0.187022 0.001202
2.269054 0.066887 0.001190
2.590341 -0.454709 0.000712
2.989859 -0.449734 0.004673
3.476398 -0.256899 0.008702
3.313255 -0.467852 0.006165
-0.875845 2.812143 2.998847
-1.342953 2.590699 2.970263
0.408913 1.450487 0.003940
-3.064964 -0.772446 0.039774
-3.425214 -0.187642 0.287469
-0.389892 1.804421 0.000736
0.319796 2.464603 0.130360
0.346041 2.460607 0.075602
-3.305595 1.487734 1.469862
2.181050 2.413288 0.009434
2.695519 2.308479 0.014212
-0.868058 2.779976 2.954704
-1.310127 2.583169 2.922442
-0.234526 -0.091915 0.019606
-0.471066 0.092352 1.102932
2.072649 -2.017362 0.000489
-0.426505 0.092502 1.158373
1.552808 -1.975379 0.349723
-0.748850 2.649586 2.982000
1.979058 -1.822614 0.062760
2.849279 -1.579376 0.009046
3.148908 -0.225452 0.000381
3.322986 -0.976390 0.002001
-1.324003 2.447998 2.930322
1.408931 0.759709 0.000115
1.643911 0.503610 0.001684
0.777519 1.498985 0.010742
-3.467709 -1.907466 0.451083
-3.370718 -1.470732 0.328870
3.097339 2.898918 0.031627
-0.641235 1.287834 0.000429
-3.457512 0.164970 0.273940
0.279085 2.490976 0.098102
-3.359988 0.017581 0.294770
2.745466 2.819233 0.006735
-3.356874 -1.727598 0.460483
-1.897365 2.591003 2.992815
1.562670 1.636212 0.808680
-0.911270 2.665771 2.934006
-1.310705 2.453539 2.921906
-0.630902 -0.066885 0.578497
-0.635239 -0.010862 1.010273
-0.387102 0.095606 0.959875
-0.705854 2.552212 2.942720
-1.413750 1.613845 2.989371
-0.626142 -0.133459 1.148537
-0.632514 -0.070938 1.392236
-0.913976 2.762069 2.930635
-1.256831 2.351450 2.929820
1.607244 0.645504 0.000015
1.894812 0.278659 0.005481
2.078313 0.065841 0.004567
2.538686 0.188677 0.008650
2.972939 0.383865 0.068335
0.461311 1.534665 0.003236
-3.390215 0.087452 0.286234
-1.679142 2.855243 2.986916
-0.862125 2.617099 2.934875
-1.360593 2.295095 2.954177
-0.624348 -0.102569 0.484856
2.410541 0.682346 0.002254
1.737815 1.710081 0.432608
-0.624549 -0.045068 0.780440
3.487123 -0.020894 0.000399
-1.113884 2.231595 2.983542
-1.223686 1.467830 2.990391
1.522594 -2.059362 0.835766
-0.619216 -0.193040 1.078370
2.305831 -0.670038 0.001585
2.780200 -0.434598 0.002044
1.554807 1.462427 0.871599
-1.277345 2.406306 2.949556
-0.602492 0.032905 0.906270
1.779101 -1.294396 0.001624
2.454437 -0.101427 0.002116
3.114317 0.035138 0.008037
3.278297 -0.262891 0.016871
-0.603021 -0.156736 0.517087
1.102264 1.731936 0.005942
2.989069 1.447977 0.015782
-0.063531 2.395522 0.280829
-3.165404 -0.152006 0.897633
-3.193605 -1.010921 0.285968
-0.041451 2.375268 0.247448
2.178749 2.920731 0.029140
-1.256652 2.298959 2.908188
2.985881 1.485616 0.017709
-0.958378 2.640546 2.937155
-0.622860 -0.098629 0.776724
1.032184 -0.101526 0.299787
1.737668 1.698000 0.772356
-0.910173 1.785166 2.983336
-0.929334 2.620514 2.963440
-0.610324 -0.155843 0.822400
1.649412 -2.183496 0.014476
1.204147 0.050929 0.423626
3.280258 -1.918156 0.008547
2.968212 -0.116075 0.001904
3.398797 -0.557628 0.007127
3.396548 0.028417 0.016110
1.105826 -0.338717 0.000611
1.684983 0.529603 0.000928
2.365172 0.974673 0.013979
0.371244 1.193241 0.002040
0.574201 1.392111 0.006640
-0.056924 2.401218 0.270727
-3.458398 -2.991710 0.021339
-0.628909 -0.116906 1.333603
3.096004 0.293366 0.006300
-0.816683 2.366361 2.962391
1.670106 -1.734251 1.462249
-0.433891 0.102432 1.260334
2.971643 -0.817078 0.074057
3.486427 -0.748429 0.004311
-0.561042 2.792672 2.995325
-1.003966 2.631637 2.926614
-1.233576 2.270937 2.948060
-0.610302 -0.097896 1.054432
1.847568 0.092206 0.003365
2.126871 -0.249079 0.004749
2.665639 0.454517 0.007736
0.699917 1.120729 0.000067
0.776383 2.970664 0.011983
-3.408118 -2.058157 0.072022
-0.373645 0.104110 0.592104
-0.620853 -0.099524 0.314003
-0.905628 2.516810 2.934329
-1.310181 2.059696 2.966497
-0.420809 0.110011 1.150003
1.705894 1.700795 1.109223
-0.519698 2.757921 2.986487
-0.768719 2.495002 2.960520
-1.069448 2.012316 2.992762
0.996529 -0.071516 0.721592
2.862217 -0.695144 0.488239
3.104485 -0.927095 0.013340
-0.509006 2.115979 2.999581
-0.718112 1.710435 2.986968
-0.979440 2.532097 2.928190
-1.247002 2.118595 2.979935
-0.538691 0.108247 1.407180
2.107861 -0.154234 0.001313
2.219481 0.136256 0.005492
2.903403 -0.752766 0.062538
2.696221 -0.082714 0.002463
3.332491 -0.135628 0.020667
-0.610858 2.946954 2.992629
-0.612260 -0.145895 1.191673
-0.587080 0.101376 0.900936
-0.603595 -0.084343 0.922445
-0.403975 0.117647 0.501482
1.622566 1.725426 0.040189
-0.618478 -0.169258 0.486433
-0.625015 -0.137447 0.313429
2.008487 2.862680 0.026386
-1.306537 2.065264 2.930663
-0.623276 -0.055691 0.830273
1.703279 1.862668 0.005711
-0.636058 -0.182800 1.360312
-0.636029 0.045815 1.330547
1.488251 -2.042971 0.257774
2.055605 -1.972898 0.011185
1.043455 0.015906 0.152069
2.310576 0.938571 0.001182
3.402593 1.535588 0.010758
-0.856273 2.386170 2.971131
-1.114400 2.016094 2.965206
2.556845 -0.933965 0.272350
1.589591 1.701088 0.852846
-0.690473 1.705797 2.979998
-0.611265 1.703628 2.991745
1.555910 1.460442 0.494550
-0.908682 2.482651 2.897498
-0.571142 2.902212 2.985257
-1.130892 2.080528 2.928936
-0.614321 -0.126376 1.387069
-0.618407 -0.196792 0.933361
-0.480192 0.108559 0.935558
2.150263 -0.099057 0.001535
1.950036 0.531073 0.001198
2.344354 1.592029 0.050140
-0.054663 1.848188 0.000006
-1.309420 2.115152 2.930708
-0.615131 -0.022018 1.298378
-0.613883 -0.191878 1.337462
-0.866277 2.427479 2.910780
-1.180604 2.017173 2.987971
1.542661 -1.987331 0.701074
-0.913099 1.246086 2.996650
2.578195 0.973337 1.008030
-0.463169 2.130822 2.970083
1.173294 0.058480 1.365350
1.800629 1.700172 1.176059
-0.565538 2.845676 2.955907
-0.947135 2.437465 2.928776
-1.239416 1.966818 2.979271
3.156293 -0.895606 0.005320
3.127577 -0.454445 0.001333
2.661197 0.296719 0.003724
3.069677 -0.218206 0.018017
3.132412 0.116227 0.012890
1.771242 1.711873 0.445100
-0.635758 0.069820 1.407200
-0.506376 0.112327 1.041268
1.492843 0.991129 0.000933
-1.163977 2.536956 2.930350
0.746993 1.403777 0.007565
0.232836 2.255350 0.002516
-0.055862 2.365449 0.355858
-1.391851 2.948075 2.995719
-0.620114 0.034842 0.679136
-0.464803 0.104254 0.997175
-1.382337 2.022426 2.957245
-0.625046 -0.096755 1.195731
-0.825875 2.837197 2.981832
-0.975517 2.398719 2.983129
-1.171673 1.859255 2.961896
-0.384439 0.105582 1.393354
1.013535 -0.103328 0.791359
2.532865 -1.065392 0.337990
-0.735525 1.207781 2.978480
1.545530 -1.779454 1.004352
1.482817 -2.061061 1.152823
1.558498 1.603245 1.164448
-0.619031 1.511181 2.983273
0.993969 -0.088510 1.412705
1.157070 0.061664 1.313742
2.551176 0.959908 1.133234
2.607637 0.958180 1.178304
-0.441163 1.974568 2.992177
1.585783 -1.736419 1.450577
1.030774 -0.122999 0.933620
-0.919986 2.336986 2.918914
-1.149244 1.778324 2.963498
3.013807 -0.246965 0.000427
-0.686979 2.708828 2.999912
-0.551416 0.100067 1.388812
-1.138005 2.394235 2.912871
-0.618828 -0.135988 0.985039
-0.619688 0.030611 0.212915
0.246860 2.566259 0.137662
-0.606791 0.005451 0.161847
-1.868450 2.123744 2.995216
-0.618492 -0.006535 0.626654
-1.220630 1.972551 2.925224
1.942142 1.709003 0.086720
-0.597469 1.522278 2.968418
-0.751851 1.055346 2.987012
-0.213241 2.489538 2.999612
1.691666 1.686394 1.105338
-0.607792 2.718289 2.989689
-0.857794 2.305936 2.960555
2.853133 0.089397 0.010750
2.899501 -0.206942 0.004796
2.889904 0.408072 0.004420
-0.987742 2.351310 2.934476
-0.367142 0.114903 1.014123
-0.853920 0.466151 0.000041
-0.615075 0.017818 0.548640
0.450688 1.699926 0.009803
-0.616816 -0.186284 0.955952
-0.614596 0.049086 0.994164
-0.613642 -0.157148 1.008071
1.042498 1.415283 0.008047
-0.877178 2.347652 2.937922
-1.114444 1.733095 2.938397
-0.502708 0.096689 1.287636
1.553602 1.668600 0.116979
-0.603312 1.476030 2.974877
-0.344182 2.082104 2.994173
-0.531251 1.471334 2.976609
1.662358 1.702968 0.534995
-0.659716 2.756220 2.958600
-0.907326 2.195350 2.946017
-0.882400 1.891466 2.978936
1.547971 -1.755173 0.807469
3.431689 -0.209353 0.001808
2.824790 0.502348 0.019092
-0.936824 2.103466 2.976610
-0.615905 -0.157385 1.294903
1.553118 -1.981586 0.238837
1.288005 -0.040586 0.005166
-0.293898 0.102815 0.959906
-0.615810 -0.169031 0.606842
-0.606807 -0.050566 0.079216
-1.220659 1.411195 2.977941
1.029339 -0.031159 0.002405
-0.871766 2.150780 2.971079
-0.566584 1.004965 2.999329
0.999127 -0.096731 1.173569
1.543798 1.475748 0.856697
2.862570 -0.694270 0.928451
-0.473221 1.585235 2.969162
-0.879359 2.207996 2.942880
2.701005 0.986331 0.164269
-0.637291 2.707501 2.938090
-1.003271 1.743129 2.994019
1.558513 -1.827138 1.088268
-0.422806 0.099551 1.326967
-1.358899 -2.957643 0.561747
-0.620314 0.101728 0.230821
-0.610544 0.100230 1.392836
1.385731 1.902810 0.001474
-0.863294 2.142681 2.959821
-1.011551 1.684235 2.975116
-1.224407 1.368022 2.992134
1.632661 1.700588 1.027534
-0.316318 2.042559 2.983780
-0.448730 1.539019 2.980809
1.695569 1.704667 0.597371
-0.540631 2.456306 2.913135
-0.723225 2.217530 2.975828
-0.913391 2.214185 2.927848
-0.994021 1.756115 2.996112
-1.522959 2.468416 2.975481
-0.614887 0.036801 1.042635
-0.518399 0.099579 0.574490
-0.632858 0.086615 0.328371
0.569566 1.649844 0.001226
1.307238 1.993708 0.005519
1.812661 2.775182 0.021127
-0.874990 2.197349 2.926024
1.540603 -2.104062 1.227079
-0.393008 1.544916 2.962887
-0.529417 1.034249 2.989919
1.757975 1.704569 0.811847
-0.538393 2.412361 2.940701
-0.646673 2.162048 2.903524
2.783411 -0.697289 0.651936
2.834259 -0.150261 0.000818
1.721393 1.716946 0.479868
-0.613967 2.630226 2.995399
-0.981261 1.745141 2.990460
2.077971 0.679331 0.002985
1.148335 0.985874 0.002605
-1.463147 2.260334 2.984353
-1.645558 -2.732725 2.999219
-0.623158 0.092184 0.705549
-0.240550 -0.209611 0.012228
0.468174 2.826340 0.006332
0.574191 1.652784 0.000830
-0.837744 2.116719 2.929374
1.682194 1.715010 0.485042
2.617431 2.081578 0.015212
1.550885 1.466539 0.830124
-0.596321 2.168810 2.978892
-0.366337 1.427718 2.992961
-0.493771 1.034705 2.964421
1.779082 1.700967 1.127881
-0.692671 2.638300 2.991792
-0.844775 2.129499 2.996766
-0.394734 0.102212 1.099590
-1.427690 2.281451 2.997087
-0.849702 1.601594 2.994048
1.519307 -2.051833 0.705501
1.519881 -2.070886 0.777570
2.825213 1.007362 0.302544
-0.723108 1.609707 2.979189
-0.305710 1.037747 2.978255
-0.303501 1.454911 2.955548
2.744616 0.972628 1.227146
2.667865 0.986604 0.140230
3.122105 0.930359 0.005624
-0.650703 2.997461 2.979815
-0.962305 1.617117 2.974313
-0.378300 0.097576 1.037579
0.335073 1.772270 0.002447
-1.537145 2.211572 2.991336
1.601766 2.514908 0.011363
1.698239 -1.698631 0.412743
-0.843271 2.170435 2.968582
2.507066 -1.054973 0.551776
1.544938 1.537939 0.911030
-0.586325 1.868619 2.930876
-0.345673 0.983623 2.996832
-0.715453 2.023122 2.968296
-0.732462 2.630353 2.945721
2.918622 0.133333 0.004171
2.709858 1.022914 0.014513
1.781129 2.455067 0.024154
2.323797 2.929735 0.036657
-1.327866 2.181864 2.998730
-1.419799 2.589998 2.983830
0.670511 1.727443 0.002584
-0.743012 2.069885 2.948596
-0.797259 1.571613 2.952088
2.672003 -1.175154 0.092614
2.595372 -1.114251 0.024065
-0.590425 1.920983 2.950958
-0.620418 1.607458 2.991134
1.770376 1.706020 1.160769
-0.614449 2.574455 2.925198
-0.766217 1.970942 2.965483
2.917941 1.030451 0.002430
-0.540899 2.898721 2.996298
1.542451 -1.958896 0.843805
2.460474 0.278744 0.003593
2.097123 0.926146 0.002498
-1.397803 2.137947 2.987980
-0.650226 0.056421 1.061497
-0.316617 0.067656 0.220207
-1.578506 1.588451 2.995124
-2.262043 -2.763372 2.996871
1.546621 -1.960517 0.798138
3.116073 2.801312 0.019432
-0.795854 2.319903 2.911423
-0.843926 1.917230 2.986448
1.754971 -1.787524 1.451175
-0.644703 1.866642 2.964668
-0.159789 0.832534 2.992362
-0.183692 1.298464 2.985588
-0.180886 1.800331 2.994871
-0.693005 1.867799 2.959920
-0.572610 2.951321 2.986047
2.733199 0.985646 0.127664
1.551572 1.605135 0.092544
-0.437136 0.108514 1.393770
-2.541795 -2.915837 2.995377
-2.402693 -2.941694 2.995591
-2.032474 -2.831935 2.996491
2.318671 2.558547 0.013368
-0.792373 2.224802 2.937422
-0.838055 1.467744 2.983720
2.939451 0.966707 0.017418
-0.646256 1.921691 2.947785
-0.145838 1.309798 2.991052
-0.095807 0.850960 2.990860
2.659841 0.970663 1.119133
-0.144222 1.863141 2.974063
-0.628215 2.428800 2.914933
-0.816719 1.886058 2.971408
-0.755536 1.403370 2.991532
-0.540012 2.835351 2.940169
-0.788992 2.971978 2.985934
-1.385963 1.876759 2.995986
-0.549397 0.104838 1.132097
-0.477449 0.110731 1.098232
-0.701632 1.321386 2.971415
-0.127641 1.261526 2.978630
1.714183 1.713304 0.938132
-0.057270 2.279121 2.993175
-0.661064 1.797104 2.971155
3.009839 1.068416 0.008708
-0.717664 1.372731 2.993020
-0.751981 2.362243 2.999663
-0.910973 1.380549 2.980692
-1.254539 1.891376 2.987599
-0.507511 0.112273 1.077114
-0.058288 -2.157137 1.284096
-0.060644 -2.143675 0.665686
-0.460696 0.115271 1.044663
-0.610179 0.101514 1.340829
-1.381812 1.373453 2.994831
1.459727 -0.254887 0.003854
1.262907 -0.043708 0.072977
1.492506 -2.010979 1.188290
2.542799 -1.094055 0.015042
-0.551893 1.327341 2.957741
1.501125 -2.938366 2.995757
2.557573 0.973813 0.847017
-0.042273 1.213051 2.985039
-0.058224 0.762231 2.982603
-0.492854 2.343086 2.929467
-0.584441 1.839993 2.968887
3.199559 0.935917 0.001217
-0.692316 1.685231 2.976628
2.603938 -0.723714 0.309837
-1.340728 2.142849 2.990297
-0.363319 0.096968 1.428892
-0.417844 0.111030 1.060463
-0.584471 0.101755 1.433872
-1.285865 1.734794 2.999449
-0.560896 1.740580 2.992899
-0.549887 1.220860 2.981532
2.796720 0.985812 0.527593
-0.424306 2.239507 2.945059
-0.482179 1.787766 2.989958
-0.451858 1.368971 2.985070
-0.571363 2.394382 2.936307
2.972599 0.959581 0.039056
2.989179 1.087963 0.010130
-0.050010 -2.169806 1.368353
0.166740 -2.095771 1.090062
-1.214701 1.216821 2.993598
1.754740 -1.748910 1.338111
-0.603363 1.236590 2.958655
2.549546 0.773280 1.456768
2.525392 0.793626 0.779111
-0.490714 2.258283 2.963317
-0.461984 1.273656 2.981093
3.006618 0.982777 0.005461
1.664732 1.723880 0.175525
-0.665138 2.205747 2.958349
-0.617828 0.104134 1.404214
-0.083329 -2.131385 1.018380
-2.240822 -2.453886 2.997931
1.045037 1.783984 0.000934
2.537456 -0.727831 0.031414
1.617590 1.721739 0.138935
-0.470259 1.637590 2.985964
-0.461097 1.125973 2.968784
-0.367949 2.203421 2.976456
-0.424632 1.592987 2.961264
3.460941 2.811060 0.027553
-0.450996 2.203725 2.963653
-0.514906 1.738386 2.974297
2.633598 -1.125291 0.028288
-0.055027 -2.180604 0.915701
-2.320158 -2.876574 2.996469
-1.186427 1.122715 2.989008
1.075336 0.049383 0.633817
-0.439387 1.077801 2.967216
1.572167 1.700632 1.021180
2.565743 0.733250 1.453512
-0.498937 2.619615 2.981877
-0.399528 1.633429 2.994267
1.675386 1.733866 0.120267
0.063901 -2.110916 1.479445
1.111134 -0.210544 0.102937
-1.077753 1.143552 2.984706
-0.380278 1.591652 2.988507
-0.320315 1.189357 2.957465
1.565107 1.701158 1.199216
-0.421493 2.501718 2.953967
-0.502097 2.159058 2.996079
3.122415 1.157943 0.008242
3.194816 2.873089 0.035406
2.214072 1.807475 0.013961
0.462320 -2.988531 2.996735
1.596588 -2.112573 0.009017
1.612628 -1.689291 0.412392
-0.274363 0.983821 2.957170
-0.428731 1.590331 2.945482
-0.524258 2.507818 2.954928
3.006432 0.196252 0.000854
-0.925861 1.868394 2.954367
1.545005 -1.881659 0.695912
1.948542 -1.832460 0.014821
-2.056297 -2.910263 2.998980
-0.372181 0.098096 1.370353
1.417627 -0.216243 0.004684
-0.948119 1.036897 2.985108
-0.105677 0.978512 2.977106
2.675770 0.978793 0.822175
-0.387959 2.564716 2.964092
-0.258504 2.101734 2.972375
1.626877 1.726471 0.188077
-0.875818 1.035331 2.998470
0.898398 2.599236 0.002481
-0.868246 1.498382 2.989639
1.716276 -1.693416 0.404487
1.200423 0.050388 0.772393
-0.189535 0.942332 2.973162
2.711944 0.983196 0.087629
-0.247447 2.407601 2.963542
1.705962 -2.420870 0.018092
1.226907 -0.000389 0.159413
-0.830578 1.005902 2.952001
1.391026 2.132794 0.007784
1.383929 2.663677 0.021703
1.542579 -1.879184 0.852780
-0.126166 0.936506 2.990649
-0.189157 1.445950 2.971252
2.805864 -0.690699 0.629124
-0.180239 2.416279 2.978548
-0.164355 2.012814 2.999974
-0.164932 1.505127 2.988397
-1.445688 -2.508941 2.999635
-1.428488 -2.941070 2.996829
-0.914922 -2.638466 2.997632
1.292187 -0.065933 0.072816
-0.918138 0.940036 2.993629
-0.246273 1.384918 2.998658
2.719301 0.987986 0.253146
-0.387847 2.322004 2.960971
1.496781 2.018724 0.002580
1.710565 -1.690571 0.298536
2.024043 -1.967722 0.057783
-0.302568 1.051181 2.980908
-0.143445 1.439555 2.986960
-0.095488 0.993083 2.981561
-0.022465 1.953179 2.991700
-0.031525 2.415163 2.998807
-0.316924 1.579219 2.987423
-1.406155 -2.554545 2.997074
-0.829350 1.720921 2.988384
-0.663981 0.795568 2.989269
-0.049959 0.829874 2.998682
2.550302 -0.936321 1.113144
2.663132 0.984014 0.432570
0.124792 2.342228 2.992365
-0.193869 2.309204 2.950240
2.161323 2.080139 0.010010
-1.103942 -1.582951 2.999848
-0.994409 -2.158584 2.998557
-0.626083 1.266896 2.987734
0.123939 1.902104 2.992559
2.048737 2.199424 0.017785
-0.675979 -1.801780 2.996482
1.488832 2.616207 0.017729
-0.015170 2.316153 2.997596
0.706832 -2.701868 2.997667
-0.046399 -2.769267 2.996166
-0.563321 0.591425 2.983074
-0.419380 1.111285 2.969048
-0.262316 0.324201 2.995933
1.559760 1.547698 0.405046
0.199023 1.251187 2.988947
0.101766 0.692380 2.997319
1.555568 1.526900 0.769486
-0.016958 2.208847 2.970948
-0.711356 1.474490 2.991709
1.256552 -0.543897 0.004573
1.626416 2.019725 0.007646
1.711353 1.401089 0.256937
-0.069100 2.152793 2.969995
1.672367 2.546415 0.021491
-0.374158 0.661247 2.993582
1.728608 1.409008 0.208262
1.109359 0.179354 2.998655
0.896313 1.110096 2.898866
2.554008 0.945984 1.212685
0.025226 2.159340 2.987070
0.228167 1.203168 2.998124
1.682904 1.758523 0.194446
0.894066 -2.878621 2.995222
1.276021 -0.076628 0.173313
1.561072 1.478910 0.074080
1.800437 1.814972 0.112146
1.803687 1.400258 0.904107
0.915193 1.126746 2.870407
-0.412912 1.033473 2.996666
-1.560942 -2.109703 2.997774
1.255141 -0.586318 0.000830
2.611040 0.981594 0.858851
0.955317 -1.908502 2.998854
2.677537 -1.188462 0.021590
1.547064 -1.988864 0.658190
1.263964 -0.054607 0.119415
1.292744 -0.116556 0.121118
1.704246 1.794729 0.054540
2.605634 0.984930 0.097171
1.574467 1.701716 1.147297
0.846439 1.528011 2.993593
2.676446 0.977815 0.796836
1.179955 -1.842381 2.999078
1.791578 -2.854100 2.999752
1.287014 -0.107012 0.151962
0.148028 2.391259 1.399844
2.093314 2.947474 0.021737
-0.259461 0.034972 2.993073
3.055181 -0.861588 0.001086
0.879479 1.176500 2.841404
0.817033 -1.999129 2.999700
1.781581 1.864464 0.126515
-0.878642 -1.623550 2.997716
1.657013 1.416031 0.158240
-0.412647 1.291502 2.977222
-0.313795 0.463157 2.999889
1.053553 1.505707 2.999673
0.984025 1.134458 2.826784
1.049849 -1.954021 2.997556
2.987180 1.382347 0.006813
1.547262 -1.804811 1.381111
-0.844302 -1.552195 2.999931
-1.741384 -2.697097 2.999345
1.547995 -1.885970 0.963319
2.661605 0.987639 0.349149
1.745208 1.400377 0.711860
1.712123 1.406560 0.630873
1.959266 1.431161 0.264083
-0.558159 -2.556506 2.999153
-1.136854 -1.674677 2.998142
1.600256 2.726041 0.017556
-0.796792 -1.628088 2.994296
2.640306 0.632039 0.001769
1.731239 1.402200 0.655210
1.162645 0.460513 2.995644
1.166817 1.410653 2.975473
-0.933182 -1.639161 2.996945
-0.935880 -2.207501 2.993119
-1.744890 -2.580961 2.998150
1.237989 -0.160474 2.994413
1.998279 1.440208 0.091848
-1.520192 -2.521542 2.996187
1.155082 1.363978 2.974673
0.734900 1.337692 2.998485
3.381134 1.141196 0.007666
2.040663 1.461261 0.115449
-0.394207 -2.184683 2.999061
2.103382 1.487740 0.069786
0.107523 0.576727 2.985427
1.022519 -2.145663 2.995800
2.626055 -0.767866 1.429354
1.091621 1.085869 2.819618
2.596799 0.936791 1.184446
1.185673 1.316281 2.950333
0.940032 1.251413 2.784183
1.254568 0.811333 2.979391
0.845296 1.109801 2.941729
2.550379 -0.946976 1.073907
1.838731 1.401883 0.622193
3.236523 1.162004 0.005734
-1.505078 -2.354459 2.998786
-1.338705 -2.620832 2.998782
1.419516 -0.144236 2.999127
2.601482 0.939357 1.182748
1.251852 1.320023 2.980525
1.325702 0.869932 2.975185
1.409592 0.321074 2.993463
3.254685 1.162840 0.002437
1.921139 1.422460 0.253411
1.880118 -1.777400 0.058126
-1.456741 -2.823687 2.995335
1.386694 0.771320 2.971402
1.415480 0.270114 2.984209
1.553866 1.629889 0.686737
-0.019533 0.241983 2.989653
0.906937 1.263114 2.880752
0.799369 -0.102259 2.994739
1.533145 -0.031452 2.996615
1.442460 0.826540 2.985880
1.496554 0.172948 2.978928
3.408837 1.225299 0.000854
1.657870 1.840487 0.172826
1.632393 1.805335 0.098426
1.628705 -1.746498 1.200006
2.557641 -0.885453 0.142205
1.434101 1.697245 2.992694
1.400469 1.232032 2.965952
1.458899 0.878031 2.966380
1.203769 1.386185 2.953773
-0.937068 -2.929901 2.997074
1.632952 1.842642 0.212164
0.136685 0.128605 2.997846
2.854943 -0.698554 0.572255
2.557591 -0.948352 0.877214
0.909642 1.159436 2.869049
1.484238 1.708341 2.988235
1.526572 1.255712 2.983438
1.499743 0.793398 2.955072
1.534654 0.276233 2.993532
1.365426 1.293822 2.965420
-0.517708 -2.566109 2.995157
0.519859 -2.411878 2.997610
0.510657 -2.925283 2.998535
0.888382 1.131999 2.901891
1.033641 0.019675 2.979751
1.460115 1.201780 2.975958
1.075323 1.102585 2.851293
1.553999 0.798591 2.997107
1.509953 1.665473 2.998302
1.461259 1.194124 2.955782
0.882213 0.053481 2.987390
1.425657 -2.584872 2.990290
2.861898 -0.702427 0.291069
3.149707 1.141471 0.000842
0.890454 1.153037 2.921968
1.560156 1.262304 2.984702
1.538671 0.695398 2.995795
-0.248619 -2.001644 2.993948
-0.192054 -1.990376 2.995764
0.255514 -2.950332 2.987124
0.964794 1.159621 2.936276
1.568258 1.616175 2.986767
1.520640 1.196844 2.971047
1.615079 0.750500 2.995128
2.550356 0.946958 0.923260
0.883645 1.520408 2.986027
0.077589 -2.047253 2.994069
0.096665 -2.478619 2.989806
1.049704 0.067385 2.993444
1.559068 1.151127 2.976799
1.485357 1.095584 2.924077
1.540106 0.698258 2.926924
0.982841 1.540682 2.988395
3.273536 0.578497 0.007276
-0.332584 -1.568189 2.998413
-0.124990 -2.001275 2.997225
-0.552903 -2.117678 2.996251
2.600146 -1.074465 0.135343
0.926506 -2.418258 2.993882
1.059873 0.122466 2.996388
1.112026 -0.243180 2.989607
1.583209 1.677656 2.993398
1.651221 0.807903 2.970428
0.893916 1.580729 2.990748
3.376753 1.174922 0.001436
0.070267 -2.091607 2.996414
2.898973 -0.763313 0.107497
3.359977 0.565916 0.003273
1.024863 1.121263 2.827397
1.050149 0.623184 2.998953
1.140969 0.130672 2.998459
1.692625 1.755383 2.933244
1.661109 0.704958 2.999000
1.662924 1.162992 2.966658
1.219392 1.157620 2.869187
1.176935 0.676315 2.992911
1.018024 1.124706 2.914005
0.277821 -2.487486 2.999402
-0.898279 -1.540745 2.998333
1.182515 0.538854 2.988257
1.071197 -0.029278 2.992258
1.750443 1.066539 2.980054
1.758394 0.609594 2.989172
1.110145 1.082750 2.924594
2.560969 -1.059578 0.088183
0.308813 -2.052829 2.998622
0.366646 -2.434984 2.996453
-1.004224 -1.661819 2.997976
3.405561 1.750270 0.024040
0.995350 1.133862 2.862878
1.144178 0.087019 2.999434
2.551138 0.801515 0.981994
1.732203 0.603909 2.994237
-0.940343 -2.023873 2.994057
-0.608479 -2.512227 2.999432
2.892642 1.059107 0.017173
0.506446 -0.414386 2.994788
1.159893 0.033386 2.987385
2.553577 0.746417 0.913906
1.337808 0.493594 2.997158
1.143383 0.995860 2.985467
1.546222 -1.810509 0.725555
-0.953326 -2.528921 2.996667
-1.008595 -1.482864 2.997046
-1.032559 -1.607603 2.999252
1.137027 1.080320 2.820986
1.935070 1.441052 2.987591
1.841204 0.514345 2.989946
1.194867 1.471562 2.974457
1.160411 1.076012 2.841653
-0.616490 -2.007043 2.999170
-1.437168 -2.881866 2.987164
1.264528 1.053112 2.960698
1.125666 0.044885 2.987020
1.924015 1.454691 2.989023
1.408925 0.857319 2.987618
1.361114 0.546029 2.984715
1.851171 0.982082 2.985777
1.152110 1.010116 2.965314
1.148101 1.431551 2.989916
-1.036669 -1.545596 2.998585
1.206801 0.993402 2.966451
1.087851 -0.104578 2.973275
1.969584 1.441468 2.997201
1.296780 0.502216 2.991017
1.837885 -0.173952 2.994721
1.791301 0.982900 2.968981
1.278715 1.434371 2.996150
1.293874 0.964262 2.968575
1.176689 0.401133 2.998205
-0.680403 -1.541039 2.997098
-1.378518 -2.000819 2.998634
-1.469638 -2.467048 2.990064
1.207578 -0.114944 2.997889
1.968493 1.393677 2.990334
1.900609 0.888981 2.999935
1.889306 0.930592 2.965174
1.297718 0.863372 2.999320
1.152483 -0.094693 2.998879
1.256469 -0.207335 2.992368
1.134685 -0.269469 2.987038
2.655845 0.678034 0.868340
2.070675 1.285572 2.993599
1.873648 -0.213356 2.999273
1.885033 -0.525200 2.989999
2.008569 1.346710 2.990494
1.946750 0.778390 2.993828
1.317182 0.813670 2.981868
1.258695 1.377244 2.965344
1.145720 -0.110084 2.984699
3.019324 -0.902773 0.036669
2.851604 -0.724239 0.869168
1.597631 1.234636 2.985628
1.491110 0.819854 2.988364
2.107240 1.296227 2.998007
1.404030 1.289201 2.988742
1.389381 0.924073 2.970971
1.536748 -1.767651 1.284286
2.931463 -0.809235 0.154166
-0.302763 -2.092166 2.998548
2.712254 1.089437 0.008351
1.548540 1.246845 2.999000
2.104197 1.188937 2.992603
2.027231 0.745725 2.985281
1.923237 -0.302638 2.998819
1.485382 1.259876 2.998867
1.465881 0.873271 2.940652
1.809062 -2.812844 2.993500
1.334857 1.226632 2.956075
3.333317 0.484263 0.001255
0.553823 -0.501164 2.997920
1.301642 0.249872 2.973401
1.622802 -0.759946 2.998747
3.060436 -0.934619 0.004867
0.095333 -2.137428 2.997277
1.426442 -0.290133 2.998255
1.392864 -0.580291 2.942245
2.231031 1.158868 2.987511
1.604998 0.680896 2.970398
1.462624 0.732146 2.996159
3.351708 1.936580 0.010082
0.991624 -0.313586 2.992509
1.677765 0.531874 2.998113
1.594188 0.226702 2.993287
-0.025927 -2.107402 2.996964
2.927841 0.671129 0.038268
-1.734802 -2.856453 2.996655
1.612257 1.162590 2.995001
1.203469 -2.839429 2.999033
1.443817 -0.335082 2.981389
1.283296 -0.715240 2.992960
1.663241 1.206882 2.956599
0.124171 -2.126824 2.995312
2.570925 -1.076312 0.154121
-1.508189 -2.913316 2.999547
2.851666 -0.731593 0.801700
2.429660 1.013797 2.987718
1.728741 1.120527 2.993815
2.109573 0.811422 2.982138
1.579723 0.696039 2.989458
2.555623 -0.879893 1.242874
0.689464 -0.146695 3.000000
-1.580932 -2.678638 2.994283
-1.830299 -2.708238 2.998631
3.032340 0.698050 0.007572
-1.539974 -2.289701 2.998614
2.557716 -1.056434 0.326748
1.311164 -0.392650 2.972142
2.133373 -0.463386 2.994323
1.711253 1.152974 2.949660
1.712114 0.594934 2.983157
0.493871 -2.185717 2.999464
0.432379 -2.674603 2.988716
2.567617 -1.064046 0.237399
-1.881961 -2.910497 2.998542
2.897887 -0.777714 0.047578
1.530115 0.191160 2.996624
2.471121 0.906331 2.993391
2.360882 0.965555 2.992336
1.612505 0.649187 2.969906
1.482780 -0.271597 2.989900
-1.915797 -2.375085 2.997608
-2.426246 -2.784054 2.991514
3.018251 -0.901276 0.053825
1.023386 -0.283152 2.994530
2.516702 0.787440 2.998091
2.055219 0.733309 2.999072
2.099391 -0.572719 2.993641
1.509313 0.085493 2.990803
-2.092135 -2.375900 2.999440
-2.631610 -2.640135 2.993985
2.560551 -0.826383 0.271105
2.559108 -0.920470 0.936211
1.927344 -0.696678 2.992209
1.799894 0.517860 2.999243
-1.835475 -2.397315 2.998858
-2.311745 -2.740021 2.991302
-2.840181 -2.859060 2.999471
1.851225 -1.697704 0.042487
-0.565693 -1.677760 2.999791
1.839875 -1.751557 0.727600
1.574013 -0.002337 2.967695
2.589552 0.689911 2.995597
1.864871 -0.966729 2.990510
1.014887 -0.227413 2.996959
1.846624 -1.766378 0.680049
-1.408789 -2.973996 2.998157
-1.341553 -1.906055 2.998349
-1.779480 -2.157573 2.996004
1.563478 0.108285 2.999797
2.629031 0.650672 2.995211
2.710612 -0.733736 1.139474
1.562902 0.006559 2.978112
2.550730 -0.941580 0.210153
-1.510270 -1.891943 2.996582
-1.928250 -2.767574 2.994977
-1.986387 -2.550530 2.992918
2.862479 -0.741347 0.179528
1.009086 0.762727 2.987545
1.857365 -1.948218 1.396223
2.046587 0.890463 2.993877
2.651910 1.158493 2.994016
-2.315205 -2.291668 2.997260
-2.612774 -2.693561 2.986135
-2.024313 -2.665197 2.995251
2.553885 -0.784709 0.974175
1.582382 -0.056464 2.964255
2.663414 0.510467 2.990367
2.554315 -0.802081 0.943578
1.521678 0.011324 2.976968
2.091854 0.889275 2.984496
3.010826 -0.872104 0.180370
-0.827898 -1.507954 2.998035
-1.047476 -1.874909 2.997151
-1.301483 -2.308677 2.996443
-1.626950 -2.953588 2.988909
0.776605 1.240612 2.973436
1.487756 -1.901255 0.047875
-2.768664 -2.705382 2.997815
3.106583 -0.958670 0.058473
2.134262 0.884747 2.996847
1.270008 -0.381596 2.996709
2.749072 0.459380 2.994408
1.893993 -0.782354 2.991205
1.623119 -0.025533 2.993183
1.507820 0.115507 2.996588
0.825048 1.179544 2.919883
1.150548 0.604863 2.991155
1.592123 -0.195284 2.923809
1.268928 -0.499752 2.981952
1.480676 -0.081786 2.997700
2.991981 -0.842119 0.141704
0.829619 1.178744 2.893433
2.139215 0.705095 2.999662
1.185911 -0.452352 2.969116
1.109102 -2.921972 2.996395
2.742462 0.320054 2.998118
1.741300 -0.790390 2.990547
1.521320 -1.204740 2.988502
1.475504 -0.031165 2.973720
1.248489 -0.449551 2.995643
-0.867060 -1.317476 2.996454
-1.545386 -2.173493 2.991007
2.553536 -0.979196 0.548596
2.796628 0.267381 2.997191
1.452938 -1.259518 2.996143
-1.323472 -2.191185 2.998339
0.842687 1.207025 2.876894
0.969406 0.342877 2.982774
1.138964 -0.452334 2.975695
1.650082 -0.893830 2.991067
1.661701 -1.756591 1.193299
2.668165 0.586201 2.988806
2.235077 0.700716 2.984915
1.196878 -0.389662 2.986875
1.846996 -1.766575 0.481979
-0.766708 -1.476263 2.998989
-1.362539 -2.328693 2.998633
2.917640 -0.769660 0.006176
-0.945212 -2.966119 0.547513
0.922257 1.300065 2.871940
2.788911 -1.429247 0.011736
1.184119 -0.317381 2.991097
1.648684 -1.765450 1.201825
2.750113 0.045362 2.999507
1.454770 -1.151523 2.984947
1.244212 -0.390249 2.999236
0.969143 1.272422 2.849024
-3.380347 -2.850761 2.998277
-2.751911 -2.820606 2.991598
1.156838 0.553161 2.995077
1.532931 -0.063018 2.987740
1.634560 -0.986016 2.989844
1.176700 1.188181 2.827048
0.830104 1.209597 2.915856
0.979543 1.323782 2.920654
1.054449 0.523894 2.999359
1.136698 -0.328155 2.979504
1.542506 -0.188930 2.960205
2.345713 -0.387171 2.998747
1.557553 -0.946880 2.991189
3.115137 -0.857812 0.047257
1.542080 -0.141237 2.971194
2.391453 -0.349670 2.985121
1.887344 -0.626278 2.990363
1.554273 -0.950990 2.995547
2.266273 -0.574434 2.995158
1.833473 -0.739777 2.998802
1.344289 -0.968334 2.995696
2.734277 -0.354989 2.990663
1.357583 -0.952359 2.998994
1.094679 -0.324421 2.990401
1.876414 -1.977932 0.017721
-0.178145 -2.262762 0.003435
1.080806 0.365837 2.998557
0.838385 -0.118998 2.993632
1.194766 -0.281564 2.992137
1.795794 -0.720522 2.964690
2.761896 -0.490445 2.995666
2.270190 -0.650171 2.987371
0.898656 1.212723 2.791383
-3.351217 -1.275129 0.319517
1.171250 1.231488 2.845907
1.472769 -1.986521 0.012392
0.952062 -0.287664 2.980473
2.670039 -0.619141 2.982778
2.173447 -0.673139 2.970753
1.651508 -0.681942 2.951616
1.351886 -0.909689 2.993363
1.160273 -0.180028 2.999703
-0.560117 -0.188616 1.301892
-3.402936 -0.837721 0.416267
-3.362329 -1.327378 0.166050
-3.230406 0.008650 0.780983
-3.476568 -1.787201 0.618282
1.441176 -0.174099 2.995174
0.983392 0.035570 2.992445
2.562514 -0.730886 2.996979
2.128287 -0.752899 2.973752
1.596826 -0.725412 2.975606
1.204845 -0.853998 2.980889
-3.357840 -1.259579 0.016479
-3.099361 0.010336 0.291781
-3.488545 -2.362767 0.099128
1.547517 -1.747281 0.918800
1.005111 -0.398803 2.977704
2.522216 -0.758859 2.985890
1.599702 -0.733443 2.938275
1.046796 -0.783353 2.995804
2.024043 -0.789155 2.985931
-3.286717 -1.911068 0.270136
-3.421388 -0.351012 0.103879
-0.301078 -0.007386 0.964578
-3.415695 -0.372812 0.087814
-2.940680 -0.142383 0.114184
0.555068 -0.393732 2.993852
1.822424 -1.752272 1.023863
2.483132 -0.853177 2.997979
2.090870 -0.745543 2.992500
1.987217 -0.856556 2.994820
1.199983 -0.796874 2.982874
-0.295830 0.018811 1.399093
0.867018 1.215287 2.870521
-3.134150 -0.169350 0.314361
-3.468793 1.745984 1.495605
-3.470201 -0.709568 0.044953
1.689728 -1.753983 1.005687
2.053374 -0.688787 2.980077
2.426806 -0.944399 2.973270
1.947138 -0.896567 2.993438
1.553214 -0.775429 2.962972
1.156326 -0.741495 2.971450
2.596882 -1.333518 2.984266
2.526221 -0.815129 2.994127
1.548555 -0.212618 2.975654
1.157390 1.298470 2.875914
-3.486338 1.473405 1.785684
-3.376520 -0.379698 0.039479
-3.106947 -0.320427 0.040178
-3.411721 1.758424 1.367766
-3.232032 -0.138337 0.933963
1.529601 0.565805 2.989417
1.104533 -0.078813 2.988553
1.620819 -1.752678 0.924568
2.416525 -0.839933 2.979064
2.378442 -1.036204 2.960948
1.898009 -0.892675 2.971575
0.901777 -0.396115 2.997869
1.456489 -0.725016 2.958769
2.348880 -0.946325 2.992347
1.994489 -0.707721 2.957734
1.985294 -0.311629 2.992616
1.550778 -0.148567 2.982590
0.143719 -2.287204 0.020879
-3.001162 -0.363500 0.008656
-3.330767 -0.417575 0.130484
-3.352959 1.742804 0.867160
-3.333285 1.507386 0.542760
-3.464448 1.570946 1.733469
-3.314834 1.481573 1.261387
-3.142570 -0.334234 0.071686
-3.351052 0.037847 0.345278
2.428344 -0.794467 2.988988
2.810171 -1.502468 2.996608
2.298655 -1.095961 2.958271
1.316413 -0.795979 2.996211
1.798820 -0.764418 2.979460
2.442771 -0.887875 2.993170
2.412751 -0.391949 2.994552
2.945888 -0.887840 2.996120
0.911642 1.420402 2.943576
-3.420822 1.487851 1.285796
-3.329912 1.490702 1.224372
-0.562167 -0.199875 0.770233
1.685578 0.461828 2.999622
2.236138 -1.140918 2.955126
0.821596 -0.366597 2.992896
1.780788 -0.963764 2.968147
1.356485 -0.813438 2.981071
0.872480 -0.801660 2.965622
2.260737 -1.040473 2.963353
2.338172 -0.481237 2.996838
1.949635 -0.373761 2.990823
2.770690 -0.946583 2.996145
-3.479738 1.680657 1.492331
-3.090741 1.555643 0.665529
-3.406242 1.558900 0.094658
-0.603152 -0.195137 0.173320
-3.283492 1.512556 0.121746
-0.338779 -0.207572 0.913630
1.592258 0.567016 2.992953
-3.402786 -1.936739 0.547865
1.433368 -0.211987 2.988977
1.770125 -1.750647 1.068125
2.120317 -1.139273 2.952127
1.837364 -0.488220 2.993490
0.771218 -0.393853 2.985568
1.658396 -0.972188 2.988808
1.261645 -0.844175 2.983223
0.864813 -0.771011 2.971285
2.166737 -1.146173 2.987321
1.759669 -0.802873 2.970362
0.758112 -0.348655 2.999649
2.873342 -0.981446 2.999007
1.461362 -0.114747 2.980903
3.194527 -1.165105 2.997228
-3.138075 -0.045518 0.774559
-3.191094 -1.197809 0.041192
-3.064216 0.014192 0.053328
1.148826 1.346615 2.915797
-3.385461 1.504231 0.732571
-0.688648 -0.181803 0.081804
-3.317518 1.499614 0.351250
-0.304454 -0.106331 0.771376
-3.342725 -1.855457 0.175165
0.142149 -2.323292 0.125754
2.167392 -1.186966 2.967886
1.072444 -0.073744 2.984440
1.717517 -1.018459 2.986158
1.225582 -0.812673 2.970832
0.824866 -0.718758 2.981987
0.523637 -0.712980 2.990125
1.635329 -1.750427 1.091929
2.460491 -1.684679 2.994851
2.138530 -1.198242 2.977306
1.428296 -0.734707 2.939539
2.717803 -1.033158 2.985512
2.476343 -0.409283 2.994708
-3.233344 -1.087657 0.133325
-3.316190 -1.213891 0.279616
-2.905804 -0.110456 0.307570
1.940694 -1.914529 0.003727
-3.325358 1.886871 0.424834
1.930790 -1.880011 0.033508
-3.400372 1.493648 0.800936
-0.412617 -0.190451 0.941261
0.813463 1.170156 2.957099
-2.975006 -0.312346 0.087983
1.212593 0.607789 2.990420
-3.401556 -1.201714 0.173189
-1.268633 -2.948431 0.539962
-0.978746 -2.945534 0.519484
1.626570 -1.754894 0.993740
2.092732 -1.191074 2.977534
1.581187 -1.023797 2.987483
1.172633 -0.811861 2.986839
2.144303 -1.635748 2.998167
0.786232 -0.709111 2.975570
2.445698 -1.801261 2.999654
1.285604 -0.761323 2.978454
1.918178 -0.418116 2.984774
1.477844 -0.207166 2.972552
1.707720 -1.750719 0.854532
3.111397 -1.298545 2.999475
-3.390362 -1.185459 0.406316
1.701782 0.415290 2.976261
-0.421749 -0.197116 0.951432
-3.428988 2.171775 0.720338
-3.416173 1.727404 1.435927
2.015762 -1.188672 2.990973
1.079199 -0.743562 2.989270
0.732284 -0.653693 2.981294
1.975221 -1.206331 2.974523
0.789769 -0.234577 2.997034
0.623142 -0.579418 2.995973
2.300378 -0.528894 2.979312
1.478117 -0.174443 2.974466
2.684115 -1.068793 2.982962
-3.295859 -1.356795 0.300956
1.694103 0.407518 2.982706
-2.978504 0.020466 0.108168
-2.897899 -0.754578 0.055301
0.839205 1.266267 2.979981
-3.459813 1.760748 1.426463
-3.124590 1.569963 0.607485
-3.184811 1.712629 0.392298
-3.478637 1.575259 0.069350
-0.672974 -0.193474 0.106645
-3.400140 2.615890 0.258604
-0.635839 -0.189854 0.120539
-3.466276 2.163706 1.006594
-0.315726 -0.082569 1.015971
1.386700 0.571161 2.994782
1.606924 -1.017218 2.983774
1.136723 -0.733881 2.997616
2.007031 -1.685920 2.990994
1.932297 -1.257206 2.954872
1.529248 -1.055068 2.995076
1.128127 -0.786158 2.983189
0.727126 -0.638436 2.982008
1.733652 -1.751424 0.990975
-3.352804 -0.534513 0.220481
-3.195330 2.661503 0.244167
-0.527424 -0.209059 0.599185
1.382352 0.677007 2.992198
-3.355754 -0.400099 0.142553
0.186166 -2.183931 0.034883
1.781379 -1.750162 0.951637
-3.495286 -1.759502 0.084880
1.513031 -0.919041 2.962716
1.908626 -1.309682 2.973538
1.438798 -1.029736 2.979429
0.737257 -0.240041 2.995028
2.394426 -1.209750 2.996662
1.336065 -0.232206 2.983541
2.660305 -1.281933 2.944662
-3.260747 -1.058385 0.269307
-3.465214 1.613314 1.657278
-0.366245 -0.196403 0.404967
-3.417940 2.746218 0.036399
-3.263811 1.735587 0.642605
1.123909 0.510172 2.999227
-0.314014 -0.069134 1.221319
-3.320175 -0.146451 0.743355
2.257752 -0.738387 2.994626
1.779150 -0.588198 2.975788
2.188006 -1.612789 2.992489
1.351255 -0.245023 2.987537
1.843225 -1.354263 2.957585
1.466976 -1.058067 2.971928
0.681127 -0.589345 2.987738
1.290489 -0.279840 2.942239
-3.352217 -1.870602 0.536778
2.467004 -1.523202 2.989848
2.505442 -1.327120 2.991662
2.220816 -0.738239 2.990222
-3.388757 -1.320273 0.023690
-0.510137 -0.199183 0.612800
-2.903738 -0.251824 0.281475
-3.307568 1.524222 0.474405
1.207888 1.262405 2.880134
1.114355 1.206392 2.918293
-3.495261 2.606149 0.517166
-3.398708 1.945308 0.676983
1.410723 0.584061 2.999458
-3.284603 1.511430 1.517224
2.123151 -0.856943 2.989723
-3.460754 -0.940379 0.471848
1.314339 -0.188936 2.990803
1.009693 -0.007525 2.998998
2.079231 -2.835592 2.996577
1.769660 -1.401670 2.947484
1.396026 -1.082227 2.981580
1.046109 -0.730358 2.967080
1.993887 -2.010550 2.996380
1.649541 -0.703412 2.960335
2.356397 -1.427170 2.996030
2.153835 -1.288032 2.965693
2.098693 -1.313413 2.996258
2.199905 -0.826193 2.997632
-0.302110 -0.004536 0.597927
-3.129036 1.658985 0.285813
-3.358231 1.739653 1.115631
2.130328 -0.846255 2.992670
-0.578032 -0.218748 1.043032
1.688780 -0.640698 2.978380
1.733480 -1.451989 2.980695
1.455337 -1.010048 2.979127
1.665185 -1.457368 2.954509
1.314422 -1.129148 2.995032
0.645927 -0.534641 2.990336
1.907489 -1.404777 2.962299
1.975200 -1.232245 2.943263
1.844028 -0.622407 2.996484
1.399202 -0.359499 2.963125
2.301292 -1.495937 2.990402
-0.300710 -0.078560 1.307359
-3.394215 -0.337266 0.177334
-3.367057 1.770033 1.225836
-3.433664 1.996322 0.000957
-3.150905 2.582166 0.180572
0.941240 1.392508 2.925098
-3.108391 1.627923 0.320437
1.583372 0.424129 2.963967
1.518112 -0.334454 2.972058
1.750745 -1.443900 2.981973
1.534488 -1.043262 2.974813
1.663871 -2.951542 2.994347
1.782068 -1.839494 2.988091
1.772581 -2.159457 2.995458
1.645321 -1.505357 2.956063
1.249700 -1.161298 2.988299
0.548860 -0.505332 2.988989
1.610850 -1.119126 2.991866
1.691131 -1.409639 2.973805
2.061632 -1.034978 2.984985
1.799778 -0.667133 2.988808
2.109234 -1.539190 2.956754
2.422714 -1.345988 2.996165
-3.441671 -1.359660 0.125468
-2.219906 1.773414 0.285741
-2.464876 1.596590 0.116148
-0.351878 -0.204159 0.384946
-0.607742 -0.213230 0.217126
1.716767 -1.750371 1.053310
1.637006 0.514003 2.998282
1.031750 1.314726 2.973833
2.466491 -1.319567 2.999861
2.205347 -1.669001 2.999384
1.745267 -0.679603 2.988249
1.446027 -0.385864 2.958339
1.068390 0.057212 2.986161
1.705099 -1.884492 2.989202
1.520782 -1.557574 2.958840
1.165140 -1.109266 2.977838
0.550875 -0.497159 2.998981
2.001477 -2.567587 2.993864
1.530668 -1.520486 2.972493
1.389630 -1.100061 2.965726
2.021922 -1.598903 2.955026
1.932432 -1.496097 2.945051
-2.836605 0.047162 0.070623
2.455151 -0.739359 2.995995
-2.250060 1.580438 0.236921
-0.307299 0.003642 0.503807
-3.307401 1.884144 0.321561
-2.952171 -0.075063 0.127484
2.032339 -1.088387 2.995448
1.435367 -0.397098 2.947925
-3.104900 -0.147885 0.778379
1.945363 -1.551064 2.995948
0.007366 -2.106564 1.083655
0.932383 -0.769943 2.978808
0.561742 -0.449778 2.993349
1.622193 -1.476330 2.974817
1.971967 -1.129813 2.983516
1.462280 -0.344080 2.983955
2.143374 -2.990687 2.992222
2.109107 -1.708936 2.967932
2.323022 -1.516886 2.995005
-3.475237 -0.236523 0.386581
1.687481 0.148556 2.928482
-0.457153 -0.203072 0.551726
0.075804 -2.100881 0.025572
3.449323 -2.945524 2.999536
-0.383688 -0.206159 0.439697
-2.203297 2.665907 0.001384
1.651646 -1.755921 0.862051
-2.660115 2.751335 0.003415
-3.169308 2.594421 0.131518
1.412111 0.760207 2.994932
1.422161 -1.561497 2.958637
1.617293 -1.156119 2.965544
1.503179 -0.856430 2.983025
1.470257 -1.582369 2.985461
1.992451 -1.792530 2.998850
1.116773 -0.042353 2.990736
-3.155148 -0.287622 0.280549
-3.452708 -0.704372 0.270622
2.098461 -0.862546 2.997502
-0.305705 -0.001671 0.720116
-3.498077 2.121634 0.004101
-2.973526 0.099779 0.287031
-3.452998 -1.613356 0.185530
1.352747 -1.607556 2.963069
1.715472 -1.241875 2.971005
1.594379 -0.881779 2.994633
1.377271 -0.490988 2.963852
0.829044 -0.768220 2.978264
1.713820 -2.030262 2.996349
1.425521 -1.655644 2.960758
1.219523 -1.119299 2.982372
1.785299 -1.543690 2.932499
1.622092 -0.882946 2.985228
1.320902 -0.448664 2.976112
-3.106501 -0.349062 0.198324
-2.194725 1.583022 0.268237
2.016526 -1.226413 2.989002
-0.298910 0.104467 1.415571
-3.144480 -1.076439 0.083575
1.876714 -1.673983 2.998938
1.772748 -1.229224 2.967456
1.582115 -0.838747 2.992741
1.374358 -0.486570 2.944083
-3.400996 -2.071666 0.534867
1.288910 -1.623535 2.995272
1.846982 -1.245247 2.970273
1.651902 -0.841322 2.979596
-3.422238 -1.793231 0.099192
1.958955 -1.884128 2.988183
1.932064 -1.626101 2.998113
1.529723 0.443436 2.991365
2.077969 -1.118124 2.992641
1.936891 -1.908766 2.996922
1.611006 -0.840214 2.982655
0.983876 -0.047864 2.982537
-0.602098 -0.213998 1.207891
-3.162582 -0.144779 0.889854
1.256498 -1.657014 2.966704
0.973751 -1.177757 2.990877
0.773439 -0.786804 2.993637
1.733405 -2.413159 2.996884
1.519329 -0.786757 2.993839
1.182333 -0.412336 2.998502
-3.354232 -0.429748 0.242113
-3.142903 -0.903066 0.331523
2.061737 -2.299605 2.973929
2.085734 -1.062801 2.976305
-2.993948 2.760514 0.128457
-0.420962 0.186421 0.110187
1.262506 0.376632 2.987284
-3.468375 -0.532410 0.246750
-3.354673 -1.382412 0.174631
1.676179 -1.655482 2.985475
1.495418 -0.898136 2.986593
0.886380 0.044498 2.996462
0.712076 -0.782140 2.995198
1.496132 -2.036146 2.984274
1.195873 -1.660650 2.976700
0.905656 -1.233531 2.996996
1.536656 -0.836834 2.988917
0.936230 -0.115703 2.991473
-3.295413 -1.169423 0.180507
1.899918 -2.145548 2.984136
1.760894 -1.878793 2.971840
-2.869188 -0.101423 0.351630
1.936062 -1.227443 2.979976
1.131601 1.333703 2.999426
-3.159752 2.717448 0.224899
-2.336650 1.870573 0.302832
0.803595 1.137497 2.953434
1.894918 -1.193567 2.989139
1.739622 -0.832824 2.998527
-3.134474 -0.291070 0.279927
0.879478 -0.054786 2.998941
1.141855 -1.668980 2.990026
0.784209 -0.874639 2.968741
0.899532 -1.231289 2.985533
0.590554 -0.796205 2.997845
1.698305 -1.875754 2.987077
1.682939 -1.717611 2.975796
1.612939 -1.267522 2.986812
-3.245276 -0.060133 0.699695
-3.391719 -0.565365 0.264524
-2.976021 -0.674354 0.047586
2.029163 -1.642084 2.996003
0.887913 1.190691 2.885418
-2.949534 2.735942 0.004542
-2.985324 -0.174132 0.025642
1.472347 -0.827642 2.997475
1.054744 -0.500844 2.958492
0.881641 -0.004822 2.979456
-3.239741 -0.126888 0.763722
0.982067 -1.109577 2.986644
0.995236 -2.064100 2.999731
1.156841 -1.608363 2.976141
1.696028 -1.815250 2.973606
1.703586 -1.185791 2.979942
2.154364 -1.228855 2.997226
-0.601926 -0.222855 0.387261
1.103288 1.294870 2.949391
-0.303048 0.046764 0.569833
-2.044907 2.275652 0.001274
-0.302760 -0.136511 0.112152
-0.601410 -0.220261 0.485205
1.782664 -1.262163 2.996910
-3.262667 -0.966118 0.066780
-3.460588 -0.477498 0.241976
1.212585 -1.634820 2.994117
1.051384 -1.706308 2.991728
0.788838 -1.283972 2.999820
0.185717 -0.449348 2.998339
1.328013 -1.349232 2.943591
1.227043 -0.959274 2.978385
1.002460 -0.506307 2.988607
1.606918 -1.881446 2.989791
1.448931 -1.647208 2.951645
1.329102 -0.883521 2.976196
1.094508 -0.403129 2.972773
-0.602804 -0.219275 1.097260
-3.119801 -0.352505 0.115119
-2.706326 2.713086 0.005526
-0.301151 -0.124309 0.085601
1.132774 1.316678 2.886198
-0.602032 -0.224197 0.330758
-3.261543 -0.309900 0.023098
1.329094 -0.834247 2.995637
1.106415 -0.443226 2.966208
0.735214 -0.061833 2.990943
0.969991 -1.656516 2.998063
0.833571 -1.169743 2.993195
0.650862 -0.830300 2.974907
0.729506 -1.285363 2.986040
0.500174 -0.849404 2.989141
1.248585 -1.555434 2.971021
1.445589 -1.647218 2.949029
1.290654 -0.887404 2.974661
1.007820 -0.435774 2.976422
1.792890 -1.719884 2.987259
2.133027 -1.489500 2.987117
-2.650192 2.721022 0.008584
-0.574380 0.332673 0.005764
-2.612478 2.572304 0.000807
-0.313323 -0.025359 0.811123
0.098706 -2.103019 0.413005
1.599411 -1.278008 2.974243
1.999180 -1.280882 2.989419
1.296050 0.278955 2.979791
-0.302985 -0.123452 1.343952
-3.296299 0.005096 0.683432
1.389204 -1.661542 2.988897
1.431911 -1.715339 2.992080
0.680759 -0.016128 2.991164
1.079001 -2.080330 2.997994
0.677886 -1.281422 2.983157
1.207377 -2.871510 2.987030
1.322463 -0.944737 2.963768
1.805621 -1.725673 2.999198
1.511965 -1.853618 2.963167
-0.296981 -0.204639 0.939102
-0.570942 0.350935 0.032314
1.231316 0.227580 2.984726
1.445484 -1.338092 2.988971
-3.402556 -0.341518 0.179018
1.498360 -1.969208 2.986371
1.013704 -0.452561 2.962865
0.637765 -0.058480 2.994522
1.102562 -1.644972 2.997225
1.006119 -2.091530 2.998826
0.936403 -1.686032 2.976381
0.640713 -1.321808 2.985939
1.257806 -0.929178 2.979058
-3.470174 -0.331184 0.128638
-2.899948 -0.853300 0.034034
2.036285 -1.482229 2.987146
-0.450193 -0.194876 0.108317
-1.773252 1.940229 0.002862
0.982187 1.436643 2.957371
-2.602508 2.491504 0.015438
0.904015 1.256589 2.926850
-0.317845 -0.200876 0.798662
1.575535 -1.747862 2.992757
1.455401 -1.325569 2.978651
0.832006 -0.560449 2.958640
0.996576 -2.110016 2.995179
0.877219 -1.689862 2.975438
0.585426 -1.279314 2.993560
0.737042 -2.181747 2.998601
0.423133 -0.939190 2.962554
0.093707 -0.512996 2.997097
0.787943 -1.735396 2.994571
0.919347 -0.537431 2.999876
-3.174337 -0.195786 0.901391
-3.310046 0.092192 0.282631
-3.478379 -1.352890 0.350638
1.382335 -1.905754 2.973574
1.735027 -1.729288 2.997907
-3.499979 -0.317100 0.015146
1.842068 -1.335125 2.984686
-2.042540 1.897540 0.248208
-0.534524 -0.194941 0.067128
-1.223482 1.792359 0.000972
1.176502 0.284633 2.984010
1.503026 -1.310946 2.988392
1.110868 -0.943671 2.987073
0.661048 -2.902636 2.998250
0.828055 -1.770558 2.991945
0.774398 -0.663042 2.946272
0.834374 -1.739773 2.984167
1.155569 -0.948962 2.988039
0.923172 -0.557197 2.982904
1.409528 -2.094096 2.998736
1.471885 -1.368284 2.972815
-0.301476 -0.204484 1.245919
-0.449356 -0.207101 1.261808
-0.368541 -0.200095 0.920547
1.551818 -2.050058 1.301976
-0.400583 -0.204254 0.843101
0.094575 -2.101698 0.288725
-0.297036 -0.200061 1.201583
1.370108 -1.425798 2.989050
1.160215 -1.001217 2.986473
0.898493 -0.496574 2.972268
0.620191 -0.108696 2.989560
1.098234 -1.503424 2.992513
0.754648 -0.566272 2.943379
0.516952 -1.379362 2.995085
1.023902 -2.204434 2.994323
1.072296 -0.997706 2.994425
0.834073 -0.600695 2.985681
-3.341085 -0.557728 0.221596
1.378592 -2.115449 2.991715
1.905685 -1.708802 2.998941
1.632611 -1.429965 2.983605
-0.423550 -0.193768 0.879260
1.229863 1.253608 2.821609
-0.592282 -0.199503 0.665050
1.855390 -1.740350 2.998607
1.323522 -1.429578 2.987852
0.915244 -0.483957 2.985007
-0.595234 -0.198166 1.235466
-3.268321 -1.153787 0.026170
-3.361353 -1.239572 0.213699
-3.371372 -1.698836 0.127554
0.852344 -2.223210 2.997138
1.150408 -1.871239 2.995944
1.114996 -1.480234 2.997469
1.015866 -1.053937 2.995867
0.501309 -0.113329 2.985356
0.195215 -0.878369 2.990132
1.264415 -1.439064 2.969278
1.060531 -1.042095 2.979029
1.126642 -1.891704 2.974836
-3.063990 0.084883 0.284018
1.391434 -1.351134 2.974345
1.321844 -1.036048 2.987533
-0.425218 -0.200288 0.875501
1.070602 1.208086 2.868994
0.094532 -2.530898 0.006201
0.043381 -2.093908 0.043840
1.416161 -1.478326 2.989467
1.269363 -1.017544 2.999508
1.172591 -1.474209 2.991457
1.022570 -1.045473 2.980711
0.748887 -0.552924 2.975913
0.599834 -0.211163 2.979524
0.360916 -1.379929 2.984209
0.169130 -0.934391 2.997265
0.417378 -2.095485 2.997953
0.807620 -0.659316 2.980471
1.130802 -2.052098 2.999590
-2.897607 -0.831987 0.066726
1.229293 -1.491121 2.993212
1.130310 -1.038694 2.988653
1.767953 -1.762368 2.998642
0.120631 -2.447201 0.083984
1.498933 -1.426588 2.992353
1.591140 -1.508212 2.983314
-2.806903 -0.050635 0.188756
0.868035 -1.093885 2.998460
0.473342 -0.310893 2.969013
0.986219 -1.891116 2.999767
0.191841 -1.033406 2.964180
0.863536 -1.113616 2.979925
0.447023 -0.250434 2.996924
-2.995840 -0.167250 0.847396
1.167037 -1.532733 2.956999
-3.450588 0.066609 0.282718
0.145916 -2.396102 0.110801
-0.308504 -0.008230 0.607541
-0.631406 -0.180609 0.205570
1.331931 -1.675898 2.991117
1.279487 -1.488496 2.984305
0.904819 -1.094826 2.999194
-3.474173 1.662993 1.567099
0.810711 -2.341072 2.988505
0.132293 -1.045949 2.986086
1.140131 -1.975382 2.998595
-3.013866 -0.168733 0.011244
1.239645 -1.524023 2.990988
1.149189 -1.134686 2.986914
-0.600099 -0.217746 0.812528
1.727733 -1.797801 2.996107
1.208587 -0.327235 2.991838
-0.748821 -0.093386 0.093979
-3.277863 1.493570 0.334192
1.385510 -1.458753 2.990632
-3.371085 1.482482 1.112466
1.214954 -1.989128 2.998919
1.118971 -1.561704 2.999393
0.571616 -0.708498 2.962339
0.374711 -0.255264 2.987400
-3.339278 -1.686519 0.132631
0.422901 -1.418615 2.998547
0.291365 -1.486567 2.990353
1.122193 -1.534711 2.964868
-3.312945 1.482847 1.092925
1.674445 -1.787536 2.996246
-3.447317 1.527361 0.362778
-3.476903 1.669914 0.001734
2.251662 -2.741232 2.997938
0.937149 1.323175 2.950577
-0.678060 -0.139455 0.161603
-0.051438 -2.184488 0.039884
0.590265 -0.769495 2.941925
-3.203422 -1.008330 0.305500
-3.415111 -1.305545 0.007954
0.316981 -0.357629 2.978285
0.720176 -1.216993 2.975609
-3.445037 -1.168596 0.419242
-3.459227 -2.998971 0.132137
0.847449 -1.143212 2.996353
0.612892 -0.708822 2.995656
-3.348574 1.523744 1.739260
-2.856517 -0.239211 0.288058
1.662789 -1.902618 2.999794
1.320832 1.456983 2.991501
1.214608 -0.630741 2.987096
-0.386712 -0.213466 1.176444
0.988420 -1.554877 2.993958
0.844549 -1.204158 2.992649
0.155368 -1.486785 2.983219
1.088988 -1.583813 2.975632
0.778446 -1.111207 2.995816
-2.982086 -0.349685 0.158748
1.573465 -1.795099 2.991404
1.641170 -1.214177 2.999319
1.079200 -0.381491 2.997707
-3.397830 1.529347 0.334299
0.137955 -2.499893 0.043801
-3.045761 1.527160 0.514729
-3.237491 1.491430 0.424494
-3.434656 1.720317 1.453195
-2.964193 -0.358133 0.235184
0.496740 -0.764397 2.957237
0.333839 -0.348103 2.981007
-3.316844 -1.659085 0.090981
-0.003777 -1.141801 2.990556
1.046129 -1.603758 2.994170
-3.003833 -0.351074 0.256459
1.592589 -1.204557 2.989593
-3.350845 1.472281 0.947241
-0.416435 -0.200348 1.113054
-3.191527 1.763218 0.405398
-0.598186 -0.197614 0.584347
-3.269985 1.507885 0.226261
-3.454046 1.566427 0.220025
0.968865 -0.376218 2.973898
-3.406948 1.495229 0.909323
-3.198633 -1.112525 0.161276
0.916877 -1.585153 2.993981
-3.463644 -1.848492 0.057020
0.461414 -0.810639 2.937667
0.227447 -0.403859 2.967556
0.406735 -1.965872 2.995574
0.088744 -1.534765 2.985134
0.686100 -1.158223 2.998849
0.996643 -1.537550 2.984065
0.172275 -0.373022 2.995617
-2.859466 -0.355566 0.206451
-3.288667 -1.241977 0.264487
-3.348940 1.726452 1.194575
-3.385864 1.502880 0.966162
0.775639 0.027366 2.999381
-3.454813 1.630530 0.028737
1.544202 -1.145278 2.986581
0.918714 -0.327087 2.990119
-3.310441 1.480068 0.610153
-3.016247 -0.341323 0.249726
0.660463 -1.104694 2.998197
0.368478 -0.703524 2.984084
0.125624 -0.307465 2.963270
0.028959 -1.537891 2.990674
-0.222182 -1.078156 2.989050
0.030545 -0.346653 2.992391
-3.404395 -1.224278 0.138798
0.934283 -2.222986 2.999361
-3.095659 -0.357986 0.178793
-3.111361 1.556919 0.752340
-3.263611 1.505087 0.468825
-3.381420 1.593270 0.001855
0.918806 1.266980 2.821931
-3.455532 1.863269 1.335589
0.641325 -1.214723 2.996537
0.367716 -0.811664 2.950552
0.014586 -0.352098 2.992186
-0.163039 -1.086657 2.991481
0.128885 -1.587803 2.991589
0.865229 -1.586710 2.985386
0.330206 -0.731860 2.964328
0.079836 -0.260320 2.999332
-3.352435 -1.256419 0.183837
1.391527 -2.426161 2.995717
-3.245378 1.822230 0.454514
-0.605433 -0.213693 1.266566
0.094184 -2.100633 0.754522
0.787347 -1.589857 2.999201
-3.458549 -1.060233 0.039335
0.323499 -0.762044 2.937922
0.054994 -0.306382 2.965472
-3.304208 -1.069327 0.528004
-3.436927 -1.996207 0.361043
0.155130 -0.775213 2.919888
-0.277651 -1.137686 2.991663
0.210282 -1.913118 2.984956
-0.022544 -1.551370 2.981627
-3.295328 -1.699153 0.401567
-3.249848 -1.925607 0.471080
-3.417605 1.613245 1.559273
-3.140316 -0.352702 0.247452
1.218668 -1.899693 2.991800
1.403381 -1.781815 2.998508
-3.299295 1.863887 0.782682
1.384565 -1.164283 2.985471
-0.488732 -0.204710 1.010999
0.689084 0.056249 2.991404
-3.140435 1.454673 0.449947
0.820087 -1.552501 2.997373
-3.472287 1.711270 1.505685
-3.115296 -0.369937 0.198632
-2.989673 -0.816541 0.067526
0.372276 -0.695693 2.984582
0.020266 -0.242050 2.987799
0.381957 -2.333611 2.999650
0.177102 -1.971317 2.997330
0.255911 -0.753709 2.975593
0.002739 -0.409368 2.954329
-0.044160 -1.534312 2.990432
-0.321517 -1.028412 2.972852
0.031329 -1.460553 2.991763
0.579516 -1.166974 2.996935
0.197383 -0.729814 2.968291
0.898256 -2.002899 2.998505
-3.283821 -0.461130 0.246173
0.954957 -1.487917 2.989326
0.971907 -1.014804 2.961495
-3.424134 1.880287 1.194496
-3.333246 1.983386 0.292403
0.598791 0.043562 2.999700
0.214396 -0.721068 2.941994
-0.105471 -0.406031 2.965930
-0.325671 -1.195696 2.984453
0.428258 -2.436555 2.993122
-0.058478 -1.600615 2.979301
0.666763 -2.181862 2.997832
1.010233 -2.047710 2.996340
0.645785 -1.147846 2.989645
-3.199550 -0.348444 0.188431
1.859762 -2.044909 2.996993
1.290473 -1.846024 2.997234
1.629623 -1.662979 2.996625
1.368053 -1.220534 2.991166
0.813636 -0.442037 2.998274
-3.261374 1.851400 0.529906
-2.956265 2.744252 0.072489
1.200519 1.124565 2.817142
1.300747 -1.264479 2.992667
-3.358797 1.479259 0.708503
0.076598 -0.818836 2.928142
-0.078560 -0.345141 2.971021
0.113676 -2.028912 2.995702
-0.172819 -1.639593 2.972028
-0.396908 -1.191161 2.982237
0.052213 -1.977158 2.980696
-0.082343 -1.585810 2.953883
0.530840 -2.162351 2.999789
-0.196674 -0.414476 2.986145
-3.458002 -1.005519 0.485649
0.857751 -2.078978 2.993274
1.264491 -1.298692 2.993826
0.908564 -1.152922 2.985475
-3.189964 1.622817 0.745317
-3.248303 1.895580 0.275307
-3.138694 2.650945 0.177063
-2.120913 1.991742 0.075968
-3.309518 1.469000 0.313765
1.174575 -1.927417 2.998322
0.048223 -0.819530 2.917522
-0.171757 -0.407391 2.948002
0.008883 -2.088694 2.995564
-0.432057 -1.175780 2.981016
-0.768900 -0.802275 2.998842
-0.028335 -2.087241 2.976539
-0.187074 -1.585255 2.943419
-0.498270 -1.184466 2.990081
-0.733058 -0.887875 2.995718
0.203057 -1.341585 2.981983
0.048682 -0.970254 2.981833
0.859518 -2.115171 2.991133
1.170678 -1.324561 2.997281
-3.254098 1.452364 0.397944
-3.343246 2.001864 0.297302
-0.307716 -0.129316 1.288599
1.081312 1.392907 2.998589
-2.080072 1.576682 0.148183
1.152394 -1.352801 2.997860
0.417696 -0.189559 2.992796
-3.411527 1.920771 1.116075
-3.453024 1.514107 0.788498
0.556588 -0.955439 2.983327
-3.399032 1.563023 1.696353
0.063415 -0.808526 2.950358
-0.156338 -0.503253 2.944982
-0.370851 -1.223349 2.957478
-0.072541 -2.094301 2.993101
-0.520350 -1.241064 2.986175
-1.055207 -0.646390 2.793570
-1.059716 -0.532856 2.895647
0.412332 -2.914482 2.998586
0.440031 -2.112657 2.999330
-0.188766 -0.510175 2.974071
-3.452256 1.660303 1.605531
-3.423467 1.485081 1.547635
-3.290398 1.448924 1.308684
1.117584 -1.351836 2.996594
-2.883943 1.602104 0.000482
-2.872599 2.843267 0.156740
1.685034 -2.901190 2.994805
-3.252114 1.718966 0.727890
-3.337427 -0.313604 0.064852
-2.899430 -0.156622 0.358150
0.195046 -1.377254 2.997512
-0.047099 -0.964305 2.939363
-0.361236 -0.506191 2.938390
-0.154172 -1.681913 2.992661
0.075719 -2.533040 2.987888
-0.149182 -2.085271 2.964677
-0.305946 -1.629821 2.939372
-0.594884 -1.166953 2.978219
0.108300 -1.322572 2.990631
-0.094974 -0.843389 2.979047
-3.486551 -1.350636 0.308244
-3.341386 1.496678 1.735360
1.050889 -1.414820 2.998082
-3.246169 1.616018 1.017045
1.477215 -2.936071 2.993083
-3.292969 1.953605 0.325472
-0.019555 -2.155197 0.720187
-3.343359 2.645577 0.004853
-0.047779 -0.810129 2.923392
-0.174702 -2.142560 2.965637
0.020366 -1.431346 2.965841
-0.021677 -0.930043 2.978992
-3.247471 -1.138140 0.310822
-3.413507 1.516367 1.055792
-3.343384 1.908489 0.717117
-2.784754 -0.286476 0.094573
-0.236670 -0.596242 2.945447
0.029206 -2.580230 2.991546
0.036109 -2.169450 2.993056
-0.067279 -0.921715 2.981325
1.021774 -1.453933 2.999404
-2.178417 1.562245 0.236388
-3.289287 1.974859 0.008232
1.302337 -1.895919 2.999679
0.419520 -0.632945 2.986637
-3.399520 1.497630 1.292428
-3.395498 -0.377316 0.193429
-0.160579 -0.911650 2.944849
-0.127500 -2.129050 2.999334
-0.238340 -1.122138 2.933788
-0.703402 -1.268300 2.992511
-0.858529 -0.882539 2.984744
0.286134 -2.362388 2.997910
-3.483664 -0.348147 0.154443
0.929698 -2.065685 2.994052
-3.169657 1.565385 0.844704
2.050462 -2.580093 2.999110
-2.572090 1.674053 0.045672
-3.350479 2.055419 0.005749
-3.302366 1.880525 0.509937
0.539863 -0.626972 2.995682
-3.315178 1.471785 1.031270
-3.417673 1.846069 1.294971
-3.021590 -0.724135 0.049780
-0.256675 -2.139296 2.966209
-0.681599 -1.363490 2.971139
-0.227168 -2.235870 2.970913
0.071470 -1.471303 2.997530
-0.160273 -0.933567 2.956638
-3.349066 1.733571 1.258038
-3.093122 1.617654 0.410668
-3.321480 1.967675 0.416838
-2.621455 1.772982 0.016025
-3.442889 2.910141 0.037910
-3.191384 1.679608 0.543914
0.468168 -0.520453 2.998803
-3.398652 1.907781 1.038892
-0.556576 -1.772554 2.944805
-0.288320 -1.308075 2.911226
-1.084536 -0.681544 2.780385
-0.039765 -2.642355 2.992909
-0.434958 -1.728494 2.957145
0.236827 -2.412474 2.999915
-0.250969 -0.982382 2.970196
-0.015915 -2.178427 1.458018
-3.343979 1.471706 0.711147
-3.164656 1.474722 0.221359
-3.222243 2.613747 0.065393
-2.600160 1.765445 0.054098
-2.313478 1.818595 0.281595
-3.299716 2.730028 0.110741
-3.292521 1.488143 0.139227
-3.323396 1.455872 0.787683
-0.016951 -0.154667 2.991240
-3.152412 -0.169288 0.464017
-0.312440 -0.953265 2.901683
-0.191353 -1.456094 2.993964
-0.399254 -1.052389 2.898512
-0.501452 -1.813212 2.927506
-1.080166 -0.883485 2.980296
-0.531574 -1.826239 2.956283
-0.736400 -1.321661 2.991050
-3.397272 -1.305526 0.389444
-3.412006 -1.806351 0.093987
0.808477 -1.465183 2.992701
0.279727 -0.699995 2.991206
-3.348049 1.702374 1.210896
-3.019785 -0.145220 0.306168
-3.214466 1.476529 0.634377
-3.371907 1.911888 0.850371
-3.416361 2.043374 0.976446
0.845646 -1.432136 2.991205
0.250582 -0.514435 2.991264
-0.210290 -0.994626 2.944225
-0.484765 -0.533492 2.949375
-0.413027 -0.996130 2.927522
-0.570329 -0.779563 2.947041
-0.666492 -1.769681 2.963867
-0.861273 -1.401228 2.961185
0.160887 -1.802374 2.992553
-0.106733 -1.511199 2.980240
-0.691202 -0.626547 2.985869
-3.270183 1.485964 0.540870
-3.205948 1.652900 0.668362
-3.328403 1.677523 1.138860
-0.271674 -0.159578 2.977764
-0.203280 -1.034314 2.977406
-0.029767 -1.845226 2.998872
-0.519934 -1.040540 2.899667
-0.676579 -1.755705 2.909494
-1.284797 -1.016419 2.996382
-1.267177 -0.931517 2.982735
-0.815093 -1.444392 2.991976
0.409322 -2.216965 2.999073
1.188797 -2.927269 2.998546
-3.398974 1.980387 0.801267
-3.049712 1.633861 0.191476
-0.020194 -2.206676 1.151487
-3.321740 1.896452 0.557036
-0.015915 -2.204603 1.328643
0.164345 -0.665192 2.982892
-0.154411 -0.303049 2.995481
-0.683720 -1.813835 2.940689
-0.880010 -1.389067 2.930314
-1.310205 -0.968289 2.987533
-0.637437 -2.550811 2.999245
-1.008624 -1.349539 2.974631
-1.268246 -1.052676 2.993458
-0.188488 -1.505244 2.987072
-0.673014 -0.695955 2.985029
-3.339350 1.940146 0.581764
-3.224000 1.454148 0.225915
-0.017926 -2.200968 1.206369
-3.055852 1.669496 0.186703
-3.326239 2.054734 0.041276
2.338740 -2.318099 2.999956
-3.410767 -0.199014 0.752285
-0.590327 -1.141689 2.888328
-0.829210 -0.715209 2.964007
-0.535774 -2.236563 2.967531
-0.871123 -1.755670 2.958071
-1.069180 -1.436426 2.999360
-1.425076 -1.071338 2.998100
-0.770728 -1.855335 2.909029
-0.396834 -1.507378 2.962174
-0.683336 -1.093223 2.937664
-0.832934 -0.774123 2.974917
0.272974 -2.246567 2.998215
0.006359 -1.822224 2.996941
-0.517678 -1.023248 2.975100
-3.195052 1.754908 0.508095
-3.491163 1.531723 0.400131
-0.278801 -0.252085 2.981026
-3.330052 -0.109533 0.699814
-3.290199 -0.838136 0.301659
-3.370591 -1.242452 0.033631
-0.110872 -1.863578 2.994194
-0.559607 -1.034789 2.938987
-0.800996 -0.822459 2.922174
-0.808069 -1.824850 2.984437
-1.427113 -1.039207 2.999289
-0.884356 -1.923952 2.971252
-1.345346 -1.059308 2.975358
-0.870143 -0.926306 2.968734
-0.119908 -1.910663 2.983688
0.254079 -2.294174 2.999821
-3.154602 -0.202589 0.806225
-0.043587 -0.750213 2.988820
-3.329957 1.953325 0.573928
-3.209098 1.728732 0.536946
-3.424609 2.066017 0.777184
-2.967186 -0.047732 0.350636
-0.067158 -1.963900 2.999713
-0.733711 -1.196597 2.894920
-0.951504 -0.815105 2.954635
-0.629850 -2.338304 2.990124
-1.478936 -0.995967 2.993879
-0.946518 -1.854146 2.946635
-1.506215 -1.095241 2.995565
-0.201804 -2.485700 2.997209
-0.280793 -1.975921 2.984867
-1.011968 -0.741137 2.992686
-0.110120 -1.963779 2.982723
-0.560208 -1.038975 2.966698
-3.345678 1.476936 0.953550
-3.117090 1.551331 0.698838
-3.459642 2.745743 0.545158
-3.415588 2.300685 0.490603
-3.328414 1.987652 0.349226
-0.531746 -0.263748 2.953219
-0.685575 -0.013359 2.895024
-3.169245 -1.006495 0.378643
-0.678128 -1.187914 2.895719
-0.505681 -2.105589 2.999101
-0.995194 -0.761021 2.954208
-0.708566 -2.268874 2.936374
-0.944603 -1.839308 2.906225
-0.470074 -1.958239 2.948713
-3.276133 1.726323 0.909718
-3.408062 1.491232 0.660637
-3.170970 1.803795 0.312943
-2.922795 -0.901560 0.066343
-3.190359 -1.069929 0.213216
-0.458625 -1.595833 2.991911
-0.711742 -1.080180 2.904495
-0.905202 -0.703263 2.959989
-0.741620 -2.314021 2.940894
-0.963171 -1.895559 2.923178
-1.583955 -1.000833 2.982517
-0.743066 -1.168825 2.956564
-0.951119 -0.726725 2.995966
-3.385091 -0.644850 0.252853
-0.661054 0.041119 2.999564
-3.471868 1.568769 1.622816
-3.314473 -0.179117 0.293618
-3.442926 -0.285058 0.334302
-2.807812 -0.351741 0.275168
-3.145541 -0.552806 0.015811
-3.194200 1.726081 0.581748
-3.260432 2.586833 0.163950
-3.125212 1.653240 0.396497
-3.393646 -0.233408 0.280418
-0.296108 -0.757293 2.973585
-0.784338 -1.175446 2.943473
-1.071964 -0.743966 2.955684
-0.905045 -1.423467 2.930575
-1.351195 -1.466282 2.971937
-1.668744 -1.092945 2.997229
-1.099470 -0.785958 2.992973
-3.133138 -0.980265 0.151022
-3.261693 1.449966 1.215204
-3.168484 1.846972 0.036314
-3.496665 2.853670 0.752458
-3.383414 2.001788 0.587849
-3.156142 -0.367415 0.181855
-0.219837 -0.810734 2.984850
-3.482850 1.549710 1.745857
-0.580134 -1.704753 2.970260
-0.813447 -1.170563 2.919182
-1.004535 -0.853184 2.944506
-0.893988 -1.331548 2.892025
-1.062775 -1.007654 2.955219
-1.392538 -1.516159 2.974637
-1.627215 -1.044756 2.997547
-0.966909 -2.061823 2.959109
-0.175903 -2.542866 2.997857
-3.415538 -1.783556 0.124446
-3.267641 -1.926371 0.325583
-3.495999 1.547172 0.468982
-3.236685 1.446075 0.552389
-3.169007 -0.219946 0.855996
-0.472640 -2.083700 2.984654
-1.157160 -2.329155 2.998335
-1.322118 -1.933597 2.941600
-1.071958 -1.418540 2.906732
-1.469151 -1.514766 2.966902
-0.503650 -2.070198 2.983931
-0.872329 -2.145765 2.893711
-0.633521 -1.637174 2.947722
-1.134161 -0.765242 2.995407
-2.896862 2.775822 0.105981
-3.408123 2.750042 0.003550
-3.125170 1.439682 0.456816
-3.234670 -0.337885 0.127628
-0.523686 -0.662556 2.927733
-3.156321 -0.249455 0.666734
-0.710433 -1.686113 2.989133
-0.953788 -1.729767 2.959853
-1.119380 -1.211381 2.899411
-1.295426 -1.922091 2.882924
-1.494627 -1.405698 2.929389
-1.027879 -2.854067 2.991340
-1.425256 -1.454556 2.989546
-0.878122 -1.230755 2.967388
-0.603945 -2.164490 2.937842
-3.408889 1.919946 1.173647
-2.948283 2.749829 0.133417
-3.122852 1.656066 0.428972
-3.455186 2.292422 0.746313
-3.173146 -0.355123 0.071021
-3.454674 -1.184699 0.100901
-0.623441 -2.145610 2.964304
-0.832389 -1.210534 2.938462
-1.141086 -0.842076 2.947324
-1.243322 -0.664344 2.990194
-3.476034 -1.951606 0.637054
-0.898285 -1.733409 2.977558
-1.015525 -1.316901 2.910778
-1.433830 -1.880454 2.959748
-1.538553 -1.512832 2.920106
-1.775375 -0.928729 2.987798
-1.250300 -2.359537 2.938227
-1.400792 -1.935815 2.933947
-1.524680 -1.450270 2.989511
-0.855301 -1.743581 2.929818
-1.172534 -0.755386 2.992983
-3.427273 1.940450 1.267900
-3.323914 -0.327079 0.141709
-2.868680 2.349846 0.013456
-3.438768 1.494871 0.265482
-0.463521 -0.962535 2.981577
-3.291210 -0.129709 0.776087
-0.718703 -1.575724 2.997195
-1.064565 -1.203223 2.943501
-1.160471 -0.832982 2.965682
-1.585441 -1.457250 2.969037
-1.328228 -2.409735 2.941886
-0.796141 -2.737576 2.882817
-3.102526 -0.809669 0.022746
-3.225624 -1.150218 0.268620
-3.431549 2.082384 1.062409
-3.460234 2.245011 0.933592
-3.181250 2.926549 0.206195
-3.047388 2.644004 0.177963
-3.368760 2.843913 0.005844
-2.970588 1.990793 0.002181
-2.900954 2.814594 0.031301
-3.019005 0.102190 0.024133
-3.373487 1.923628 0.963251
-3.185846 0.095503 0.285318
-3.156430 -0.824107 0.004011
-3.402241 1.477932 1.433174
-3.221299 -0.234715 0.580747
-0.610402 -1.696349 2.971720
-1.245281 -0.790479 2.943473
-1.553898 -1.931487 2.939849
-1.651492 -1.512712 2.949825
-1.911919 -1.030248 2.993372
-1.336032 -2.359805 2.921597
-1.503274 -1.950939 2.962528
-1.008258 -1.256964 2.960514
-0.823725 -2.131420 2.997055
-1.200771 -0.736036 2.990778
0.285454 -2.772969 2.999137
-2.980819 1.494774 0.201797
-3.283994 2.604104 0.147295
-2.986000 0.304688 0.002477
-2.822836 -0.011797 0.084888
-3.413357 2.139386 0.692332
-3.447846 2.313799 0.804471
-0.386694 -2.205507 2.991569
-0.754161 -2.122761 2.970456
-1.132883 -1.200813 2.933383
-1.354823 -2.794105 2.996065
-1.579239 -1.876263 2.980588
-1.707936 -1.400756 2.938814
-1.592670 -1.938404 2.956281
-1.710510 -1.402280 2.968455
-1.121223 -1.197077 2.970171
-0.719524 -2.116461 2.968664
-1.002956 -1.208171 2.980779
-0.147928 -1.843103 2.996446
-3.178392 -1.099789 0.173557
-3.233500 1.446059 0.543781
-3.416766 2.117110 0.771177
-3.373932 2.799985 0.005635
-3.351815 2.868356 0.040605
-3.417758 2.879388 0.435297
-3.449848 2.608441 0.510166
-3.406884 -0.310573 0.081142
-3.228901 -0.869165 0.048019
-3.398954 1.967086 1.029635
-0.623808 -0.850451 2.983523
-0.728840 -0.394075 2.973495
-3.200182 -0.228124 0.624404
-0.805750 -2.681613 2.763509
-1.069243 -1.620273 2.969972
-0.694903 -1.728602 2.986392
-1.190049 -1.151150 2.939754
-1.393768 -0.657139 2.994908
-1.524339 -2.304008 2.975018
-1.638807 -1.822766 2.979341
-1.769350 -1.346652 2.953311
-1.726469 -1.774719 2.947186
-1.820121 -1.409552 2.954471
-1.219839 -1.940855 2.916924
-1.306152 -1.193151 2.997274
-1.039780 -1.632493 2.938554
-1.193396 -1.092174 2.975501
-1.317767 -0.716410 2.999959
-3.497837 -1.994140 0.270883
-3.128452 -1.103918 0.053800
-3.414616 2.072948 0.986396
-3.206163 1.577982 1.017127
-3.490404 2.798004 0.000641
-2.935698 1.498902 0.007623
-3.023364 1.970785 0.004033
-3.308437 1.443839 0.577329
-0.265726 -1.832459 2.982869
-2.987477 -0.141733 0.327264
-3.043095 -1.554397 0.008358
-0.462072 -0.897503 2.994782
-1.118344 -1.190067 2.945817
-1.427571 -0.611433 2.989504
-1.811807 -2.678862 2.994656
-1.583365 -2.354974 2.946160
-1.706669 -1.892207 2.976518
-1.841662 -1.356342 2.970099
-1.081298 -2.062298 2.955903
-0.977560 -1.638234 2.966342
-1.245505 -1.158907 2.959903
-0.541456 -2.013937 2.998672
-3.249865 1.442575 0.441078
-3.277898 1.432768 0.454546
-3.478261 2.156320 1.200853
-3.308371 1.683123 1.187130
-0.616622 -0.998023 2.983075
-0.778081 -0.504283 2.953295
-3.408617 -1.162849 0.399691
-1.363596 -1.197542 2.917403
-1.465831 -0.781968 2.954740
-1.831485 -2.993489 2.988665
-1.598506 -2.315010 2.977711
-1.897782 -1.353480 2.983431
-1.898071 -2.617876 2.995184
-1.397442 -2.074451 2.859570
-1.246458 -1.737183 2.927408
-1.051245 -1.627138 2.930820
-0.918640 -0.979106 2.997650
-3.493905 1.631585 1.484347
-3.254056 1.690827 0.997434
-3.238622 -1.090718 0.210333
-3.448285 2.207461 1.047619
-3.182473 1.575642 0.457303
-3.392886 2.999203 0.392070
-3.333572 1.444369 0.533565
-3.478682 2.323395 0.912650
-3.044205 -0.326890 0.328866
-3.444515 1.960182 1.276257
-3.439711 -2.213542 0.102876
-1.196328 -2.616775 2.968293
-1.410823 -1.202978 2.889559
-1.429745 -0.729093 2.947055
-1.679763 -2.322588 2.976559
-1.791937 -1.877804 2.920778
-1.922407 -1.354860 2.975943
-1.976005 -2.624153 2.987803
-1.019815 -2.128964 2.979572
-1.134047 -1.676227 2.946755
-1.253676 -1.144599 2.973185
-1.370369 -0.721504 2.992450
-3.117583 -0.365863 0.265236
-3.244297 -1.782675 0.344858
-3.444901 2.191879 1.071098
-3.241962 1.655774 1.013960
-3.202668 1.628055 0.495521
-3.443818 2.731364 0.569056
-0.536356 -0.904968 2.997518
-3.409005 2.051342 0.936068
-3.389454 1.921266 1.119475
-0.656969 -2.010574 2.984507
-3.483501 -1.073182 0.473628
-1.085690 -1.730659 2.956104
-1.391854 -1.254763 2.941510
-1.475589 -0.724362 2.984999
-1.377111 -2.471837 2.992528
-1.750877 -2.739442 2.995398
-1.516326 -1.412999 2.902789
-1.913496 -1.412142 2.947171
-2.126598 -0.893781 2.998951
-2.050667 -2.676146 2.999038
-1.054153 -2.108897 2.940829
-1.434641 -2.185467 2.886988
-1.305364 -2.736354 2.962069
-3.462494 2.247221 1.151790
-3.218407 1.656797 0.511299
-2.539846 1.815943 0.061797
-3.330183 1.577994 0.006538
-0.697699 -1.164709 2.978621
-3.404280 -1.320973 0.339412
-1.286123 -2.159460 2.966395
-1.232277 -1.675148 2.968743
-1.564528 -2.214750 2.994428
-1.471429 -1.633564 2.989263
-1.495904 -1.247141 2.954141
-2.174353 -2.779729 2.999693
-1.877946 -1.779685 2.954085
-1.880123 -1.312633 2.882326
-1.801578 -2.246363 2.931256
-1.725254 -1.981826 2.933720
-1.289278 -1.783528 2.900186
-0.990899 -1.134198 2.999730
-3.355222 -1.165955 0.481901
-0.935293 -1.580845 2.998690
-3.384429 -1.771947 0.150831
-2.923017 -0.164872 0.364471
-3.278753 -0.333802 0.130743
-3.219883 -0.890106 0.094103
-2.942844 2.793769 0.189702
0.926174 1.194089 2.956782
-3.319820 1.962720 0.195317
-3.448777 2.333185 0.751324
-3.267871 1.642375 0.707055
-1.294491 -2.207122 2.985424
-3.437993 1.876440 1.406400
-1.228103 -1.784729 2.947580
-1.301924 -1.237721 2.993922
-1.431401 -0.560494 2.999230
-1.705031 -2.258057 2.983028
-1.415690 -1.152593 2.969243
-1.450350 -0.880948 2.971561
-2.010862 -2.204685 2.952963
-2.007528 -1.722670 2.941186
-2.009237 -1.201054 2.965080
-2.301076 -2.426651 2.995705
-2.488611 -2.928377 2.998956
-2.370015 -2.778040 2.991020
-2.009078 -2.192644 2.939333
-1.360198 -2.682369 2.999656
-1.339313 -2.198894 2.912359
-1.319733 -1.266874 2.945481
-3.462835 -0.251101 0.411549
-3.486235 2.818253 0.697655
-3.498975 2.689565 0.764638
-3.454891 -2.203925 0.072470
-3.468317 2.947007 0.002503
0.766369 -1.666969 2.999547
-2.036186 1.943522 0.000188
-3.444296 1.609434 0.004426
-1.070345 -2.706651 2.958314
-3.230440 1.498348 0.790919
-3.456597 -0.259601 0.361813
-1.326370 -2.234963 2.979402
-1.388541 -1.726683 2.951482
-1.352757 -1.200384 2.981112
-2.106173 -2.157931 2.950983
-2.107651 -1.726411 2.955110
-1.583801 -1.582448 2.933901
-1.534996 -1.315339 2.912997
-2.517877 -2.677306 2.990345
-1.994045 -1.261296 2.944349
-2.009309 -0.653556 2.986199
-2.444495 -2.293703 2.995425
-2.506105 -2.552307 2.965293
-2.121310 -2.119993 2.996202
-1.878258 -1.315132 2.963392
-1.787067 -2.080055 2.878811
-1.465869 -2.225182 2.949105
-3.440517 2.005793 1.253241
-1.469383 -2.701124 2.956711
-3.255340 1.700752 1.003836
-3.447150 -0.220889 0.486515
-3.480908 -1.197522 0.415819
-3.440541 2.370292 0.592280
-3.177261 1.560360 0.349871
-3.366988 -0.299920 0.283141
-3.059505 -0.357229 0.141232
0.585285 -1.998501 2.995693
-3.455193 -2.081865 0.529069
-3.231197 -0.223186 0.547934
-1.950479 -2.668081 2.990955
-1.433269 -1.707943 2.921629
-3.420217 1.920519 1.375970
-2.302705 -2.516718 2.987239
-2.194741 -2.030378 2.943856
-1.783429 -2.017068 2.957927
-1.583093 -1.663786 2.959903
-3.348619 1.482066 1.790609
-2.768003 -2.439197 2.940242
-2.117280 -1.523766 2.987055
-1.993011 -1.153804 2.968428
-2.223861 -1.996482 2.985149
-2.101939 -1.558401 2.956966
-1.951999 -1.202720 2.957551
-1.401361 -1.255302 2.912327
-1.951940 -2.309865 2.954157
-1.227207 -0.890818 2.974315
-3.425303 2.199425 0.927269
-3.136022 1.459946 0.349877
-3.423570 -0.096844 0.303176
-2.810945 2.670302 0.004248
-2.681863 2.335743 0.002853
-2.831134 0.186415 0.191710
-0.064565 2.371939 1.172777
-0.609380 -0.079723 1.426260
-0.667702 2.886663 0.013865
-2.902331 -0.223530 0.284519
-2.795714 -0.310435 0.024334
-3.136681 -1.098162 0.048162
-3.307298 -1.721500 0.187281
-3.464202 -0.060952 0.292522
-2.081351 -2.784935 2.992651
-3.475501 2.387406 0.932303
-3.425534 2.233684 0.870655
-2.481498 -2.314442 2.994939
-2.303711 -1.907765 2.977537
-2.031603 -2.309396 2.996342
-1.526147 -1.675673 2.955064
-2.735868 -2.411700 2.937489
-2.099411 -1.453769 2.983304
-3.009007 -2.257890 2.990057
-2.155080 -1.453329 2.979512
-1.483695 -0.577799 2.989466
-3.006264 -2.748668 2.989655
-1.659695 -2.181974 2.959276
-1.420357 -1.733050 2.871778
-1.338808 -1.163085 2.913594
-3.247165 1.674053 0.985182
-3.245223 -0.162730 0.645195
-2.409587 -2.845509 2.986702
-2.139309 -2.471421 2.952829
-1.928620 -2.468320 2.990313
-1.552817 -2.271761 2.963457
-1.284480 -1.990410 2.904627
-2.848900 -0.060305 0.083766
-3.076482 -0.357528 0.259453
-1.532026 -2.827962 2.994622
-3.292313 -1.682320 0.161959
-0.060018 2.355048 0.899589
-0.068945 2.393947 0.927262
-3.107009 -1.108017 0.026741
-2.891197 -0.050425 0.092625
-0.785168 -1.501117 2.986695
-3.225236 1.685842 0.441219
-1.619925 -2.189210 2.993367
-1.375665 -1.831480 2.977379
-3.440139 2.791311 0.432694
-2.602793 -2.275321 2.996757
-2.363904 -2.468563 2.984892
-1.826840 -2.061809 2.976400
-1.629916 -1.685592 2.912321
-3.423063 2.209696 0.938463
-2.402974 -1.792366 2.961426
-2.144650 -1.459275 2.930504
-2.903631 -2.109316 2.988812
-2.820255 -1.864657 2.996076
-2.367203 -1.797090 2.983198
-2.204346 -1.359487 2.970302
-1.876262 -1.001353 2.955374
-1.835128 -0.588315 2.992463
-2.953015 -2.132521 2.979825
-2.619241 -2.222364 2.980578
-1.841887 -2.048904 2.992405
-1.588120 -1.681426 2.934490
-1.329660 -1.319346 2.913055
-3.435962 -2.905915 2.998000
-2.190567 -2.151749 2.939983
-1.178552 -0.955053 2.983356
-2.357465 -2.631585 2.991332
-2.027709 -2.533265 2.975215
-1.735471 -2.092719 2.922378
-1.397526 -1.739143 2.935472
-3.210559 -0.175551 0.311654
-3.426769 -1.131019 0.454062
-0.606529 -0.163453 1.116216
-0.672746 -1.600057 2.984235
-2.183782 1.588526 0.194669
-3.244822 2.621480 0.104942
-3.432421 2.890144 0.001873
-3.182987 -0.132893 0.512967
-2.451114 -2.511080 2.986775
-1.870495 -2.092777 2.968916
-1.575620 -1.736273 2.947309
-1.100892 -0.852997 2.980120
-3.457764 2.786170 0.675792
-3.095817 1.523514 0.778017
-3.409362 -0.197156 0.734852
-2.446373 -1.743942 2.967941
-3.335777 1.834396 1.174323
-3.418009 2.098360 1.037264
-2.134400 -1.359710 2.942614
-1.942332 -0.934740 2.996042
-3.430295 1.905289 1.402485
-3.050731 -1.944033 2.984904
-2.900693 -1.729288 2.976517
-2.759447 -2.115226 2.991976
-2.501192 -1.696913 2.978894
-3.289492 1.682269 1.090650
-2.393421 -2.138754 2.944093
-1.720236 -1.586090 2.931715
-3.394866 2.426460 0.326482
-1.925287 -2.076699 2.973695
-1.311073 -1.478236 2.928034
-1.291886 -2.457576 2.978247
-3.457315 -1.135433 0.394369
0.116152 2.285555 0.959733
-0.047334 2.357507 0.655260
-0.605938 -0.068284 1.275477
-0.050641 2.373861 0.200476
-0.610972 -0.042310 1.421318
-0.613491 0.033418 1.371803
-3.090709 -0.185747 0.013442
-2.012088 -2.700867 2.987431
-2.602759 2.086516 0.011085
-1.925060 -2.101474 2.984796
-1.679887 -1.601026 2.911904
-3.235544 1.449904 0.386641
-3.240857 1.714407 0.406795
-2.820998 -1.964978 2.996943
-2.476543 -2.144596 2.992505
-1.425908 -1.150087 2.933253
-2.539322 -1.609784 2.971728
-2.188239 -1.229471 2.959832
-3.155641 -1.801083 2.997300
-2.536278 -1.621728 2.941129
-2.193513 -1.260184 2.968303
-2.083622 -1.716610 2.961336
-1.775893 -1.503488 2.982044
-1.466341 -1.068306 2.903636
-3.189309 1.457658 0.496397
-2.737592 -2.149008 2.998265
-2.586568 -2.212471 2.979516
-1.953498 -1.962731 2.988659
-3.348530 1.993206 0.205873
-1.154202 2.115026 0.000278
-0.357426 -0.198853 1.390184
0.118931 2.298333 0.517239
-0.584440 -1.391967 2.964512
-0.051850 2.366259 1.258358
-3.320704 -2.949629 2.996484
-2.023758 -1.912351 2.965242
-2.700863 -2.199661 2.981904
-1.719698 -1.539489 2.984865
-1.368838 -1.226452 2.938666
-3.317847 1.476124 0.912835
-2.543338 -1.497805 2.975827
-2.135276 -1.174242 2.954687
-2.238407 -1.199504 2.945517
-1.932018 -0.852504 2.983855
-1.532973 -1.067459 2.909423
-3.484522 2.556012 0.753445
-2.686911 -2.255392 2.960891
-2.385051 -2.273813 2.977464
-2.485975 -1.750125 2.951169
-2.077958 -1.918132 2.973619
-1.780090 -1.434474 2.923237
-1.421345 -1.118172 2.919816
-0.773724 -0.994005 2.992149
-3.359990 2.864577 0.291920
-3.383956 2.906085 0.008891
-3.348650 -0.105817 0.645866
-3.312551 -2.877489 2.994584
-2.952033 -2.488006 2.992212
-3.074484 -0.356695 0.230722
-3.192866 0.079958 0.306391
-2.468995 -2.969752 2.994173
-0.916754 -1.654096 2.983795
-0.080177 2.378636 0.648244
-0.612617 -0.055255 1.319097
-1.918990 -2.729490 2.997899
-0.631834 2.812995 0.012720
-1.250210 2.077301 0.005597
-2.430622 -2.101955 2.990988
-2.090318 -1.849249 2.974667
-1.924352 -2.199583 2.972113
-1.669824 -2.119935 2.988891
-1.569297 -1.959602 2.967826
0.866425 1.091786 2.846003
-2.477980 1.653218 0.062277
-3.446213 -0.051874 0.289192
-3.061826 -2.293053 2.997958
-1.823881 -1.467313 2.982353
-3.384564 2.972750 0.042471
-3.176151 2.593125 0.067355
-2.600822 -1.411892 2.986294
-1.525198 -1.235619 2.934740
-3.494586 2.816921 0.733220
-3.279491 1.471097 0.718402
-3.182326 -1.425942 2.985122
-2.594256 -1.317975 2.971088
-2.280514 -1.039723 2.951947
-2.387169 -1.648368 2.938180
-1.854068 -1.173501 2.998195
-1.452850 -1.127752 2.963365
-1.187145 -0.870668 2.997303
-3.255250 2.662935 0.045068
-3.484182 2.359198 0.021705
-3.284240 1.851546 0.274277
-3.413578 -0.214655 0.727589
-3.065169 -2.368169 2.995298
-2.720846 -1.928557 2.935332
-2.444319 -2.157572 2.986955
-2.070286 -1.766804 2.960219
-3.394083 -2.659211 2.993831
-1.754123 -1.982100 2.997299
-1.040990 -1.572007 2.970176
-0.074862 2.407980 0.929871
-0.047173 2.360049 0.810753
0.110676 2.284938 0.385577
-0.269471 -1.467356 2.999254
-2.997498 -0.449226 0.071334
-3.487142 -1.106814 0.452202
-0.618686 -0.004311 1.387931
-0.904987 -1.509904 2.919425
-0.750412 -1.382029 2.931641
-3.363134 -0.021731 0.296108
-1.721496 -1.461846 2.969650
-3.232851 1.437318 0.239020
-2.794739 -1.884468 2.988007
-1.172022 -0.915734 2.935533
-3.191045 1.622332 0.827633
-3.472844 2.377117 0.779474
-2.589353 -1.431302 2.985768
-2.227280 -1.273795 2.966878
-2.994525 -1.616096 2.983133
-2.642719 -1.305756 2.976649
-2.285299 -0.944495 2.973516
-3.416340 2.000366 1.115997
-3.449462 2.280923 0.864998
-3.470282 2.584176 0.705827
-2.238738 -1.467613 2.943707
-1.936158 -1.334144 2.903814
-1.594350 -1.133734 2.987713
-3.174901 1.513339 0.758164
-3.360183 -0.097880 0.666734
-2.801791 -1.841085 2.979371
-2.139981 -1.861915 2.964527
-2.484359 -1.632128 2.948121
-1.405262 -1.084878 2.948597
-2.871406 -2.538702 2.997740
-1.882954 -1.964085 2.996925
-0.066276 2.360253 1.045250
-3.021907 -2.829340 2.991666
-2.326238 -2.479751 2.975137
-2.074111 -2.466432 2.994221
-2.102835 -2.244480 2.993230
-1.603009 -2.003764 2.991559
-0.959969 -1.689632 2.986824
-0.652233 -1.414150 2.998462
-2.698390 -2.899871 2.997875
-0.315097 -0.203623 0.986520
-0.742307 -1.514170 2.968080
-0.056696 2.398429 0.452600
-3.455669 -0.141580 0.289196
-2.187326 -1.767163 2.972040
-1.663144 -1.885594 2.956299
-0.046389 2.351130 1.214619
-3.430796 -0.196275 0.692359
-2.922066 -1.936343 2.983882
-1.769917 -1.480428 2.975086
-1.576607 -1.134660 2.916783
-3.248795 2.853637 0.234007
-2.589948 -1.472530 2.985836
-3.329494 -1.267459 2.999120
-2.681910 -1.164867 2.961661
-2.322559 -0.913048 2.962407
-3.333756 1.652919 1.315357
-3.386122 1.989045 0.965497
-3.180703 1.591797 0.571057
-3.458026 2.320771 0.722359
-2.560316 -2.104629 2.995919
-2.169562 -1.688233 2.977391
-2.522653 -1.521603 2.926340
-1.408430 -1.027654 2.915001
-0.767293 -1.000829 2.999591
-1.164986 -0.829224 2.942914
-2.910700 -0.013867 0.294111
-3.329369 -2.041788 2.999128
-2.827459 -1.787260 2.972982
-0.058239 2.363166 1.327936
-2.924013 -2.335357 2.996449
-2.163594 -2.184450 2.991130
-2.017351 -2.038077 2.949084
-1.620350 -1.889995 2.995155
-3.125634 -2.953919 2.991173
-2.141033 -2.506393 2.999960
-1.775190 -2.258917 2.985355
-0.606737 -0.137345 1.295463
-0.613694 -0.115946 0.718064
2.556175 0.723158 1.449449
-0.610584 -0.108592 0.694631
-2.045581 -2.902329 2.997508
-3.473545 -0.035956 0.279244
-2.426689 -2.236898 2.979436
-2.256510 -2.207801 2.981474
-0.774410 -1.411407 2.978537
-2.606727 -1.927036 2.996536
-3.286640 2.000713 0.040246
-3.407754 -0.087133 0.774911
-2.632091 -1.509325 2.997013
-1.525886 -1.108792 2.897790
-1.213115 -0.875479 2.943456
-3.440816 2.227544 0.783620
-3.244356 -1.110971 2.984998
-2.622433 -1.095731 2.967452
-2.265921 -0.795462 2.977773
-2.070289 -1.199790 2.914014
-1.621376 -0.975777 2.897373
-3.269091 1.499411 0.966757
-3.376996 2.758118 0.355485
-3.492499 2.851703 0.720117
-3.470133 2.451947 0.741540
-3.041105 -1.375389 2.994611
-2.637345 -1.224413 2.974611
-2.219696 -1.638417 2.993751
-2.264647 -1.286304 2.886715
-2.269246 -1.149877 2.976547
-1.925383 -1.406934 2.951031
-1.472706 -1.189590 2.929008
-2.895143 -1.683106 2.985092
-1.168749 -1.353855 2.999758
-1.155508 -0.936801 2.991070
-3.174989 -0.151030 0.439884
-2.890847 -2.567217 2.990730
-2.533027 -2.308521 2.984992
-2.707864 -2.792299 2.992688
-1.886914 -2.246860 2.986737
-1.728699 -1.971268 2.997018
-1.008600 -1.711225 2.990549
-0.599102 -0.119859 1.365255
-3.402173 -0.829555 0.160059
1.124117 -0.159634 1.428263
-0.608413 -0.166091 0.762902
-2.210744 -2.642240 2.987370
-3.184965 -0.142123 0.446747
-3.010931 -2.537012 2.993448
-2.625224 -2.402996 2.984175
-1.084259 -1.678465 2.953938
-0.917054 -1.734515 2.988328
-0.849607 -1.438698 2.926252
-2.339443 -1.600002 2.959557
-2.990328 -1.687634 2.992026
-2.716748 -1.040964 2.977140
-2.324930 -1.322325 2.964175
-1.563206 -1.002172 2.934265
-3.293931 -1.053211 2.999699
-2.307251 -0.869311 2.944325
-3.395847 1.888385 1.187198
-2.671256 -1.061575 2.973043
-2.268259 -0.985290 2.982126
-1.969128 -1.310316 2.951415
-2.716668 -1.881700 2.997791
-3.155202 2.577536 0.049243
-0.062236 2.408761 0.788366
-2.893252 -2.323015 2.994840
-2.243674 -2.160919 2.996065
-2.216882 -1.985144 2.939345
-1.980576 -2.225002 2.989961
-1.170450 -1.536811 2.994660
-0.761672 -1.373299 2.992266
-0.167830 2.384804 0.001181
-3.390543 -2.838038 2.999603
-1.728702 -2.905974 2.998701
-3.479820 -0.709635 0.181741
-3.190771 -0.350564 0.259250
-3.448220 -0.216387 0.524239
0.120394 2.298954 0.273784
0.093427 2.666805 0.041409
-2.782099 -1.754241 2.993778
-2.394804 -1.615878 2.973743
-2.437992 -2.056492 2.988013
-0.854738 -1.347459 2.920932
-2.085407 2.114623 0.001393
-3.207632 1.637343 0.352065
-1.959985 -1.265141 2.984894
-1.661325 -1.055313 2.938684
-1.558488 -0.998941 2.982924
-3.495646 2.722353 0.805131
-3.438310 2.280252 0.833225
-2.761990 -1.005961 2.965208
-2.301157 -0.737740 2.984901
-3.314049 1.577146 1.407707
-3.414193 1.518599 0.975323
-2.720978 -0.988188 2.982467
-2.265365 -0.833711 2.978014
-3.456327 2.428869 0.646543
-1.962157 -1.379624 2.981014
-1.614572 -0.992355 2.933893
-3.162570 1.680886 0.259341
-2.979932 -1.548926 2.981471
-1.908400 -1.837855 2.997072
-1.331448 -1.593358 2.957640
-3.163867 -0.051613 0.415707
-3.075877 -2.456448 2.996864
-2.869007 -2.658199 2.999446
-2.476890 -2.404345 2.996734
-2.063707 -2.191697 2.979350
-3.150728 -0.347647 0.075864
-2.079232 -2.994978 2.998978
0.816977 -2.013279 2.990926
1.379923 -1.800766 2.991855
1.733889 -1.544949 2.994711
-1.909417 -2.885533 2.997490
-3.456261 -0.216661 0.484263
-2.935242 -2.658976 2.995371
-2.848413 -2.197170 2.991469
-0.924837 -1.446030 2.966888
-2.437594 -1.437740 2.994273
-2.013947 -1.287279 2.978525
-0.068304 2.374715 1.147150
-2.482531 1.837802 0.284130
-2.990983 2.659540 0.087799
-1.566747 -1.091545 2.938293
-1.263330 -0.826612 2.921766
-1.140224 -0.656300 2.996931
-3.229564 1.595176 1.052542
-3.414427 1.498852 0.550969
-2.797874 -0.882743 2.985010
-2.060688 -1.096230 2.977337
-1.764439 -0.985064 2.941732
-2.295099 -0.744480 2.953411
-1.888532 -0.563667 2.973538
-3.430564 2.143457 0.949570
-3.198142 -1.133827 2.988888
-2.759607 -0.916652 2.970503
-3.405541 2.060616 0.851569
-2.417721 -1.550275 2.926683
-1.651907 -1.100688 2.945861
-2.888533 -1.749005 2.997038
-2.997952 1.574049 0.077711
-3.170600 0.049824 0.287104
-2.770357 -2.046737 2.972621
-3.056486 -2.616842 2.997593
-2.589962 -1.959309 2.996561
-2.176778 -2.086818 2.990819
-1.265849 -1.671933 2.979819
-0.598645 -0.194821 1.416558
-3.025650 -0.282215 0.025310
-3.464289 -0.233789 0.400770
-2.594080 -2.805304 2.993415
0.544802 -1.917229 2.999055
1.049099 -1.737856 2.994261
1.086189 -0.150676 1.290747
-3.063651 -0.078031 0.292821
-2.609685 -2.712839 2.995633
-2.473150 -2.682671 2.999011
-0.598001 -0.060363 0.980464
-3.377998 0.421918 0.059491
-3.180737 0.153693 0.268179
-3.339261 -2.372681 2.998323
-2.224386 -2.116152 2.982888
-1.327059 -1.757232 2.988650
0.108414 2.289321 0.172965
-2.499877 -1.464707 2.986348
-2.527527 1.773425 0.020279
-2.121841 -1.314185 2.981881
-1.094945 -0.802541 2.956561
-0.040683 2.362968 1.406952
-2.795453 -0.848906 2.996258
-2.158182 -1.161878 2.964916
-1.611333 -0.914215 2.926678
-1.256141 -0.798952 2.944171
-2.389282 -0.717479 2.953331
-1.930238 -0.480834 2.993574
-2.833476 -0.781591 2.968722
-3.492970 2.101137 1.318533
-2.062001 -1.321678 2.967759
-3.310821 -1.420695 2.995079
-2.970686 -1.569723 2.988253
-2.881056 -1.954196 2.996175
-2.722617 -2.272073 2.995790
-2.570695 -1.716794 2.969045
-2.269571 -2.031852 2.974682
-1.334530 -1.666479 2.991425
1.556162 1.571882 1.195776
-0.024957 2.482616 0.028760
0.861775 -1.851474 2.996699
1.119535 -0.170428 1.375075
-3.193840 -0.345191 0.301548
-0.617428 0.000533 0.476988
-2.945375 -0.018681 0.009169
-2.537015 -2.745110 2.999823
0.838750 -1.947658 2.999251
-0.604145 0.035437 1.099072
-1.385348 -1.607875 2.972724
-0.969794 -1.521853 2.963785
-2.116976 -1.366997 2.980650
-3.498452 1.553442 0.367907
-2.980456 -1.181426 2.997879
-2.581033 -1.210640 2.989893
-2.108963 -1.129124 2.991474
-1.606785 -1.057841 2.964917
-0.782719 -0.324659 2.962506
-3.494575 2.681572 0.842700
-3.480522 2.423557 1.028880
-2.836932 -0.678061 2.997254
-2.378160 -0.568134 2.999533
-1.870630 -0.441486 2.997232
-2.823077 -0.718556 2.957236
-3.251392 1.619383 1.132809
-2.612859 -1.289743 2.940982
-3.056497 -1.252611 2.974719
-0.060540 2.360993 0.813872
-0.061899 2.417048 0.468374
-3.028634 1.894228 0.000064
-2.166954 -1.420830 2.962411
-0.600232 -0.124985 1.418474
1.532205 1.702031 1.093157
-0.998859 -1.581989 2.996408
-3.076893 0.232029 0.209086
-2.898580 -0.172106 0.324894
-3.443149 -0.119319 0.295600
-0.303284 -0.206291 0.747014
-0.613788 -0.021801 0.457689
-0.615708 0.043195 0.550304
-0.602582 -0.004137 1.124722
-1.078418 -1.176496 2.986122
-0.604161 -1.050933 2.991554
-2.624371 -1.466243 2.966332
-2.303289 -1.420592 2.980712
-2.483857 1.656195 0.123656
-3.273137 1.437547 0.273573
-2.215203 -1.151443 2.957565
-1.647156 -1.057409 2.935354
-1.150064 -0.884688 2.931233
-0.917211 -0.790591 2.984003
-0.060978 2.403789 1.043673
-2.317100 -0.497430 2.989357
-2.819648 -0.530695 2.990990
-2.316528 -0.442716 2.981786
-2.207274 -1.108385 2.964364
-0.058502 2.403557 1.179873
-3.436941 2.614335 0.554800
-1.702450 -1.060342 2.941879
-1.342672 -0.854232 2.944180
-0.074068 2.400902 0.656490
-2.958963 2.749421 0.137818
-3.235747 1.709949 0.395775
-3.219151 1.546915 0.006744
-2.088404 -1.352909 2.998167
-0.594868 -0.061408 1.124011
0.114276 2.299949 0.208901
-2.866361 -1.602670 2.985902
-2.288628 -1.631010 2.993148
-1.534908 -1.700290 2.992749
-1.178411 -1.576511 2.971068
-0.422602 -0.203383 1.337118
-1.429099 -2.002922 2.997550
1.110373 -2.006135 2.991954
2.805471 0.598999 0.804516
-3.027400 0.337694 0.114079
-2.589964 -2.555799 2.993606
0.613322 -2.043020 2.990835
2.216716 -2.095239 2.998528
1.097181 -0.151295 0.869885
-0.610397 -0.096333 0.424275
-2.871329 0.189972 0.001870
-3.178892 -0.138038 0.393638
1.253638 -2.976724 2.999813
-2.937062 -2.642817 2.998415
2.781809 0.644885 0.118410
-0.611624 -0.059133 0.509119
-3.406680 0.224041 0.189585
-0.590357 -0.108777 1.114167
-2.556468 -1.925866 2.987809
-1.702086 -1.602505 2.980346
1.551867 1.467896 1.206450
-0.720868 2.435795 0.001326
-2.191585 1.589750 0.113388
-1.751198 -0.981638 2.962828
-0.048573 2.364100 1.340058
-2.350574 -0.393965 2.996596
-1.865546 -0.362863 2.998156
-3.410532 1.585401 1.510684
-2.842467 -0.442783 2.995898
-2.349226 -0.360005 2.987430
-0.059141 2.394483 1.382105
-1.805277 -0.968032 2.976388
-2.704816 -1.159680 2.956948
-1.602832 -1.397529 2.990982
-1.712901 -1.063366 2.979730
0.343366 2.631254 0.064364
0.004796 2.777417 0.009872
-2.674068 2.395904 0.005802
-2.616145 -1.823355 2.981082
-1.625671 -1.738165 2.985615
0.806641 -1.612355 2.998292
-2.874915 -2.204156 2.996156
0.984073 -2.038551 2.991181
-0.612101 -0.158764 0.436003
-2.818028 -0.063449 0.299089
2.939238 -2.953382 2.997901
-0.311325 -0.208645 0.697737
-1.672031 -1.670443 2.990717
-1.233028 -1.567397 2.972988
-3.025305 1.712667 0.040082
-1.213600 -1.254466 2.994916
-3.397274 2.463496 0.308244
-1.807924 -0.996540 2.941518
-1.285727 -0.990528 2.967511
-0.779894 -0.570747 2.893082
-2.764619 -0.340796 2.995535
-0.061216 2.394464 1.409633
-3.391661 1.755795 1.379956
-2.194215 -0.813755 2.954845
-2.747360 -1.072401 2.946894
-2.297416 -0.976478 2.938290
-1.700589 -1.017792 2.962452
0.179874 2.332566 0.002342
-1.015658 2.670062 0.015510
-1.970868 2.509973 0.006371
-3.313841 2.708627 0.009531
1.939896 2.486141 0.011789
-2.664952 -1.654152 2.970188
-1.754089 -1.677817 2.975568
-1.285977 -1.586736 2.991935
1.297513 -1.360898 2.998676
-3.050217 -0.097587 0.883276
0.359944 -2.108357 2.995160
0.735497 -1.964493 2.992149
-3.258808 0.342165 0.084322
-3.453259 -0.205916 0.567696
-0.602634 0.079365 0.138928
-3.270464 0.240199 0.206843
-2.923951 -2.390382 2.999598
-0.587200 -0.199955 1.164805
-2.731500 -1.686696 2.982091
-2.495706 1.679480 0.005198
-3.263475 1.461572 0.234207
-3.407659 2.297842 0.370450
-1.791331 -0.881037 2.982366
-1.334248 -0.927253 2.978151
-0.757473 -0.477551 2.997619
-3.481419 2.422628 0.918309
-3.454104 2.306850 0.820331
-0.049165 2.352208 1.112759
-2.777800 -0.260423 2.995922
-0.064251 2.375164 0.967893
-0.073888 2.399533 1.213439
-2.744792 -1.019252 2.939758
-1.850638 -0.965802 2.973818
-3.143437 1.509205 0.454519
-3.189506 1.659066 0.795746
-2.280477 -1.374285 2.999131
-1.774523 -1.265702 2.992869
-1.313430 -1.257441 2.997304
-0.502877 2.536656 0.010124
-2.071168 2.297823 0.001905
-2.753122 2.295455 0.001289
-3.194967 2.625629 0.011912
-3.306019 -1.670104 2.999632
-2.780270 -1.696769 2.985741
-1.826937 -1.605122 2.995094
-1.252816 -1.609498 2.984382
1.040092 -0.103566 1.441113
-1.257303 -2.024180 2.997323
0.741313 -1.928654 2.990174
-0.603808 -0.065197 0.634587
1.043686 -0.118620 0.192483
-0.598616 -0.189359 0.501858
-2.244414 -2.967998 2.997863
-3.393234 -0.181513 0.752337
-0.714605 -2.671639 2.994307
2.606508 -0.750455 1.033884
-2.735622 -1.484740 2.986230
-1.364461 -1.575811 2.977629
-2.262962 -1.226744 2.991718
-2.574682 -1.163195 2.999382
-0.592443 -0.008007 1.426125
-0.036207 2.357828 0.871340
-1.245067 -0.932761 2.947137
-0.061752 2.423907 1.054986
-3.288511 1.556634 1.375152
-2.396335 -0.879898 2.931572
-1.902995 -0.985823 2.954429
-3.274418 -0.918490 2.990990
-1.395061 -0.971437 2.997139
-0.007119 2.298724 0.071698
-2.798360 -1.564907 2.995142
-1.814631 -1.819564 2.988792
-0.587942 0.092972 0.136463
-3.061257 -0.131628 0.793156
-2.363828 -2.687696 2.996142
3.368068 -0.135995 0.001462
-0.594261 -0.001530 0.698249
-2.812246 -1.498334 2.985194
-0.820435 -1.303849 2.962267
-3.325079 2.669538 0.313721
-3.087932 1.650876 0.350147
1.870004 1.336971 1.192372
-3.386212 2.978926 0.461505
-1.797414 -1.002533 2.963652
-2.238742 -0.198179 2.986557
-1.191371 -0.268004 2.988569
-0.055571 2.365061 1.479660
-2.088979 -0.685405 2.951156
-2.835203 -0.868209 2.950058
-2.302774 -0.877007 2.962267
-1.024656 -0.966536 2.988636
-0.456653 2.902163 0.002254
-1.468720 2.813279 0.010184
-3.461382 2.816426 0.010550
-3.418318 1.491575 0.980145
-0.791637 -1.303143 2.994855
-2.731627 2.387407 0.001445
-2.688421 2.502875 0.004769
-2.783549 -1.418056 2.978381
-1.908121 -1.501376 2.970505
-1.435505 -1.631413 2.984180
0.699215 -1.650290 2.995203
2.555561 -0.771046 1.399643
1.097153 -0.172269 0.810807
-3.070841 -2.073692 2.998974
1.097623 -0.167118 0.267986
1.703072 -1.762923 1.101901
-0.423754 -0.198535 0.762580
0.609410 -2.118104 2.999935
-0.438451 -0.197045 1.254092
-3.135401 1.600949 0.612144
-2.789363 -1.281072 2.998889
-1.796332 -1.160798 2.986435
-1.805378 -1.521328 2.999271
-3.245174 2.990818 0.267183
-3.409630 2.609773 0.380011
-2.830014 -0.805081 2.998158
-1.394695 -0.878817 2.953605
-0.602730 0.010394 1.413223
-0.049091 2.365862 1.093156
-2.739498 -0.744807 2.994319
-2.343639 -0.770821 2.961352
-1.799824 -0.823642 2.942032
-1.401913 -0.867033 2.992199
-0.059238 2.419570 0.610692
-0.604754 0.103529 1.167614
-2.298532 2.847282 0.008508
-0.598725 -0.001092 0.705299
-0.137713 -0.184386 0.032247
1.546155 -1.758240 1.204207
1.808741 -1.752172 0.983861
-3.166962 2.610516 0.071854
-2.813508 -1.337398 2.995434
-1.991474 -1.528009 2.973474
-1.403172 -1.720613 2.999030
1.110320 -0.154916 1.235627
-3.431623 2.317430 0.641837
-2.734544 -0.607997 2.997386
-0.047828 2.373702 0.182597
-3.404382 1.886001 1.257204
-1.775585 -0.824982 2.983349
-1.305547 -0.910616 2.942755
0.013924 2.315461 0.791312
0.001770 2.306071 1.495544
-2.226808 -0.088013 2.991692
-1.189126 -0.235085 2.996629
-2.346709 -0.792185 2.938447
-0.057203 2.350628 0.540309
-2.766448 -0.585459 2.968126
-1.840485 -1.178544 2.991822
-1.357695 -1.279485 2.992443
-1.406869 -0.972571 2.960264
-2.711296 2.548656 0.009026
-3.015453 2.430560 0.002406
-0.407084 -0.209118 0.960087
-0.609067 0.004514 0.769739
-3.341307 1.476676 0.298632
2.548711 -1.100183 0.984889
-0.599392 0.020548 0.106039
0.353292 -2.964756 2.996832
2.710082 -0.752869 0.030835
-2.662977 -2.627678 2.991152
-2.255023 -2.878919 2.998478
-0.087575 -0.185765 0.078171
-0.598747 0.017520 0.098450
-0.599110 0.034885 0.790686
-2.929520 -1.284157 2.999458
-3.180043 1.774422 0.452271
1.867358 1.340355 0.620258
-3.445052 2.866618 0.638872
-2.371351 -0.681949 2.992620
-1.412654 -0.929335 2.963423
-2.342026 -0.528248 2.985387
-1.846296 -0.704501 2.995911
-1.501510 -0.759127 2.982828
-2.767590 -0.520074 2.992975
-2.339828 -0.571009 2.983526
-1.798558 -0.770666 2.977522
-1.363396 -0.846268 2.981001
1.845301 1.348068 1.179252
-0.869866 2.793942 0.016290
-1.827228 -1.060914 2.995419
-2.490546 2.960343 0.016155
-3.063931 -0.825420 2.998107
-2.928859 -1.199871 2.983413
-2.567100 -1.042201 2.959272
1.091752 -0.169474 1.131125
-0.598655 -0.037741 0.755683
-0.605009 -0.021892 0.084204
-2.094520 -2.114547 2.999366
-1.651889 -2.535835 2.995024
-0.729468 -2.788376 2.997951
-0.211723 -2.895989 2.996973
1.541775 -1.755686 0.922493
-2.317269 -2.693634 2.997301
-0.594103 -0.037693 0.110275
-0.606144 -0.072397 0.471552
-3.034999 1.631766 0.121349
1.096371 -0.151418 0.535262
-3.334527 1.889921 0.889862
-2.006973 -1.385146 2.988349
-0.862690 -1.253884 2.999600
1.095530 -0.164643 1.179559
-2.751873 2.842591 0.000314
-3.446413 2.891357 0.591647
-0.598897 -0.159279 1.356514
-0.602167 0.100731 1.104608
1.911403 1.344325 0.866250
-1.757529 -0.734019 2.972115
-1.348852 -0.873358 2.961070
-2.123382 0.029531 2.999386
-1.053332 -0.170587 2.960767
-1.844465 -0.785283 2.973081
-0.616827 0.036235 0.839818
-2.848365 2.739335 0.001902
-1.666359 -1.559949 2.983437
1.079621 -0.157110 0.332793
0.275990 -2.805406 2.994609
-2.232513 -2.309366 2.996937
-2.739841 -2.459720 2.943401
2.927929 -1.116255 0.000109
-2.500477 1.683802 0.109459
-3.049875 1.682745 0.099879
-3.391920 2.175884 0.384922
-3.238964 1.434986 0.299025
-2.957636 -1.070840 2.997180
1.768366 -2.904440 2.994723
2.554371 -0.760109 0.637825
1.106815 -0.153822 0.231504
-1.579396 -1.549699 2.986477
-3.481451 1.542691 1.326636
1.094569 -0.153546 1.486977
-3.354717 1.592543 1.469661
-2.279214 -0.589753 2.998977
-1.749960 -0.784387 2.969680
-0.974728 -0.983991 2.981921
-0.597999 -0.094082 1.424000
0.009464 2.310679 0.856863
-1.907060 -0.743049 2.949024
-1.362992 -0.913154 2.964366
-1.083509 -0.968479 2.992845
-0.616250 -0.084990 1.243844
1.680043 1.787766 0.016013
0.097756 1.603498 0.001729
-0.158253 1.816140 0.002425
-1.339348 1.743426 0.002205
-2.074693 2.349159 0.003246
-2.162352 2.734846 0.009807
-2.157920 2.873861 0.012698
-1.663883 -1.460278 2.984808
1.084391 -0.153470 0.601169
-2.516491 1.701791 0.142988
-1.891802 -2.196573 2.996622
-1.776943 -2.357342 2.996450
-0.611387 -0.178809 0.376101
-0.453251 -2.896499 2.996166
-0.604931 -0.011469 0.413066
-1.580925 -1.449942 2.984291
1.116549 -0.171719 0.514170
-0.605209 0.036006 0.867764
-3.344168 2.979894 0.395130
1.107798 -0.167630 1.126315
-1.612117 -0.882551 2.967760
-1.831972 -0.696402 2.994950
-1.196947 -0.539239 2.999708
-1.449769 -0.817125 2.982671
1.830844 1.348313 1.371229
-0.054778 2.419037 0.839686
-2.738199 -0.274581 2.987028
-1.797236 -0.652018 2.949286
-2.895005 -0.402253 2.993518
-2.657216 -0.816103 2.981189
-2.120340 -1.411177 2.985073
-1.265104 1.654621 0.000074
-1.520641 1.823477 0.000493
-3.309583 2.843215 0.300603
-3.050615 -0.901735 2.999300
0.656259 -2.591725 2.993799
2.602839 -0.751218 0.351404
-3.251771 2.413449 0.002086
-1.965366 -2.087042 2.992015
-0.525217 -2.759724 2.998707
-0.598306 -0.113756 0.230013
-3.153399 1.466938 0.266283
-0.597931 -0.147261 0.370176
3.129814 -0.758519 0.001995
-3.495646 2.076033 1.353286
-1.859639 -0.650362 2.961379
-1.074006 -1.053036 2.995452
1.609028 1.349269 1.366394
-1.798921 2.436275 0.001702
-2.113408 2.993977 0.010600
-3.463217 2.136844 1.234243
-2.126784 -1.291757 2.979181
-2.849257 2.601326 0.004161
-2.148969 -2.293719 2.993261
-1.689139 -2.380847 2.988816
-0.603609 -0.096854 0.213929
-3.107789 1.699418 0.244349
-0.599382 -0.094560 0.900537
-3.398888 2.018162 0.971904
-1.905131 -0.539599 2.981641
-1.417735 -0.786440 2.962433
-0.585913 -0.132893 1.426447
1.848919 1.334242 1.251926
-0.055885 2.408740 1.210265
-0.045353 2.425969 0.900003
-1.792746 -0.588620 2.946431
-1.510848 -0.823721 2.962601
1.566660 1.726725 0.078820
-1.991864 -0.672487 2.987633
-2.330757 2.969416 0.005033
-3.412227 2.178845 0.031057
-3.415184 2.171643 0.322978
-1.281250 2.856009 0.002534
-2.370573 -0.145257 2.999400
-1.986512 -0.592006 2.991657
-1.468674 -0.842303 2.972599
1.827936 1.341706 1.321324
1.548135 1.599278 1.457269
-1.946241 0.406086 2.997503
-2.236910 -0.107792 2.989815
-1.884193 -0.473827 2.963792
-1.648021 -0.651136 2.971802
-2.432535 -0.162411 2.990725
-1.979368 -0.490771 2.972925
-1.557665 -0.899736 2.975275
2.833341 -0.699861 1.256082
-2.427745 -1.123209 2.986178
-2.404578 2.733744 0.005115
-0.026510 -2.234918 1.123255
-3.133415 1.627337 0.533540
-3.387123 2.052252 0.622552
-3.424901 2.957948 0.600941
-0.288643 0.189261 0.036291
-2.465214 -0.952252 2.997919
-0.609817 -0.204393 0.891467
-1.350120 -1.076177 2.986640
-0.598695 -0.096645 1.227413
1.883226 1.344576 0.406655
-0.048709 2.414664 0.627728
0.109616 2.298578 1.035818
-0.038586 2.366563 0.930487
-0.599113 -0.102828 1.208780
-2.177107 0.719466 2.990951
-0.928166 -0.540612 2.995049
-1.971927 -0.426674 2.967469
-1.550799 -0.804505 2.970960
-0.074862 2.412461 0.193250
3.007256 -0.725685 0.012829
-0.311536 1.658820 0.001801
-2.798140 -0.359549 2.981787
1.854571 -1.695094 0.492551
-0.241939 0.185372 0.022377
-1.691281 2.518199 0.002411
1.543163 -2.053884 0.207831
-0.598240 -0.197930 0.365684
-2.069333 2.052297 0.001695
-2.605963 2.912450 0.001645
-2.438057 2.675389 0.001029
-3.484516 2.968481 0.713163
-0.025661 -2.232605 1.065898
-0.016534 -2.236226 0.693218
-2.516755 -2.951396 2.991830
-3.381902 2.730131 0.009764
-2.011093 2.025776 0.001124
1.549439 -2.015438 0.067476
-0.592155 -0.112789 0.473715
-2.156691 -1.397015 2.998907
-2.464056 -0.813145 2.999880
-0.593279 -0.040468 0.632314
-1.984100 -0.338956 2.975232
-0.041050 2.417627 0.589890
2.664974 0.652485 1.044492
-2.083612 0.819414 2.991058
-0.827032 -0.676634 2.987957
-1.921784 -0.421448 2.991326
-1.598895 -0.732906 2.957886
-0.590728 -0.175017 1.125441
-0.595032 -0.146429 0.537141
-0.022214 -2.220071 1.356404
-0.006451 -2.231293 0.726528
-3.449497 2.575317 0.564145
-2.588194 1.879532 0.085759
-2.724749 2.136516 0.000307
-3.469118 2.969868 0.015161
-0.277389 0.163851 0.071136
-0.583974 -0.133006 0.592003
-0.607019 -0.208328 0.904685
-2.052276 -0.450424 2.984621
-1.690217 -0.812258 2.974040
-0.588849 -0.156623 1.287615
-0.594967 0.048165 0.938761
-0.050239 2.407099 1.380154
-2.128225 0.812632 2.993583
-0.884866 -0.670791 2.981987
-2.158118 0.772579 2.998446
-0.600411 -0.176863 1.241202
-2.056223 -0.324922 2.984226
-0.590346 -0.136959 0.616915
-0.424559 1.903702 0.001542
-2.553241 -0.841292 2.997981
-2.274158 -1.185820 2.970035
-2.432875 2.960003 0.005785
-0.017212 -2.235999 0.842715
-2.761954 2.635279 0.003328
-2.890224 2.486533 0.023372
-2.720780 2.263337 0.003713
-2.765714 2.592598 0.009976
-3.386885 2.851908 0.429783
-1.519604 1.718930 0.002149
-2.628712 -0.866515 2.994622
-0.058277 2.423874 0.978867
-2.028354 0.916003 2.991028
-1.756993 0.440607 2.998631
-0.590362 -0.138830 1.331296
-1.700281 -0.688780 2.969850
-2.172483 -1.111880 2.987818
-1.240072 2.364123 0.003780
-0.030709 -2.176105 0.753768
-2.862135 -2.789359 2.993108
-1.750017 2.148224 0.002416
-2.085935 2.223990 0.002232
-1.277031 1.831473 0.003082
-1.426210 1.716669 0.001903
-1.784995 2.737572 0.011807
-0.595285 -0.173128 0.465852
-1.162536 1.935510 0.002481
-2.220487 -1.090526 2.989874
-0.047233 2.378330 0.992707
-1.995518 0.903706 2.985901
-2.065572 -0.389971 2.970821
1.929875 1.427641 0.083286
1.608151 1.733895 0.064373
2.564265 -1.060593 0.706632
-1.419730 2.331067 0.001281
-2.220528 1.710164 0.302068
-3.311004 1.590015 1.337878
-3.433169 2.008618 1.209541
-2.348564 -1.041234 2.991541
-1.964869 -1.492727 2.988590
1.560434 -1.830889 1.453571
-1.792729 -0.696333 2.961807
-1.998966 0.955987 2.990700
-1.792916 0.482790 2.985635
-0.026843 2.379427 1.524076
-0.047537 2.421349 1.389689
-2.097452 0.945666 2.969544
-1.949521 -0.219917 2.987740
-1.698476 -0.630753 2.949287
-0.599029 -0.063339 0.638318
-1.408517 1.789397 0.002335
-1.947349 1.985942 0.004292
-2.142400 2.298106 0.012719
-1.664163 1.543779 0.001624
-0.603657 -0.166573 0.266846
2.549604 -1.057671 0.143597
-0.599419 -0.195666 1.004379
-1.733160 -0.573934 2.994647
-1.924564 0.941616 2.979010
-0.781803 -0.753376 2.986969
1.537747 1.579714 0.773261
-1.964549 1.048775 2.981270
-2.001174 -0.283476 2.984414
-2.545913 -0.307029 2.995502
-0.675175 1.532150 0.001533
-0.714706 2.270266 0.004846
-2.635977 -0.605596 2.998774
-0.207115 0.128625 0.006943
-1.558440 2.770642 0.009761
-0.025396 -2.222134 0.750401
-0.014913 -2.151807 0.416810
-1.740040 2.019397 0.003116
-1.920584 2.558907 0.003384
-2.154696 2.408649 0.012777
-0.587124 -0.020656 0.069760
-0.985067 1.974780 0.000507
-0.166782 0.132596 0.036254
-0.308028 1.735729 0.002572
1.553623 -1.876708 1.452524
-0.592821 -0.177775 0.892729
-1.680368 -0.666540 2.975808
-0.595622 -0.088498 1.005457
1.533400 1.544462 0.818296
-1.917330 1.057354 2.995467
1.539528 1.505788 1.360108
-1.896374 0.998431 2.979959
-2.003002 -0.214020 2.989843
-1.749566 -0.591698 2.949345
-1.512701 -0.966312 2.994386
-0.030283 -2.222795 1.408415
-0.904688 1.941328 0.000327
-3.061991 -2.650388 2.997890
-1.018802 2.401032 0.003396
-0.013257 -2.201364 0.924754
-0.598904 0.077634 0.220062
-0.019214 -2.203549 1.465058
-1.569870 -0.930269 2.975576
-1.938015 -0.168784 2.997900
-1.780500 1.005921 2.995573
-1.668464 0.573100 2.993192
-1.745871 -0.527980 2.972566
-0.018258 -2.255152 1.060778
-1.084585 1.825341 0.001485
-1.527301 2.128521 0.006681
-1.709514 2.612669 0.009507
-0.012687 -2.171324 0.624371
-2.319687 -0.837551 2.985562
-1.744197 -0.617435 2.983679
-1.770090 1.092787 2.978164
-1.220165 -0.286068 2.917640
-1.952307 -0.202323 2.981421
2.224698 1.508781 0.087660
0.022728 -2.503978 2.999618
-0.595114 -0.030787 0.839961
0.101247 2.296387 0.315618
-0.135741 1.540453 0.003980
-2.370392 -0.892819 2.995146
-0.029960 -2.211095 0.988257
-0.595556 0.006578 0.182719
-1.311856 2.085450 0.002945
-2.397187 -0.800717 2.998500
-0.048714 2.421485 0.804886
-1.835942 -0.524350 2.968613
0.020059 2.300349 1.046079
-0.045273 2.427471 1.464881
-1.660390 1.098210 2.983518
-1.569480 0.713154 2.987825
1.096763 0.069310 1.473551
-0.048607 2.369138 1.395575
-2.146657 0.780136 2.976891
-1.984784 -0.079012 2.999934
-1.742597 -0.463902 2.974066
-0.603262 -0.040330 0.906421
-0.064788 2.412667 0.709406
-2.331125 0.783945 2.983640
-0.036738 -2.218891 0.647381
-0.602379 -0.002129 0.195292
-0.285227 0.111101 0.135088
-0.047314 2.433430 0.776756
-0.597277 0.005523 1.139941
-1.584349 1.143648 2.968057
1.532001 1.700417 1.288773
-1.995380 0.680273 2.992286
-1.698361 -0.487937 2.989368
-0.042774 2.432933 1.012422
-0.063653 2.423366 0.390513
-2.871710 -1.442572 2.999418
-2.414277 -2.897472 2.984076
-2.977483 -2.507360 2.999826
-0.358550 -2.948767 0.539365
-2.332910 -0.690892 2.995401
-1.816560 -0.475312 2.982525
-0.586297 -0.019430 1.109182
-0.596491 -0.032596 0.930737
-1.538412 1.083043 2.980027
-0.598589 -0.091306 0.840558
1.718080 0.733429 0.002422
-0.597988 -0.077059 0.179849
-2.983686 -2.857522 2.994086
-0.014472 -2.205081 0.214070
-0.307802 -0.318538 0.013192
-0.241437 0.114743 0.222155
-0.050411 2.141172 0.003170
-0.596919 -0.104990 0.863582
-0.051524 2.425007 1.124440
-0.600280 -0.093044 1.038250
-1.438772 1.178491 2.958236
2.527914 1.007698 0.484204
-0.047517 2.369145 1.461831
-2.118317 0.980844 2.983579
-1.785941 -0.481753 2.998061
2.033632 1.124840 0.001451
-2.388774 -2.583190 2.997221
-2.274269 -2.805558 2.997199
-0.598440 -0.048535 0.220305
-1.011650 2.068001 0.005997
-0.126318 -0.421494 0.009699
-0.430885 0.105124 0.121518
-0.604432 -0.018125 0.338695
-1.858045 -0.536193 2.986792
-1.353743 1.141378 2.990494
-1.442571 1.121917 2.965785
3.057837 0.415766 0.000274
-0.056369 2.382588 1.506607
-2.077586 1.517176 2.999503
-0.214139 0.099106 0.216442
-0.618365 -0.045134 0.282301
-0.060994 2.419074 0.109261
1.545132 1.514328 0.610727
-1.325999 1.123580 2.972237
-1.339995 0.644109 2.982295
-0.602859 -0.104818 0.530697
-2.002368 1.126488 2.961725
-1.912630 0.608830 2.995886
-1.940222 -0.378065 2.996698
1.945593 0.011548 0.002292
1.458934 2.971466 0.012783
-2.245609 -2.891490 2.999551
-0.595257 -0.120000 0.106398
-0.651026 2.479768 0.007860
-0.594922 -0.053317 0.113781
-0.052467 2.426458 0.068066
-1.623723 -0.971656 2.980243
-1.189014 1.073831 2.971499
1.573424 -2.102488 1.189644
2.686783 0.658994 1.260197
-1.285647 1.221702 2.966163
-1.874929 1.186488 2.996842
-1.964708 0.757962 2.963600
3.239116 -0.067773 0.010345
-0.596068 -0.118917 0.151819
-1.875555 0.736414 2.989599
-2.051619 -0.248574 2.999818
3.487270 0.097396 0.011404
-1.129545 1.060491 2.973941
-1.629801 0.905711 2.969950
-1.215675 0.693388 2.996730
2.590358 0.598698 1.010236
1.661327 1.348803 1.448819
-1.942471 0.757025 2.988215
2.655516 0.594778 0.593717
-2.079812 -0.254060 2.994012
-0.033841 -2.189498 0.475765
1.996813 0.137073 0.001873
-0.026200 -2.225152 0.385054
-0.275541 2.877800 0.013505
-0.583661 -0.114801 0.061096
-0.035754 -2.211080 0.455322
-2.160357 -0.251632 2.995274
-1.429954 -0.701194 2.987039
-1.344592 -0.312328 2.997150
-1.082706 1.057888 2.971448
-1.319853 0.696860 2.998942
-1.832788 1.172349 2.963024
-1.806415 0.754410 2.975476
3.027768 -0.132570 0.000079
3.210042 0.118125 0.002606
3.103308 0.619408 0.006012
3.452322 0.386683 0.004593
-2.117916 -2.755179 2.995513
2.154027 2.047669 0.003720
-2.002897 1.283851 2.979297
-2.130386 1.018118 2.975656
-0.608776 -0.122036 0.389052
-0.052558 2.417324 1.503907
-1.878547 0.799845 2.990571
-0.603730 -0.118119 0.815889
1.564268 1.516346 1.466051
1.558235 -2.079057 0.997499
-1.459941 -0.424229 2.985450
-1.470953 -0.637278 2.974824
-0.595455 -0.100407 1.058332
1.771458 -1.738823 1.459097
-2.059849 0.355172 2.982682
-1.644532 1.715321 2.990268
-1.712885 1.234080 2.988278
1.528294 0.016957 0.009843
-1.240100 2.137081 2.732350
-2.417588 1.399458 2.999171
-0.048922 2.446007 0.980736
-1.032502 -2.997605 0.601227
1.768271 1.797687 0.098293
-0.040769 -2.206011 0.443739
-1.032247 1.101072 2.976885
-1.496691 1.166288 2.964768
2.555424 0.654771 1.154674
-1.503586 -0.370317 2.995013
-1.556945 -0.758276 2.995472
-0.607937 -0.193350 0.660846
-1.735696 1.341436 2.985830
-1.784679 0.799007 2.972902
-2.043954 0.350486 2.992694
-2.093189 -0.148612 2.998082
-2.220531 1.171666 2.985309
-0.061330 2.434115 0.560965
-0.048252 2.417743 1.293301
-0.052630 2.418046 1.445930
-1.591318 1.208974 2.995969
-1.789582 0.906574 2.995198
-0.985153 1.091650 2.979313
-1.048558 1.161659 2.953394
1.556479 -1.932032 1.459509
1.048389 -0.135869 0.860137
1.759065 1.330202 1.453280
-1.676931 1.391132 2.985655
-1.891656 0.854560 2.985424
-0.605398 -0.182867 0.725114
1.843029 1.341742 0.804931
-1.862522 1.377930 2.990018
-0.056588 2.421186 1.268986
-0.055092 2.446127 0.867882
-0.184775 2.341660 0.002576
1.553825 1.478101 1.194578
-1.654081 1.298551 2.983987
-1.889587 0.949554 2.980279
-1.954131 0.436839 2.985579
-2.132019 -0.015544 3.000000
-0.988513 1.145667 2.980131
-1.230820 0.767958 2.981387
-1.575714 -0.283037 2.999842
-0.027124 -2.208999 1.041511
-1.997133 0.385844 2.992743
-0.601117 -0.104014 0.787082
-1.553991 1.321056 2.991771
-1.835979 0.945430 2.965766
-2.189578 -0.007234 2.998316
-2.183985 -2.685469 2.996486
2.830170 0.256066 0.001425
-1.713598 1.429767 2.985146
-3.399362 -1.843560 2.999374
-0.018635 2.478657 0.093018
-0.075625 2.423243 0.549117
2.144850 2.925271 0.020817
-2.132026 -0.060769 2.991817
1.550511 -1.783638 0.433998
-1.328236 0.759687 2.985679
-0.996631 1.085426 2.947739
-1.621920 -0.279437 2.989302
-1.744459 0.897258 2.975464
-1.958215 0.541874 2.983716
3.052603 -0.746304 0.027698
3.284874 -0.176008 0.005757
3.409563 -0.097406 0.010439
-1.600105 1.411224 2.981591
2.386678 1.446025 0.002935
-0.051018 2.402928 1.334302
-1.488846 1.300365 2.992573
-1.688224 0.924935 2.978092
-1.955425 0.574513 2.969346
-2.174947 0.028947 2.992156
-0.886578 1.127747 2.979390
-0.050249 -2.215145 1.278369
2.549356 0.583731 1.380307
-1.579917 0.884776 2.971331
-1.888727 0.439966 2.989019
2.576605 0.593354 0.769590
-1.462710 1.360304 2.960243
-2.061368 0.537396 2.983675
-2.689116 -2.512794 2.997205
2.003442 0.006120 0.002370
2.552912 0.330754 0.006095
2.754608 0.620716 0.016884
2.966508 1.046411 0.018596
-0.041238 2.432108 1.345752
-0.462542 0.099310 0.117350
-1.505851 1.361074 2.985441
-2.193770 1.049246 2.971548
-0.051098 -2.204559 0.467319
2.536710 0.642448 1.450028
1.117530 -0.160202 0.936182
-0.875739 0.995163 2.985473
1.070447 -0.162845 1.395462
2.552681 0.588838 1.417726
2.559449 -0.896996 0.433767
1.044351 -0.112310 0.828064
-0.995487 1.245966 2.956211
-1.144129 1.301795 2.956842
-2.020918 0.484057 2.979510
-1.039671 1.723988 2.867852
1.549834 1.548270 0.504466
-1.763862 1.643489 2.997414
-0.045734 2.431844 1.206131
-0.050527 -2.223440 0.656151
1.551078 -2.012055 0.028973
-0.420604 0.095196 0.898674
2.537783 0.592935 1.402188
-1.139171 0.679673 2.997434
-1.713440 0.984653 2.971981
3.448338 -0.171038 0.002116
-0.051151 2.326081 0.546456
0.265655 2.455678 0.165692
-0.451680 0.097946 0.082764
-2.537466 0.886278 2.997773
-1.743746 1.060773 2.979153
-0.427113 0.096521 0.827806
-0.062605 -2.201883 0.977414
-0.059163 -2.195895 0.804786
-0.839887 1.078234 2.955119
-0.924327 1.073493 2.992692
-0.597626 -0.092242 0.538708
2.991584 0.234429 0.006457
1.560252 1.703132 1.204680
2.382023 1.507473 0.062998
-1.828313 1.607424 2.966416
-0.044736 2.406569 1.502639
-1.822223 1.581288 2.994255
1.549582 1.701474 1.200903
-1.800652 1.069770 2.981981
-0.608664 -0.204962 0.687044
-0.392008 0.093522 0.919378
-1.754395 0.976355 2.975984
3.486109 -0.454489 0.003429
1.547172 1.659733 1.468395
-0.242685 1.350823 0.000190
-0.589765 -0.111994 0.049106
-1.648106 1.019178 2.983488
-0.835733 1.115962 2.968043
-1.532217 0.868663 2.972650
-0.885812 1.167926 2.984218
-1.704187 1.022922 2.962788
3.062812 -1.368476 0.004320
3.039718 -0.167287 0.000127
3.461035 -0.060986 0.007876
-1.112206 1.448911 2.955429
-2.157472 1.120389 2.983438
-0.607314 -0.018920 0.504929
3.302762 -0.056750 0.004346
-1.906916 0.511430 2.983890
-0.051306 -2.204861 0.930592
-0.051728 -2.190576 0.716824
-1.007454 1.430108 2.946186
-1.409483 1.458295 2.993036
-1.602530 0.969952 2.967174
-1.972100 0.612937 2.981701
3.131826 -0.011213 0.001400
-1.582557 1.642442 2.997386
-1.908818 1.318747 2.963093
0.156419 1.723591 0.008201
-1.684406 1.754840 2.995702
-1.870198 0.655284 2.959167
-0.059531 -2.210304 0.617439
-0.789258 1.107832 2.995003
2.560874 -0.760205 0.760519
1.023951 -0.102128 1.210307
-0.791102 1.175568 2.984442
-1.645381 1.161263 2.959247
3.464197 -0.418374 0.001519
2.553228 0.587780 0.718091
1.860688 1.322061 1.293881
-0.761222 1.840052 2.937752
-1.774037 1.517561 2.933671
0.262295 1.662504 0.006520
-3.450458 -2.972141 0.152709
1.085352 2.361573 0.006068
-2.458318 1.133847 2.988368
-0.499441 0.089884 0.544461
-1.660366 1.216037 2.966470
-1.933958 0.801887 2.954822
0.161042 -2.084029 0.139924
-1.569466 1.167856 2.998676
-1.884941 0.810058 2.953999
-0.601142 -0.104318 0.438547
3.288296 0.271717 0.001312
-1.366959 1.582846 2.990549
-1.949518 1.107685 2.958311
1.804768 2.040155 0.014180
-1.510376 1.240856 2.968957
-0.056429 -2.192054 0.787347
-0.053685 -2.165718 0.610459
-1.046767 0.986510 2.969442
-0.050894 -2.207625 1.104202
-0.753106 1.331298 2.980252
-1.050103 0.963842 2.992149
-1.301954 1.686129 2.974131
-1.908952 0.957165 2.994504
1.819526 1.344424 1.142814
-1.012508 2.155295 2.975975
-1.744111 1.568184 2.961473
-2.132406 1.418831 2.989036
-0.057190 2.332021 1.505645
-1.214082 2.517798 2.898958
-0.074402 1.337310 0.001111
-0.054221 2.450451 0.906176
-3.493240 -1.869469 0.529380
-3.314969 -1.920981 0.142574
2.236147 2.965635 0.025479
-2.480691 1.212275 2.998280
-0.605024 -0.104448 0.200872
-1.524131 1.304749 2.968971
-1.047308 0.929673 2.994000
-0.663304 1.366375 2.960431
-0.938050 0.988638 2.998244
2.539944 0.598972 1.339411
-1.522638 1.400952 2.948575
-1.820322 0.891806 2.969507
-0.598425 -0.098781 0.560789
1.440278 -0.028722 0.023274
1.993925 0.224500 0.009810
2.629894 0.491108 0.010933
-1.686862 1.493727 2.916957
-3.474481 -2.980726 0.053085
0.210379 1.313222 0.001288
-2.482081 1.298272 2.981922
-1.286353 1.781621 2.987835
-1.533417 1.422981 2.979530
-1.904097 0.977084 2.942967
-0.598051 -0.082393 0.852901
-0.447056 1.867938 2.996573
-0.664502 1.407977 2.948031
-1.008406 1.038978 2.963820
-0.601499 -0.184232 1.177216
2.551149 0.960816 0.926262
2.557384 0.584017 0.692201
-1.112188 1.680611 2.984617
-1.753588 0.991358 2.949327
-0.603021 -0.020277 0.697555
1.376433 -0.943708 0.001388
1.615237 -0.622725 0.001821
1.829306 -0.098059 0.000741
2.676183 0.074030 0.003845
2.366690 0.199840 0.009188
3.211968 0.307617 0.011220
1.861833 1.340843 0.745111
-0.776426 2.120506 2.852800
-1.225572 1.827789 2.984946
-1.651392 1.401339 2.957406
-3.403198 -2.977694 0.040512
-0.601934 -0.164349 0.306167
-1.434853 1.379016 2.999817
-0.625782 -0.211520 1.130802
-0.654466 1.611205 2.976483
2.550535 0.811772 1.466908
-0.723299 2.252410 2.855271
-1.016666 2.355322 2.903903
-1.245662 1.875649 2.973606
-1.477396 1.445989 2.959637
-0.581714 -0.234762 0.002609
-0.557654 -0.281824 0.218657
-0.601867 -0.140502 0.559177
1.999070 2.092897 0.009553
3.123100 1.028120 0.002412
1.546106 1.576645 0.678261
-1.676859 1.086110 2.929355
2.164964 -1.926906 0.015219
-0.729748 1.660991 2.957491
-0.923371 1.291127 2.961623
2.552758 -0.988035 0.927353
-1.474963 1.034904 2.950412
1.918569 -1.746565 0.016027
-1.253550 1.974536 2.982162
-1.467619 1.504432 2.977618
-1.679014 1.135868 2.959075
-0.606975 -0.029635 0.359865
0.051618 2.301521 0.847907
-2.157141 1.275468 2.985173
-0.601929 -0.039543 0.570354
1.628338 1.414230 0.186640
-1.572822 0.966604 2.976387
-0.882928 1.560428 2.993538
-0.604005 -0.143419 1.221332
1.561199 1.705217 1.282854
-0.884246 1.391215 2.959548
-0.995818 0.830350 2.994814
1.749561 1.345989 1.455387
-1.356861 1.998563 2.924166
-1.451786 1.628391 2.902986
-1.555728 1.081846 2.985264
-0.592959 0.030184 0.886202
-0.047353 2.450372 0.603909
-0.597337 0.033886 0.375739
-0.039399 2.394413 0.753911
-2.206871 1.284263 2.985358
-2.630686 -2.589372 2.998218
-0.048500 2.425939 1.097451
-0.598424 -0.112028 1.174603
1.152521 0.055546 0.129294
-1.540967 1.135904 2.959340
2.522119 -1.050768 0.695550
-1.425282 1.590118 2.961648
3.060746 -0.140149 0.002502
2.562967 1.009355 0.490838
2.886822 1.010409 0.043983
-0.490358 0.109482 0.548898
-0.206069 0.001851 0.022640
-0.052547 2.456878 0.603268
-0.212057 1.584389 0.000022
-0.600979 0.100669 0.191695
-0.067580 2.452542 0.381760
-0.246766 0.054802 0.060740
-0.609776 -0.209876 0.638841
-1.523448 1.627387 2.987445
2.680893 0.991719 0.377060
-0.691494 1.919311 2.988529
-0.864907 1.606076 2.977602
-1.500969 1.690086 2.926657
3.049021 -0.792059 0.068506
-1.415773 2.063542 2.954853
-1.449292 1.020439 2.969857
3.271424 -0.802542 0.002144
2.998020 -0.166036 0.009764
2.490492 0.104764 0.002639
2.462158 0.344798 0.006696
1.553191 1.456743 0.198230
-0.040338 2.459270 0.996845
-0.059625 -2.180317 0.441876
-0.101967 2.703210 0.016550
-2.113421 0.616750 2.982988
-1.370786 1.533499 2.996137
-0.726624 2.082148 2.892997
1.542575 1.715230 0.971768
-0.895828 2.033128 2.995024
-0.993398 1.813836 2.964854
-0.058012 -2.156517 0.874602
-0.598026 -0.133956 0.796102
-0.852921 2.078343 2.999794
-0.748194 0.616203 2.994088
-0.955661 1.682548 2.880172
-1.463703 2.063809 2.957030
-0.247877 0.049871 0.158299
-0.227072 0.018908 0.100022
-2.300853 -2.196453 2.998936
-0.497635 0.105629 0.747283
-0.047880 2.421806 0.142849
-1.542743 2.002351 2.999182
-0.042881 2.440688 1.115588
-1.327054 1.027465 2.986200
-0.486600 0.126637 2.992066
2.532429 0.967743 1.452052
-0.693245 1.182473 2.942218
-0.841754 1.659192 2.970402
-1.463309 1.997417 2.928768
-1.272663 1.073063 2.986242
-1.682237 2.008306 2.959245
-0.509068 0.097972 1.310554
-0.453392 0.092002 0.606020
-1.718416 -2.618785 2.997808
-2.315938 -2.307649 2.994813
-0.051500 -2.168867 0.326466
-0.408146 0.096999 0.602126
-1.989154 -2.884794 2.993338
-0.048670 2.458223 0.403210
-0.457599 0.106981 1.380908
-0.046075 2.406117 0.735378
-1.713321 2.006294 2.993114
-0.822008 1.786270 2.948740
-0.718447 1.176919 2.920923
-0.523249 0.812516 2.980180
2.550870 0.821943 1.437301
2.611301 0.972992 1.414790
-0.901080 2.227662 2.978496
-0.897673 1.777529 2.890245
-1.148992 1.824932 2.872802
-1.334766 1.085781 2.989138
-1.466433 1.931796 2.907135
-1.601062 1.596406 2.980676
3.273165 -0.915432 0.017976
-1.950932 1.273288 2.991122
-0.003630 2.518215 0.222300
-0.607340 -0.121097 1.069371
-0.597918 0.100538 1.200760
-1.955371 -1.784598 2.999337
-1.654583 -2.216585 2.997280
-0.249312 2.175897 0.001526
-2.136329 -2.918748 2.992827
-2.407234 -2.521123 2.998203
0.044066 2.567516 0.075590
-1.320343 1.061666 2.947448
-1.067019 0.663331 2.990182
0.517566 -1.297000 2.999861
1.173086 -1.768028 2.999911
2.582375 1.003107 0.436149
-0.649281 1.380035 2.939186
-0.425374 0.813923 2.993241
-0.755543 1.853129 2.971965
-0.639121 1.338464 2.992828
-1.493514 2.100535 2.939492
-1.193649 1.036891 2.983670
-1.609289 1.942299 2.943403
-1.455720 1.589394 2.995920
2.340187 0.646976 0.001025
-0.058030 2.372599 0.653151
-0.941903 -2.685638 2.998450
-1.704260 0.816188 2.981468
-0.939561 0.603643 2.989808
-0.823690 1.785115 2.981958
-1.064411 2.212820 2.978955
-0.871563 1.823617 2.922730
-0.368421 0.884349 2.992366
-1.134974 0.995922 2.976388
-1.629266 2.000694 2.996652
-1.664508 1.526366 2.986359
-0.424639 0.091447 1.379812
-0.027390 2.443470 0.503483
1.056096 -0.017701 1.003482
2.728758 1.008400 0.295129
-1.228664 1.155622 2.957910
-0.921490 0.750233 2.978757
-1.043695 1.121177 2.931985
-1.535017 1.891879 2.985899
1.132541 0.049637 0.579504
-0.461651 2.489550 0.005926
-1.735725 1.822275 2.997124
-1.090957 1.164122 2.958866
-0.744920 0.801001 2.991154
-1.187927 2.398095 2.946930
-0.915809 1.882054 2.930305
-0.240992 1.118411 2.998381
-1.486460 2.043474 2.966482
-0.744343 0.886702 2.989553
-1.147326 1.109244 2.962523
0.949385 -1.805358 2.999304
-1.466450 1.603625 2.985121
-1.121139 1.198723 2.958063
-0.683940 0.834535 2.983069
-0.047800 2.399371 1.017081
0.100305 0.866038 2.988725
-1.291885 2.348889 2.974954
-0.904257 2.044069 2.987697
0.094410 1.093751 2.987075
-1.011798 1.378110 2.905221
-1.855324 1.792346 2.983752
-0.696991 0.940588 2.966086
1.992001 -1.500718 2.997833
2.638193 0.985867 0.135703
-1.794959 0.896545 2.983712
-0.951986 0.590509 2.987244
-1.428710 1.503534 2.989352
-0.950362 1.312652 2.986949
-0.566121 0.886936 2.982103
-1.083381 2.131749 2.956921
-0.204273 1.449541 2.986988
-1.333609 2.447520 2.977172
-0.608107 1.791577 2.992278
-0.961377 1.545804 2.927549
-0.619675 1.305400 2.910605
-1.805360 1.833336 2.991405
-0.907943 1.327374 2.895422
-0.553824 1.095676 2.963019
2.499094 0.644891 0.522941
-1.202587 2.943268 0.004441
0.073659 2.584699 0.110007
-0.947257 1.324403 2.988135
-1.416849 2.439130 2.978323
-1.128342 2.176057 2.968972
-0.162853 1.599659 2.990930
-0.962091 1.239644 2.901817
0.103500 2.604681 0.118851
0.809987 -1.655371 2.998677
2.099436 -2.615941 2.993813
0.669508 -1.921463 2.995097
0.901202 -1.515974 2.999764
1.392774 -1.754827 2.999653
1.981446 -2.576776 2.989509
-1.020172 1.347491 2.945343
0.005117 2.300448 1.060620
-1.539553 2.387064 2.996422
-1.599632 2.363293 2.983772
2.684613 0.976874 0.456063
1.605185 -1.601919 2.996580
-3.485612 2.972095 0.750213
1.520763 -1.951528 2.997908
3.341011 -2.964161 2.994869
-3.481764 2.949864 0.773591
-1.587187 0.816823 2.992323
-0.040005 2.449320 0.678462
-0.904545 1.439048 2.998355
-1.526479 2.431824 2.978730
-0.609489 2.025764 2.985864
-1.591462 2.418933 2.989965
-1.226721 2.192912 2.975736
-0.866296 1.487545 2.906028
-0.714866 1.893213 2.975732
-0.037217 2.438359 1.194761
-1.781924 1.700323 2.931853
-1.376896 1.641919 2.938050
-0.410970 1.355010 2.988269
-3.491861 2.962970 0.843267
0.409696 -1.017661 2.999698
2.790401 1.003386 0.242986
-1.044315 2.876189 0.010655
-0.039696 2.470355 0.707914
-0.454813 1.345885 2.983718
1.084978 1.102195 2.906191
-0.924290 1.489150 2.959813
-1.668013 2.388948 2.994131
-1.311918 1.786273 2.965605
-0.824541 1.597430 2.969332
-1.219733 2.324371 2.996886
-0.671783 2.079752 2.842656
-0.673232 2.002675 2.940266
-1.369152 1.704352 2.924499
-0.914529 1.463098 2.911562
-0.410689 1.348966 2.986337
-1.786431 1.643752 2.939079
1.010702 1.090612 2.795388
3.234608 0.003744 2.996128
0.018959 2.304405 0.646590
-0.038624 2.462186 0.480677
-0.310108 1.380394 2.978877
-1.221536 2.206363 2.984839
-0.021821 2.456474 1.411440
-0.714734 2.151928 2.967899
-1.770354 2.361621 2.999678
-1.370480 1.465751 2.945806
-0.863226 1.622188 2.902513
-0.035891 2.459734 1.080665
-1.889879 1.684974 2.948082
1.557514 1.341596 1.393109
-3.380158 2.934489 0.405201
0.036070 2.301350 0.582428
-3.347121 2.842646 0.354022
2.658048 0.961432 1.315122
1.623244 1.698312 1.195955
-0.037256 2.452080 0.757587
-1.387639 1.411656 2.980715
-0.767810 1.538336 2.932553
-0.023081 2.455334 1.327053
-1.341407 2.264251 2.980362
-0.716474 2.250189 2.989613
-1.816730 2.313148 2.995440
-1.287770 2.241062 2.986551
-0.022087 2.454079 1.389316
-1.784689 1.534437 2.952134
-1.445458 1.425245 2.997306
-3.398688 2.522741 0.394996
-3.347130 2.596686 0.006031
-0.037501 2.445949 0.492782
1.219123 1.029823 2.856750
0.905920 1.085173 2.949468
-1.337029 1.607821 2.971154
-0.767000 1.758263 2.950339
-0.306254 1.679156 2.978406
-1.860752 2.203490 2.978763
-1.386678 2.222034 2.975260
-1.276107 1.652987 2.937514
-0.727059 1.709239 2.925899
-1.740112 1.559081 2.941603
-1.326195 1.504892 2.921450
-3.369137 2.731963 0.367680
-0.028302 2.461043 0.658521
-3.348770 1.519620 1.129613
-3.388213 1.624824 1.218996
-0.882483 2.403736 2.979114
-1.876652 2.288007 2.995793
-1.371913 2.289820 2.905120
-0.934101 2.425604 2.978949
-1.689888 1.654496 2.938634
-1.326890 1.692305 2.943517
-1.754116 1.425248 2.987845
-1.636478 2.882372 0.004232
-3.413316 2.096514 0.543534
1.178579 1.155987 2.749885
-3.470169 2.389420 0.826899
-3.401127 2.994333 0.491863
-0.275767 1.942934 2.971014
-0.930413 2.390004 2.968737
-1.921175 2.099767 2.979169
-1.445666 2.274364 2.949654
-0.826270 1.800948 2.908643
-0.312642 1.987281 2.990190
-1.637259 1.471732 2.956309
-1.134211 1.521268 2.986453
-2.712945 2.680659 0.011942
-3.148732 2.557863 0.009296
-3.445410 1.604769 0.827154
-2.187900 2.684277 0.000226
-3.286158 1.685990 0.352852
-3.411892 1.780690 0.011068
-3.429974 2.298068 0.412546
-0.017928 1.410627 2.997485
-0.788074 2.023210 2.895492
-0.375565 2.060147 2.976349
-0.938252 2.359029 2.949799
-1.972202 2.079799 2.975947
-1.522433 2.223948 2.897537
-1.600346 1.697435 2.981014
-1.238612 1.759530 2.982333
-1.619919 1.483568 2.909369
-0.716645 1.786891 2.924891
-0.482741 1.238711 2.999549
-3.475754 1.733953 1.220108
-2.441228 2.923831 0.011591
0.786281 1.117632 2.993083
-3.382568 1.588785 1.096951
-3.450667 2.642499 0.557737
-0.772313 2.028290 2.901773
-0.376721 2.148067 2.964751
-1.903652 2.044432 2.974342
-1.536158 2.340611 2.952882
-1.577154 1.797047 2.945543
-0.764313 2.083189 2.943505
-1.623577 1.348881 2.966587
-1.119311 1.704092 2.997237
-0.770378 1.930829 2.953506
-3.324650 1.509992 1.078133
-2.347424 2.506704 0.001757
-3.109007 1.608336 0.353517
0.010266 2.468440 1.452050
-3.345716 1.918276 0.676775
-0.451801 1.680140 2.987926
-0.315014 1.795091 2.958637
-1.178446 1.660540 2.990573
-0.721375 1.953129 2.893127
-2.005049 2.027626 2.969104
-1.469464 1.407160 2.948409
-1.268060 1.803319 2.980969
-0.862358 2.037676 2.898847
-0.474539 2.337188 2.970439
-3.080986 2.757399 0.008345
-3.417504 1.472198 1.005929
-2.512634 1.863213 0.259964
-3.268563 1.502139 0.410968
-3.409860 1.503282 1.156683
-0.818831 2.087530 2.913291
-0.466653 2.431944 2.986338
-1.592359 2.235698 2.964053
-1.327924 1.997740 2.940404
-0.969282 2.238113 2.908171
-1.986649 1.913975 2.944963
-0.858841 2.025216 2.932781
-3.428753 1.677225 1.390036
-3.394475 2.161542 0.458325
-2.708524 2.625158 0.003532
-3.391777 1.746858 0.347843
-2.444359 2.355980 0.004643
-2.795815 1.982949 0.001584
-2.519383 1.824621 0.262548
-2.440040 2.348800 0.000394
-3.053946 2.275846 0.000570
-3.177195 2.310720 0.001169
-3.396122 2.233218 0.247321
-3.307537 1.938873 0.336812
-3.200326 1.615212 0.659579
-3.301487 1.518819 1.336138
-1.990296 1.887321 2.965800
-1.622413 2.193465 2.929428
-2.052523 1.824413 2.991131
-1.736764 1.957129 2.990356
-0.868145 2.180178 2.897816
-0.533694 2.477899 2.999190
-1.442527 1.331613 2.977826
-3.404838 2.474493 0.332416
-2.959688 2.635430 0.027159
-3.306966 2.325977 0.006388
-3.407845 1.691027 0.362561
-2.772689 1.894451 0.004058
-2.546503 1.679888 0.258750
-3.431701 0.049226 0.283746
-3.267907 2.313961 0.008353
-3.270008 1.599269 0.334515
-3.163072 1.532867 0.613306
-3.481426 1.663167 1.087474
-1.308249 1.866737 2.983122
-1.005977 2.272766 2.897124
-2.125102 1.964994 2.951753
-1.714187 2.173956 2.939449
-1.254731 2.196491 2.931905
-1.071604 2.993056 2.966305
-1.643171 2.167979 2.995768
-0.979333 2.271694 2.913410
-3.269028 2.829881 0.273508
-3.407605 2.217100 0.555855
-3.455628 1.632006 0.921373
-3.401067 2.445580 0.349376
-0.766703 1.546604 2.961582
-2.750544 2.974545 0.007044
-3.447920 1.676711 0.407299
-2.827520 2.359789 0.003023
-3.276806 1.933260 0.286943
-3.483232 1.495258 0.475228
-0.940877 2.264838 2.949693
-3.485123 2.766235 0.746756
-2.032649 1.855271 2.973970
-1.055085 2.328342 2.976749
-0.892508 2.625736 2.957672
-1.701509 2.070522 2.910692
-1.791416 2.115144 2.991590
-1.383675 2.535710 2.994166
-1.239432 1.765988 2.913530
-0.824338 2.271533 2.931170
-3.349382 2.733656 0.365058
-2.951809 2.947139 0.061853
-3.046318 2.376412 0.002992
-3.330057 1.930012 0.400082
-3.302390 1.586366 0.654063
-3.496345 -0.285432 0.276152
-2.993741 -2.849508 2.997052
-3.391499 2.023898 0.690313
-3.449148 2.430164 0.589641
-1.049656 2.324197 2.979801
-0.891506 2.678257 2.955559
-2.040985 1.823759 2.987137
-1.770629 2.126365 2.946369
-1.508130 2.576971 2.977505
-3.496427 2.949608 0.917433
-1.333981 1.493311 2.957944
-1.290316 1.901022 2.970408
-3.468780 1.899205 0.009997
-3.196916 1.683218 0.316578
-3.351940 -2.642412 2.996382
-2.363811 2.447782 0.004482
-2.661142 2.627222 0.006534
-2.559908 1.602823 0.244098
-3.204969 0.030474 0.299647
-3.363738 -0.266869 0.315634
-3.410005 -1.007948 0.519767
-2.563710 1.576517 0.237751
-3.008092 0.038164 0.037759
-3.437554 1.497866 0.450513
-3.345299 2.854885 0.364395
-0.988840 2.257423 2.969193
-1.817292 2.057889 2.967571
-1.546964 2.618179 2.988796
-3.466855 2.072622 1.311319
-1.869455 1.704125 2.967834
-1.668762 2.157801 2.976462
-1.444411 2.522479 2.949969
-3.434980 1.664258 0.735555
-2.642257 1.823113 0.089678
-3.308622 0.109208 0.119750
-2.258423 2.779698 0.007356
-2.423653 2.292473 0.001606
-3.148177 -1.214884 0.007563
-3.155604 -0.068578 0.644414
-3.417434 2.613612 0.406779
-3.442061 2.351713 0.685563
-0.974444 2.408100 2.986142
-3.442951 1.940254 1.329973
-1.595693 2.460102 2.944851
-3.481044 1.550839 1.483428
-1.177132 1.946432 2.968199
-1.005578 2.419060 2.904778
-1.169154 1.409135 2.988532
-0.963156 1.852855 2.915856
-3.140355 1.644266 0.480695
-3.138099 -0.135735 0.831008
-2.723956 1.637467 0.116377
-2.972737 -0.293772 0.022809
-3.184724 -1.216770 0.010440
-3.207985 -1.188396 0.118313
-3.420838 -1.763950 0.392017
-3.221108 1.793616 0.010802
-3.155220 1.497933 0.373919
-3.364595 1.988388 0.467428
-1.073944 2.514680 2.987757
-1.053420 2.925348 2.987466
-3.466756 1.635265 1.077067
-1.691337 2.453602 2.981611
-1.570930 2.965397 2.950186
-3.459592 2.013118 1.298343
-1.887498 1.523857 2.987391
-1.695036 2.460543 2.938398
-3.446946 1.729125 1.066463
-1.161941 2.465586 2.917583
-1.369196 1.611858 2.992666
-3.476173 2.850594 0.672047
-1.175676 1.468001 2.964867
-0.991733 2.003439 2.905107
-3.399222 2.153073 0.297881
-3.267429 1.631610 0.050111
-2.544689 1.764886 0.236227
-2.227911 1.420329 0.060969
-2.537335 1.578244 0.249553
-3.416755 0.003800 0.302883
-3.403806 2.124656 0.542232
-1.780909 1.550531 2.988908
-1.758591 2.912186 2.977938
-1.699069 2.503730 2.984233
-1.127407 1.946717 2.933192
-1.218545 1.577439 2.966911
-1.111770 2.524764 2.942483
-3.230482 2.837480 0.093426
-3.158368 0.034536 0.024637
-2.433361 1.908283 0.001595
-2.367407 1.300115 0.003373
-3.367528 -1.749464 0.041645
-3.373398 -2.195965 0.112269
-3.308953 1.771293 0.213646
-3.481511 1.407746 0.018330
-3.378236 -0.144766 0.301807
-3.237700 1.777415 0.685472
-1.274386 2.559153 2.969490
-1.209360 2.977471 2.964590
-3.375878 1.472598 0.971906
-1.732512 2.609546 2.972234
-1.695148 1.471452 2.954650
-1.823670 1.984185 2.966297
-1.849598 2.505213 2.949979
-1.247782 2.046935 2.953618
-3.203271 1.657328 0.804620
-1.342920 2.991352 2.993574
-3.457103 2.670250 0.542675
-3.449390 1.685952 0.064667
-1.122320 1.576342 2.965444
-3.343930 -2.984151 0.044686
-2.483664 1.888992 0.112435
-2.129503 1.544706 0.217246
-3.261558 -1.080830 0.063986
-3.412236 -1.621873 0.297490
-2.026664 -2.857709 2.997681
-1.240897 2.564776 2.953197
-1.714384 2.606078 2.934913
-1.707420 1.898803 2.900955
-1.873840 2.497147 2.974979
-3.358585 1.907972 0.822276
-1.242465 2.081065 2.978684
-1.311863 2.509231 2.957448
-3.338215 1.739303 0.340106
-1.197824 2.618767 2.909403
-3.032181 0.151170 0.101942
0.967998 -1.962530 2.998547
0.882643 -1.461150 2.999222
-2.614140 1.386778 0.077826
-3.295494 1.765474 0.121646
-3.073986 1.509140 0.198718
-3.284237 -0.072469 0.291644
-3.322401 -1.414684 0.273303
-3.211061 1.494000 0.457701
-3.164191 -0.117452 0.615352
-1.241070 2.502793 2.925908
-3.425275 1.669730 1.078783
-1.657816 1.880381 2.933023
-3.450517 2.172443 0.996462
-3.130985 -2.471717 2.993615
-1.683493 2.953398 2.981074
-0.883630 1.724431 2.984575
-1.277343 2.551047 2.949547
-3.073404 1.652210 0.324925
-2.356753 1.527630 0.214116
-0.000323 -2.308617 0.038056
-2.323530 1.490337 0.176909
-0.068583 -2.170054 1.008212
-2.827860 -0.404699 0.025162
-3.120412 -1.187385 0.007297
-3.471018 2.580583 0.646429
-3.143450 1.700086 0.397260
-3.457495 -0.768212 0.231911
-3.449621 -1.801249 0.314139
-1.397389 2.608644 2.924890
-1.437793 2.194173 2.889475
-1.277086 1.351245 2.984026
-1.360698 2.563050 2.978423
-3.243485 0.167141 0.184139
-3.361472 -2.986459 0.006408
-3.454615 2.918327 0.498352
-3.405488 2.599861 0.353841
-3.217108 2.660327 0.183347
-2.185464 1.425169 0.073961
-3.264352 2.675957 0.166011
-3.414535 2.841424 0.413915
-1.374509 2.656281 2.902879
-3.416228 -0.017533 0.765105
-1.538898 2.504060 2.926237
-1.795529 2.813867 2.930180
-3.409238 1.947180 1.067907
-1.402946 1.425384 2.942282
-1.257920 1.385684 2.938818
-1.166659 2.158054 2.995662
-1.424085 2.617251 2.958206
-3.317337 -0.074875 0.299905
-0.915569 1.837993 2.983823
-3.442971 0.159629 0.274271
-3.274530 1.782119 0.219663
-3.133315 1.555161 0.193965
-3.450265 2.970069 0.604063
-2.588695 1.522532 0.190196
-2.564355 1.851745 0.042142
-0.623299 0.036044 0.405100
1.049891 1.011249 2.977158
-3.393426 2.605924 0.348784
-3.480509 2.474480 0.214720
-3.317095 1.605173 0.779623
-1.425186 2.618470 2.906837
-1.296538 1.432356 2.948449
-1.668442 1.727681 2.968680
-1.497862 2.156088 2.895950
-1.605119 2.310386 2.886318
-2.291533 2.541501 2.982792
-1.304317 1.498832 2.919080
-1.510831 1.818863 2.991486
-1.514721 2.623464 2.939553
-3.230382 1.515731 0.662096
-3.248231 -1.160585 0.327238
-3.486581 2.562900 0.859150
-3.401269 2.091798 0.552666
1.453481 -2.872221 2.984258
-3.270510 1.478592 0.008379
-0.054318 -2.208765 0.577879
-3.350153 2.868030 0.339530
-3.482746 2.659521 0.002915
-2.491677 1.351568 0.002363
1.878940 -1.693971 0.814388
-3.498166 2.348627 0.191650
-3.337077 1.960327 0.034773
1.062551 1.012660 2.993088
-3.489788 2.607408 0.685594
-3.304691 1.391254 0.024510
-3.242817 -0.073692 0.301952
-1.250855 2.157783 2.975027
-1.540227 2.513768 2.884076
-3.459549 0.142387 0.278450
-3.446492 -1.755413 0.322221
-3.352627 1.532180 0.934410
-3.447646 -0.046708 0.741736
-1.498514 1.691698 2.941779
-1.376998 2.109812 2.915468
-1.664548 2.424166 2.979109
-2.327041 2.433550 2.983559
-2.709169 2.660651 2.987401
-1.927716 2.221330 2.987751
-1.463370 2.580538 2.961075
-3.389121 1.880954 0.997048
-3.443939 0.144701 0.191303
-3.036088 0.100121 0.076025
-0.998216 2.711202 2.962834
-1.189281 2.905113 2.995188
-2.347519 1.455291 0.108665
1.558724 -2.112917 0.612618
1.496281 -2.018063 1.129676
-1.951243 2.789701 2.971783
-3.346074 1.676865 1.013612
-1.265719 1.335339 2.959396
-1.713034 2.418517 2.978513
-2.019718 2.595656 2.973112
-1.572593 1.696098 2.953876
-2.034858 1.962088 2.997477
-2.409628 2.361034 2.935295
-1.246174 1.393611 2.935355
-1.985599 2.004728 2.997499
-3.332170 -1.749183 0.146691
-2.920587 0.158924 0.237131
-3.333195 1.649350 0.488775
-3.316788 1.747469 0.254334
-3.050300 1.492194 0.211467
-0.054336 -2.206550 0.447592
-3.461954 2.726346 0.644884
-3.056567 1.445473 0.313116
-3.358327 1.559252 0.992615
-2.071050 2.765966 2.994244
-3.063286 -0.113263 0.294979
-3.406972 -0.870015 0.161759
-1.670772 2.331240 2.941604
-1.100752 1.382906 2.978424
-2.466145 2.168710 2.953068
-1.928489 1.871118 2.951274
-2.422711 2.178261 2.964811
-1.462551 1.684105 2.983594
-1.662523 2.411165 2.931093
-3.380840 -0.051165 0.812291
-3.247469 -1.146731 0.424244
-1.097376 2.198514 2.940249
-3.071418 -0.216871 0.312683
-0.068893 -2.201574 1.403917
-3.196100 1.626420 0.758202
-0.061969 -2.170053 0.509199
-1.265553 2.566343 2.767612
-0.511751 0.095071 0.668902
-3.481889 2.614897 0.704778
-0.522665 0.108689 0.037119
-3.207782 1.602013 0.712932
-1.594653 2.624161 2.917663
-3.138573 0.162959 0.258664
-2.811671 -0.375563 0.131237
-1.701082 2.422743 2.921252
-2.214320 2.604973 2.965584
-3.141816 -0.177136 0.801588
-1.082860 1.384682 2.993817
-2.405349 2.116392 2.928727
-1.969924 1.819380 2.972731
-3.116052 -0.210355 0.911996
-1.757194 2.443863 2.908762
-2.153871 2.666009 2.980479
-3.458826 -1.559255 0.422853
-1.352123 -2.988407 0.538480
-2.865979 -0.027520 0.090643
-0.725228 2.122748 2.956272
-1.250176 2.377728 2.789328
1.350212 0.972858 2.979889
2.555272 -0.867379 0.326370
-3.144795 1.500865 0.002327
-0.615663 -0.212876 0.735326
-0.041992 -2.203268 0.855590
-1.646186 2.376964 2.933125
-3.183860 -1.154822 0.186058
-2.360737 2.008820 2.926311
-1.113682 1.451605 2.969738
-1.916931 1.844714 2.926416
-1.251769 2.105643 2.913520
-1.705017 2.355878 2.907995
-3.447798 -0.912750 0.217327
-0.971859 1.993342 2.975094
-0.716895 2.098199 2.986283
-1.193924 2.342261 2.956795
-0.020209 -2.146786 0.086660
-3.118091 1.457494 0.199775
1.041314 -0.117003 0.386112
-3.149146 1.702279 0.406231
1.038967 0.017400 0.036053
2.848311 -0.691839 0.865741
1.642070 -1.756201 1.395847
-1.703100 2.395206 2.959215
-2.219249 2.520160 2.996463
-3.480486 -0.944854 0.276331
-3.293730 -0.898897 0.099424
-3.192882 -1.898414 0.363246
-2.408191 1.983740 2.943979
-2.866493 2.014402 2.996121
-1.053249 1.444541 2.997299
-1.744112 2.305425 2.978493
-0.910524 2.090394 2.981277
-1.290994 2.243170 2.945646
-2.196862 2.627890 2.997287
-3.373875 0.147201 0.242520
-3.045594 -0.199267 0.314696
-3.013895 -1.004551 0.021574
-0.590941 -0.011032 0.008004
2.856722 0.245097 0.001393
1.022067 -0.108859 0.451807
2.861707 -0.697567 1.209559
-0.608319 -0.042357 0.749709
0.919218 1.143646 2.812536
-2.888205 -0.007640 0.297083
-0.599222 -0.077500 1.395998
-1.803905 2.394538 2.987126
-0.005239 -2.271732 1.285084
-2.508780 1.864491 2.984273
-2.003108 1.757369 2.961733
-2.454311 1.889662 2.950064
-1.804796 2.196643 2.919566
-2.165243 2.268106 2.982719
-0.053023 -2.185081 1.100815
-0.068492 -2.229142 1.324324
-1.793255 2.364976 2.949724
-3.498142 1.640139 1.617906
-3.011824 -0.283611 0.357968
0.873330 1.085225 2.982936
-0.918971 2.188797 2.961328
-1.325424 2.397166 2.983229
1.525265 -2.066966 0.362079
1.049101 0.050618 0.175814
1.699953 1.700603 1.199396
-3.495474 1.349908 0.018832
2.552452 0.597287 1.156547
-3.461948 1.735192 1.101022
-3.168085 1.562544 0.885684
-3.368688 -0.160983 0.284688
-2.867316 -0.594826 0.050997
-0.597346 0.039263 0.724233
0.943903 1.054317 2.974042
-2.748995 2.628745 2.999361
-3.289799 -1.556117 0.078237
-3.394544 -2.179163 0.026640
-2.991634 1.834413 2.984576
-1.069106 1.475925 2.981266
-1.999099 1.740729 2.935786
-2.453624 1.837888 2.960781
-1.370706 2.172807 2.989815
-1.900373 2.306483 2.906760
-1.012950 1.995181 2.974715
-3.440448 2.226424 0.989854
2.802251 1.003124 0.386779
-3.364890 1.897186 0.778474
2.855750 -0.694317 0.634222
-3.486974 0.039585 0.267518
-0.535799 0.097851 0.722259
-2.303484 2.322119 2.971868
-3.411319 0.044188 0.712358
-3.460950 -0.809501 0.216105
-3.196355 -1.091398 0.305456
-1.944015 1.665663 2.939370
-1.442877 2.081869 2.915679
-1.334991 2.305079 2.947554
-1.943723 2.352852 2.924600
-3.417770 1.763070 0.701349
2.571602 1.007030 0.580133
0.045973 0.944673 0.000643
2.931998 0.987526 0.085905
-3.396140 2.021001 1.052125
-3.403862 1.765769 0.756836
1.634143 1.724277 1.286510
-3.357082 0.094692 0.115187
-0.593995 -0.114658 0.294930
-1.471080 2.727512 2.992420
-3.374617 -1.480707 0.389985
-1.376027 2.355696 2.998759
-1.947007 2.288125 2.969816
-2.454379 2.285256 2.977053
-0.968180 1.587455 2.965096
-1.390098 1.693067 2.921113
-1.843101 1.649208 2.932324
-2.452666 1.651564 2.981580
-2.246709 2.062534 2.970827
-1.943797 2.305257 2.967431
-2.360375 2.216887 2.976485
-1.096174 2.647618 2.831482
-3.398315 1.912928 1.080293
-3.427310 1.590510 0.731857
1.598434 1.700734 1.319497
1.549381 1.704730 1.441065
-3.324156 0.097361 0.075659
-1.641004 2.051349 2.969675
-2.398031 1.965097 2.939173
-1.036798 2.246179 2.925760
-1.405824 2.251598 2.886170
-1.903965 2.159458 2.923656
-3.388959 -1.625503 0.198601
-0.016667 -0.189234 0.009344
-3.389442 1.559922 1.329414
-0.009203 2.454974 1.472086
-3.413350 1.486011 1.207354
-2.461502 2.229331 2.986441
-1.434546 2.310328 2.994279
-1.959923 2.206099 2.979913
-2.406955 1.985852 2.986434
-0.607693 -0.094305 1.148255
-0.977740 1.597227 2.947766
-1.491232 1.581032 2.929997
-1.990876 1.526657 2.957070
-1.276794 1.732633 2.937954
-1.477671 2.175482 2.963732
-2.408660 2.128908 2.992228
1.546696 -1.882378 1.028444
-3.486531 -1.006682 0.117091
2.659032 0.975161 1.056650
2.755150 0.997021 0.177390
1.152123 1.561313 0.006910
1.700480 1.735982 0.105683
1.611593 1.724666 0.566665
3.017114 0.944305 0.059030
-3.183600 0.155658 0.245144
-2.954266 0.095365 0.137329
-0.602333 0.013763 0.333329
-2.004036 2.110355 2.980631
-2.503356 1.982900 2.959612
-3.455917 -1.836253 0.595356
-0.905699 1.541236 2.982993
-2.003327 1.904544 2.963159
-1.835223 1.529269 2.935991
-2.453819 1.442906 2.996243
-0.983569 1.709434 2.928935
-1.274557 1.627732 2.965959
-1.949444 2.214799 2.948857
-0.987222 2.330024 2.934783
-3.475748 1.485518 1.726925
-3.297140 -0.191050 0.295709
1.427703 -0.099353 0.009322
1.716847 1.260265 0.001183
2.682916 1.009311 0.091250
1.549691 1.706394 1.137495
1.576128 1.346296 1.429090
-0.599050 -0.036594 0.352291
-1.437176 2.212703 2.995011
-2.054343 2.163316 2.973572
-1.941813 1.957334 2.946523
-1.781827 1.490231 2.926188
-0.860070 1.654470 2.969422
-0.950188 2.128546 2.975069
-1.376747 2.180462 2.947405
-1.895708 2.170205 2.911706
-2.410468 2.037924 2.996616
-3.279731 -1.248356 0.349840
2.620572 -0.765507 0.992001
-3.259972 1.447479 0.865681
-3.146424 0.141543 0.093603
-3.414706 0.095158 0.061219
-2.827953 -0.317279 0.098784
2.857949 -0.685718 0.334147
2.859818 -0.685966 0.500566
2.552319 0.772050 1.451756
-2.009295 2.172102 2.976393
-2.507939 2.085537 2.974026
-2.339957 1.932964 2.925035
-1.833825 1.488674 2.946139
-2.394824 1.398569 2.995724
-1.480728 2.082896 2.946504
-1.939368 2.128530 2.966876
-0.051977 -2.201033 0.123188
-1.023514 2.337721 2.943277
-3.163375 -0.999740 0.260821
-3.055176 0.018230 0.023984
-3.326581 1.586511 1.087423
-3.406494 -0.040009 0.301927
2.787875 1.014166 0.534708
-0.598815 -0.088047 0.365119
2.857235 -0.695031 0.782420
-2.049767 2.215158 2.991650
-1.889737 2.053658 2.918163
-2.389211 1.918537 2.939867
-1.378512 1.573408 2.926379
-1.776852 1.463742 2.955205
-1.932153 1.425131 2.997773
-0.608673 -0.097444 0.993133
-1.282368 1.565585 2.921761
-0.041957 -2.228581 0.583148
0.831666 1.091016 2.986872
-0.053368 -2.220158 0.268576
1.215326 1.128473 2.746818
-0.599090 -0.061865 0.347879
2.631126 -0.754032 0.770243
-3.387452 -0.100510 0.606500
2.785269 1.007512 0.448883
-3.450154 1.853424 1.437987
-0.598396 -0.098305 0.275522
-2.609591 2.142050 2.991598
-0.592432 -0.141900 0.673112
-1.368352 1.478951 2.998056
-1.824110 1.444762 2.965034
-2.339343 1.359951 2.994667
1.410558 0.990762 2.998141
0.915476 1.136375 2.774314
-1.997225 2.078037 2.943281
-2.342715 1.995789 2.978969
-0.055230 -2.251437 0.696213
-0.595097 -0.063170 0.248834
2.658604 -0.759664 1.118904
-3.113239 0.059915 0.283964
1.332029 0.991464 0.001892
1.543262 1.700837 1.161693
3.303725 1.211566 0.000025
-0.014607 2.441777 1.434832
2.694047 1.016020 0.387060
-0.598691 -0.067466 0.404485
-3.307463 -1.429340 0.349186
-2.458822 2.038534 2.985973
-0.515136 0.088440 1.364962
-0.907664 1.647629 2.956941
-1.891285 2.028784 2.926456
-0.603287 -0.139004 0.613185
-1.488570 2.228772 2.951372
-3.372144 -1.508062 0.392931
-3.407356 -2.104220 0.007104
-3.434336 1.693755 1.485339
1.576700 1.750069 0.246438
-2.988234 -0.027505 0.294332
1.549728 1.389268 0.413909
-2.450711 1.913653 2.968781
-1.835425 1.460638 2.951792
-1.273977 1.557409 2.963472
-1.420956 1.966619 2.960680
-2.351211 1.741629 2.966552
-1.056159 2.329713 2.902191
-1.902812 2.078781 2.929707
-3.245153 -0.056232 0.826590
-3.249763 -1.141863 0.397467
-3.426995 0.103955 0.092919
-3.023574 0.151601 0.096668
-2.965738 0.033750 0.281515
3.373775 0.962885 0.004127
-3.189699 -1.846718 0.281543
-1.998275 1.887359 2.933854
-0.605913 -0.093191 0.668601
-0.867299 1.659236 2.941416
-1.823159 1.355628 2.963076
-1.845268 1.793579 2.964286
-2.151971 1.688166 2.966352
1.678046 -1.754524 0.926426
1.095173 1.110671 2.749527
-1.116913 2.270698 2.985337
-2.056514 1.954695 2.967118
2.786504 1.007581 0.485130
0.669927 1.820889 0.000806
1.537708 0.898704 0.003239
-3.339619 -0.861698 0.149579
1.561784 1.703655 1.439717
-3.444876 -1.741903 0.287171
-1.894726 1.939431 2.941850
-2.405770 1.784017 2.972727
-1.218986 1.532653 2.947966
-1.727154 1.407009 2.933262
1.364691 0.994037 2.877114
-1.523721 1.961885 2.997108
-1.942311 1.852667 2.927556
-2.291567 1.706360 2.957075
1.869888 -1.691010 0.580768
2.561979 -1.121164 1.010174
-2.054754 1.904430 2.966931
-3.175507 -1.019620 0.308964
-2.613107 2.431124 2.999947
-3.368000 1.503448 1.462522
0.858071 1.515307 0.002674
-0.239983 0.062557 0.176208
1.452749 -0.080125 0.006696
3.446316 2.339374 2.819031
-2.042390 1.925727 2.941834
-2.447230 1.723970 2.984818
1.673218 -1.753791 0.979215
-0.782396 1.616212 2.984773
-1.309300 1.396248 2.966758
-1.763748 1.261705 2.974433
-1.470452 1.833693 2.974256
-1.837825 1.742071 2.974603
-0.607006 -0.138484 0.918947
1.750285 -1.751077 0.877850
-2.051575 1.897718 2.932175
2.538860 -1.061931 0.226395
-2.946944 0.154085 0.269574
-1.023623 0.824645 0.001980
-0.093704 1.255591 0.005696
-3.377626 -0.059433 0.626946
2.242123 0.978231 0.001465
-2.046894 1.803307 2.937009
-2.405567 1.593468 2.999727
-0.598812 -0.138884 1.000026
-0.811194 1.658606 2.947214
-1.316305 1.409337 2.950683
-1.980229 1.607916 2.928128
-2.171458 1.489584 2.919588
0.840533 1.084142 2.925298
2.497922 -1.059137 1.448143
-1.590501 2.166059 2.970486
-0.605083 -0.087698 0.356969
2.586388 -1.105127 0.450566
-3.350867 -1.423398 0.353702
-3.459341 -0.915760 0.396494
-3.183102 -0.326680 0.274239
-3.136235 -0.162745 0.798053
-2.312686 2.363005 2.999516
-2.494205 1.510760 2.981279
2.744268 -1.130545 0.019154
-0.796005 1.713470 2.973264
-1.882348 1.719068 2.920497
-2.277061 1.457209 2.953125
-1.211086 1.539489 2.958441
-1.722972 1.342254 2.921867
1.866340 -1.694871 0.725620
-1.152599 1.737236 2.994664
-2.057343 1.914599 2.943265
-2.432480 1.617083 2.986423
-1.168483 2.388745 2.974143
-0.761164 2.687154 2.979680
-3.408037 -1.585872 0.176568
1.706940 2.298295 0.004932
3.424399 2.360888 2.816592
-2.100789 1.899019 2.941320
-1.261398 1.480860 2.996952
-0.931452 1.762081 2.939581
-1.170703 1.646514 2.955622
-0.013169 -2.251493 0.704052
-1.051111 2.436934 2.893574
-2.372590 1.575390 2.991776
2.564260 0.576234 1.292085
-0.036377 2.457808 1.130552
1.330104 -0.261345 0.004319
1.575560 1.338347 1.120284
-2.045971 1.722569 2.939687
-2.436311 1.411779 2.958398
2.571333 -1.054798 0.688873
-1.633196 1.761726 2.955604
-1.931237 1.604778 2.934103
-1.285718 1.500533 2.911733
-1.718745 1.254379 2.980281
-1.975520 1.772528 2.972234
-1.046710 2.276938 2.908158
-0.548537 -0.257702 0.110494
-3.498261 -0.809472 0.064733
1.391764 -0.043152 0.065116
-2.444849 1.464751 2.983723
-1.982836 1.660396 2.926493
2.572571 -1.101764 1.391408
-1.263454 1.420339 2.963848
-0.489595 0.096044 0.699715
-2.044374 1.771881 2.943998
-0.603457 -0.205844 0.294597
-0.025800 2.457478 1.500084
-0.595042 -0.146268 0.347455
-0.523532 0.096828 0.496043
-2.541649 1.469860 2.972147
-1.939344 1.730787 2.959070
-1.711187 1.146032 2.983824
1.201673 1.039025 2.772023
0.941072 1.083751 2.883312
-1.043363 2.229100 2.894673
-1.929149 1.766492 2.947797
-0.689666 2.254206 2.986554
-1.178731 2.451771 2.972701
1.535713 0.591675 0.002680
3.173023 0.994891 0.005202
-2.888334 -0.527690 0.004884
-3.321181 -1.060240 0.493885
-2.205688 1.886858 2.996591
0.030223 -2.094244 0.089350
-1.996576 1.728848 2.971461
-1.703388 1.160803 2.994524
-2.155076 0.941418 2.997105
1.112846 1.041313 2.983241
-1.516051 1.921446 2.977585
-2.026419 1.714286 2.974691
2.510582 -1.107334 1.093541
-1.530273 2.177071 2.968491
3.462524 0.199563 0.002806
0.992532 1.406916 0.002673
-0.042338 2.360729 1.152116
-3.254230 -0.140148 0.370617
-3.193201 -1.236248 0.154946
-3.447462 -1.923021 0.484221
-2.035248 1.650476 2.930714
-1.669606 1.188684 2.980027
1.036407 1.060946 2.930347
1.157579 1.073391 2.747636
0.870304 1.078908 2.933070
-1.937275 1.720060 2.914083
-1.526719 1.826591 2.949720
-2.393058 1.430542 2.981568
3.491483 -0.117176 0.001679
-3.444214 -1.800316 0.359553
-3.289027 -0.177487 0.375413
2.671031 1.012629 0.338142
-1.259914 1.280864 2.971911
-1.976910 1.563103 2.940013
1.077037 -0.196749 0.959947
-2.067732 1.666756 2.979286
-3.378208 0.000169 0.762827
-3.463582 -0.667822 0.247926
-3.491491 -1.973903 0.458729
1.572613 1.700045 1.456889
-2.099461 1.735250 2.950495
-1.781335 1.206144 2.940866
-1.314213 1.294570 2.971088
-1.096709 2.141068 2.820543
0.398494 -2.496862 0.040344
-0.026123 1.297910 0.003356
-2.713244 1.876964 2.977010
1.607531 1.348860 1.400154
3.402490 2.464090 2.823305
-1.942828 1.529130 2.911456
-0.493105 0.087754 1.088054
1.383122 -0.275553 0.018342
-3.172597 -0.989456 0.203327
-3.294253 -1.909714 0.121862
-2.374274 2.165815 2.993370
-0.599689 -0.079152 0.748833
-2.093246 1.632545 2.934052
2.542105 -1.126558 1.376786
1.029932 -0.160836 1.434660
-1.525094 1.723334 2.984758
-1.927109 1.517363 2.961731
-0.597533 -0.082083 0.760214
-2.059836 1.569245 2.950659
0.005517 -2.158418 0.021142
-3.376103 -1.704575 0.386151
1.914900 1.303378 0.003256
-3.215321 -1.106588 0.241435
0.040467 1.384404 0.009577
-3.336530 -1.471155 0.291012
-2.748962 1.721337 2.983397
-2.539824 1.303197 2.993102
-1.603773 1.124303 2.987975
-1.624673 1.563903 2.942427
-1.877648 1.419331 2.943016
1.049447 -0.161868 1.331381
-2.100308 1.521752 2.951449
2.533946 -1.069109 0.165522
-2.363531 2.063459 2.993922
2.072118 1.044166 0.000821
-2.092952 1.597744 2.945318
-2.423296 1.219841 2.958404
-1.630783 1.621410 2.992971
-1.978067 1.400466 2.946513
-0.607359 -0.046207 0.978422
-1.586447 1.831573 2.950413
-2.045948 1.588228 2.969304
-0.197052 0.051073 0.150437
1.788261 1.332628 1.280288
-1.212259 2.671290 2.891144
-0.594675 -0.081845 0.697673
-1.694458 1.879714 2.998878
-2.147662 1.491562 2.980700
-2.543243 1.270870 2.999116
-2.130639 1.387025 2.951277
-1.325271 1.353433 2.933926
-1.737110 1.894438 2.974043
-2.077479 1.476301 2.905794
-0.003218 1.457597 0.001377
-2.852953 -0.462202 0.152387
-0.045099 2.451262 1.201066
2.678226 1.005827 0.217740
-2.247581 1.571130 2.980701
-2.578392 1.226849 2.986012
0.063051 -2.362616 0.014991
-2.415788 1.141412 2.974594
-0.897798 1.540577 2.978487
-0.941537 1.571606 2.990453
-1.799882 1.107276 2.990844
-1.421584 2.115749 2.965084
-2.088932 1.436936 2.939999
-3.244492 -1.091525 0.427372
3.056364 1.387125 0.000315
-2.514245 1.034376 2.979356
-1.983402 1.391324 2.921412
-2.366321 1.019611 2.996502
1.555217 1.114695 2.935890
-0.966542 1.458984 2.953310
1.027542 -0.132280 0.344345
1.739900 1.336056 1.296740
-2.892146 -0.515168 0.141143
-0.599526 -0.087610 0.066840
-0.598092 -0.037829 0.569111
1.363367 -0.247787 0.006188
-2.175685 1.334960 2.925330
-1.381333 1.328010 2.921084
1.533659 1.124325 2.932113
2.553542 -1.062354 1.456658
-1.344501 1.221653 2.995814
2.532969 -1.100639 1.417729
-1.374361 2.069330 2.962609
-1.738692 1.709529 2.999506
-0.390672 0.097206 0.505585
1.051150 0.010949 0.056058
2.922025 0.077231 0.000753
-1.047599 2.594212 2.919493
-0.361070 0.094758 0.468103
3.395363 -0.008018 0.005739
-2.175418 1.281353 2.940339
-0.058532 -2.204717 1.397364
-1.463398 1.202164 2.956651
-1.013145 1.481404 2.946038
-1.357316 1.167192 2.970782
-2.235866 1.398330 2.939656
1.039095 -0.153497 0.806681
3.409879 -0.489739 0.000308
1.710810 1.346724 1.079275
1.812109 1.335906 1.085948
-0.033914 2.453126 1.007662
-3.499355 -1.625753 0.351232
-0.494998 0.093104 0.353239
1.559412 1.702853 1.083200
-2.232460 1.342964 2.979330
-2.501350 0.926498 2.992366
-0.583110 -2.977796 0.549703
-0.954171 1.444690 2.972662
-1.298815 1.161723 2.990571
0.005606 -2.237578 1.465587
2.980376 -1.655571 0.005678
-1.436259 2.023713 2.970169
-1.795639 1.753266 2.945398
-2.238598 1.463754 2.996355
-0.611628 0.048669 0.382932
1.465991 -0.019340 0.000508
-0.052283 2.462813 0.687280
-2.221262 1.240727 2.966316
-1.413197 1.217469 2.958926
1.033171 -0.158118 1.076884
-1.412744 1.687037 2.982950
-1.728852 1.519974 2.964867
3.470524 2.375103 2.825539
2.369817 -0.199137 0.000470
1.838719 1.342919 0.966619
-2.173185 1.219305 2.965590
-2.443875 0.887429 2.977028
-1.455588 1.114279 2.985673
-2.014383 1.156730 2.969789
-2.249886 0.905108 2.990784
-1.036460 1.762484 2.921338
2.525495 0.598110 0.646881
-0.039406 2.463531 0.828672
-0.577336 -0.206653 0.080220
2.550642 0.949493 0.802091
-2.061247 1.130295 2.932512
2.617644 -0.753274 1.115767
-1.657865 1.019569 2.975253
-1.003089 1.449278 2.977555
-1.969316 1.050001 2.959786
-1.432362 1.945535 2.969074
-2.156786 1.162815 2.994844
2.549687 0.594656 1.011094
-1.728708 1.495586 2.980306
2.657527 -0.751107 1.387655
1.059976 -0.159165 1.427068
-0.585090 1.674694 2.988673
-2.125440 1.160810 2.942535
3.017483 -1.628810 0.001149
-1.068600 2.211545 2.878330
-1.492597 1.784730 2.951786
3.305943 -0.237036 0.012440
3.074367 0.004282 0.001316
3.252991 0.212369 0.005897
1.842306 1.345764 1.009732
-2.322109 1.854428 2.979831
-2.566653 1.646482 2.999378
-0.035437 1.357783 0.003449
-2.665451 1.553249 2.991300
-0.517020 -0.268245 0.094727
-2.129968 1.069583 2.971210
-2.497976 0.755328 2.987548
-0.599666 -0.058235 1.055403
-0.871763 1.348855 2.938281
-1.260439 0.980045 2.977650
2.573776 -1.110192 0.730720
-1.494177 1.894717 2.973699
-1.853368 1.576428 2.952881
-0.042162 2.458394 0.879610
-0.602577 0.096611 0.079414
-2.508320 0.814445 2.992372
-0.921789 1.261671 2.943924
-1.202236 0.950373 2.999374
-0.002577 -2.099900 1.398813
2.541943 -1.109079 1.307287
2.754099 -0.759400 1.447447
1.308761 1.151926 2.796422
-1.737762 1.525745 2.946340
-2.069397 1.122396 2.990976
2.589134 0.572066 1.147071
3.154850 0.036545 0.002844
2.538957 0.598508 0.342486
1.839553 1.343706 0.926219
-3.323471 -1.351919 0.279323
0.022248 1.261990 0.000358
-3.353754 -1.396106 0.381605
-2.074251 1.097296 2.945388
2.617141 -0.752525 1.083704
2.793723 -0.753309 1.320258
2.658319 -0.750394 1.092073
-1.636847 1.416484 2.929780
2.565621 -1.118543 0.763253
2.580283 -0.750267 0.523011
-1.381359 1.804184 2.971141
-1.216728 2.340448 2.881625
-0.199073 0.071740 0.000639
1.311703 2.040464 0.002211
1.465348 -0.244696 0.023301
-0.602055 -0.116490 0.891176
-0.846032 1.252088 2.996649
-0.828718 1.309839 2.941781
-2.083188 0.974732 2.969495
-1.032811 1.993506 2.926410
2.586051 0.591894 0.255616
-0.423710 0.098505 0.309218
-0.171467 0.060035 0.074781
2.214131 2.456621 0.018538
-3.439786 -1.874386 0.018404
3.497134 0.127342 0.010909
-2.024185 1.120749 2.948110
-0.916951 1.182559 2.955067
-1.300333 0.900379 2.997241
1.539361 -2.056368 0.536315
-2.018916 0.980418 2.976781
-1.024504 2.107411 2.977728
-1.270616 2.278470 2.756231
-0.432067 0.098232 0.405617
-2.663532 1.482502 2.999669
3.125113 0.577684 0.001343
1.546016 1.411415 1.283825
-2.189239 -0.237003 2.999354
-1.207487 0.863071 2.994189
-0.870397 1.208244 2.954115
-1.423334 1.714303 2.975263
-1.783454 1.399053 2.972793
-0.609468 0.024641 0.710405
-1.186316 1.983660 2.958547
-1.263764 2.249230 2.746275
-2.161903 0.834577 2.951230
-2.167944 -0.324988 2.990336
2.529183 0.579967 1.115024
3.293786 -0.022360 0.007874
-0.050331 -2.209543 0.325834
-2.073133 0.886440 2.952564
-1.323480 0.886951 2.985731
-1.212864 0.807823 2.994213
-1.693418 1.242059 2.928127
-2.049692 0.888949 2.965910
-1.034559 1.749950 2.922927
-0.052391 2.423642 1.487779
-0.027449 -2.219409 0.533111
2.542736 0.598107 1.288672
-2.039504 0.790908 2.987406
2.275137 0.348385 0.007365
2.425895 0.304436 0.004289
2.872495 0.551221 0.004721
1.080985 1.755562 0.000662
-0.598530 -0.141307 0.443704
-2.060523 0.786680 2.970872
1.864829 -2.276796 0.011361
-0.962511 1.161039 2.990458
-1.265450 0.845539 2.994824
-0.703946 1.526694 2.981780
-2.040183 0.589790 2.965556
1.775339 1.343207 1.419371
3.227868 -0.016350 0.013754
3.076262 0.501708 0.003426
-1.530632 1.570631 2.989884
-2.063649 -0.405572 2.982674
-1.063505 1.219668 2.996019
-1.023307 1.263123 2.955548
-2.039824 -0.511971 2.998904
-1.886465 1.210001 2.990715
-2.140994 0.696259 2.998336
-0.354931 0.096539 0.402858
-2.005111 0.730771 2.943578
-1.365230 0.969990 2.997188
-1.118694 1.252378 2.984992
-1.542437 1.473655 2.955075
-1.846028 1.112321 2.989279
-2.024080 0.638012 2.954911
2.893454 0.149351 0.004516
-0.602347 -0.108622 0.250527
0.228412 2.354908 0.000292
-2.054033 0.634046 2.965481
-3.292964 -2.720669 2.998345
-2.457224 1.343523 2.997885
-0.040191 1.245681 0.004526
1.642325 -1.747021 1.453264
2.567354 0.598883 1.365355
-2.917593 -2.501313 2.996620
2.140584 -1.853675 0.034470
-2.042404 0.504778 2.980591
-0.060501 -2.213187 1.018130
-0.968970 1.021056 2.960204
-1.928678 -0.604811 2.989706
1.548949 -1.877082 0.791074
-1.269488 0.695527 2.990994
-1.753404 -0.232508 2.998647
3.318641 -0.010027 0.005927
-2.103823 0.492545 2.986991
-0.629596 0.044895 1.166801
-1.740603 -0.285576 2.999115
-1.317205 0.747635 2.996289
-2.094832 0.457279 2.984795
0.099109 2.300580 0.861053
1.522712 -2.052991 0.300429
-1.493982 1.289701 2.995169
-0.998791 1.115618 2.944915
-1.232858 0.703323 2.998376
1.554098 -2.056066 0.357851
2.581391 0.598167 0.812940
-1.577711 1.414544 2.995150
-2.465328 1.157546 2.988719
3.269562 -0.080281 0.001438
-2.007597 0.410820 2.998949
-0.603097 -0.074175 0.887174
-0.930900 1.149551 2.982998
1.566588 -2.037756 1.472821
2.630114 0.599936 1.348639
-1.633700 1.365742 2.984773
3.221914 2.946476 0.014686
1.540454 -2.056781 0.628601
-1.665077 -0.857825 2.993013
-0.989766 0.947968 2.970267
-1.600967 -0.419740 2.994857
1.046940 0.054877 0.713853
-1.835729 0.824552 2.987420
-1.919789 0.362511 2.991333
-0.609505 -0.079079 0.011246
1.852095 -1.685490 0.678166
-0.996078 0.982073 2.960384
-1.677854 0.831599 2.991426
-2.028071 0.328990 2.992851
3.235289 0.003223 0.005694
3.407642 0.442964 0.003052
1.542545 1.553899 0.274046
-1.521414 -0.453016 2.971605
-1.422904 1.057995 2.990608
-1.932969 0.231078 2.998391
3.494750 0.325065 0.000837
1.856491 1.336047 1.017995
-1.555699 1.256571 2.973188
1.554078 1.683761 0.003134
-1.895340 0.257990 2.999435
-1.456502 -0.506344 2.989768
-1.621207 0.634088 2.998972
-1.854113 0.185110 2.990436
2.675120 0.593022 0.860254
3.113502 0.200713 0.003656
-3.401947 -2.457257 2.995503
-2.448503 0.913317 2.995734
-0.369457 0.106553 1.130180
-0.482542 0.102341 1.174976
-1.235429 2.037179 2.746968
-3.062988 -2.753355 2.993481
0.000974 2.300897 1.139556
-2.129842 -0.327430 2.993461
2.690648 0.656830 0.757651
-1.539095 -1.038911 2.978441
-0.941366 0.851963 2.992142
-1.335068 -0.663219 2.996188
-1.471981 -1.037017 2.991941
-0.089813 1.128989 0.001058
0.002854 2.304911 1.178776
1.548181 1.563154 0.323050
-1.377907 -0.592470 2.994915
-1.430446 -1.148992 2.985123
-1.574891 0.915831 2.990761
1.540592 1.705631 0.051228
1.541619 1.432280 0.781204
-1.501149 -1.252021 2.996390
-0.901119 0.722915 2.994673
-1.680996 0.851604 2.968541
3.054481 -0.732984 0.056698
1.883523 1.341007 0.835212
-3.058287 -2.965732 2.996871
-1.870274 -0.643696 2.969674
-1.272401 -1.242379 2.968826
-1.868319 -0.142020 2.998560
-0.014212 -2.254983 1.425522
-1.932777 -1.062461 2.996822
-2.252734 -2.103893 2.997483
-2.190722 -2.569689 2.997491
-2.944592 -2.497536 2.999191
1.849809 -1.689528 0.739009
1.065805 -0.153308 0.785667
-1.580760 0.758018 2.983290
3.019288 -1.157162 0.027905
1.834513 1.347447 0.589447
1.833055 1.345699 0.703355
-1.864555 -0.792675 2.995842
-1.672069 -0.321806 2.998360
-1.723697 -1.122537 2.999567
-0.858224 0.569447 2.993469
-1.095307 -0.343496 2.990910
2.528596 -0.934585 1.463860
-0.924556 0.569938 2.997359
1.083538 -0.152242 0.722364
-1.633601 0.721827 2.988967
-1.712374 -0.366755 2.997779
-1.874518 -0.816951 2.981704
-0.369102 -0.198123 0.938868
-1.795916 0.725324 2.992135
-0.423769 0.212154 0.028188
-1.746834 -0.727261 2.980397
-1.027528 -0.390796 2.995012
-0.819862 0.522987 2.988842
-1.679333 -0.369148 2.987510
-1.615385 0.665438 2.984669
-0.383840 -0.193059 0.658115
-2.953952 -2.619742 2.996979
-2.910586 -2.877483 2.995533
-3.342263 -2.139772 2.997195
-3.403612 -2.658224 2.989616
-2.457729 -1.269783 2.981630
-1.701700 -1.331558 2.997665
-0.992078 -0.911503 2.982550
-1.007598 -0.440607 2.995904
-0.827986 0.472903 2.982746
1.115166 -0.166760 0.629896
1.469604 0.133842 0.000863
0.077337 2.757195 0.078276
-3.325312 -2.652337 2.994549
-0.975877 -0.956150 2.941973
-0.727485 0.493321 2.998684
-0.935674 -0.040714 2.991903
-0.947565 -0.493714 2.937891
-1.712170 -0.971337 2.974778
1.097158 -0.158542 0.697299
-1.875146 -2.442031 2.998158
-2.152278 0.126746 2.993594
-2.378370 -1.365894 2.981706
-2.398258 -2.364841 2.999148
-2.834869 -2.301792 2.999567
-0.168372 -0.150639 0.029144
-2.243650 -0.869287 2.993998
1.550155 -2.058015 0.614314
2.978779 -1.109248 0.016135
-0.728936 0.373596 2.959481
-0.941654 -1.051832 2.953768
-0.947388 -1.047666 2.936121
-1.579224 -0.491025 2.991727
3.041586 0.093120 0.003724
3.156314 0.731348 0.073816
0.091625 1.852443 0.002595
-0.682827 0.401283 2.981368
-0.677599 -0.009162 2.995526
-0.838043 -0.575976 2.982360
-0.832215 -1.055046 2.982440
2.818369 0.599636 1.254385
-1.429209 -0.545696 2.995116
-1.325565 0.514395 2.997029
-1.540348 -0.579060 2.992041
-2.064547 -0.008127 2.991910
-2.211837 -0.413831 2.999671
-2.352578 -1.400923 2.982865
0.161352 2.310699 0.799734
-2.232388 -1.499702 2.985961
-1.551347 -1.168310 2.937346
-1.695506 -2.069652 2.994884
-0.888185 -1.197651 2.974769
1.111434 -0.159227 1.303007
2.817994 0.587727 1.385436
-0.627724 0.351906 2.986958
-1.319520 -0.588673 2.970222
2.646574 -0.693220 0.596919
-2.116990 -0.115104 2.994250
-2.177161 -0.462318 2.988126
-2.701667 -1.976434 2.999864
-0.045541 2.846225 0.005221
-2.005352 -0.891227 2.994578
-1.492844 -1.123390 2.949330
-1.622469 -1.686342 2.997911
1.126734 -0.159072 1.451292
-0.671219 0.171247 2.932678
-0.824023 -0.775212 2.945963
-0.902191 -1.181084 2.919810
-1.451837 -0.685656 2.974685
1.124990 -0.168075 0.687728
-2.044623 -0.611268 2.994576
-2.291824 -1.091413 2.986536
-2.430992 -2.571334 2.992206
-0.708241 0.292194 2.986954
-0.867474 -1.771387 2.940437
-0.716320 -0.211694 2.954564
-0.743552 -0.730918 2.949886
-0.780852 -1.742913 2.977463
-1.441163 -0.697070 2.970656
1.116258 -0.160143 0.817251
-2.014645 -0.192164 2.995076
-2.092599 -1.168504 2.989564
-2.126653 -1.678998 2.996431
0.098529 -2.100774 0.236684
-2.149397 -1.221800 2.980484
-2.110298 -1.758538 2.968494
-1.902112 -2.270483 2.999388
-1.388812 -0.796914 2.999418
1.093166 -0.158435 1.029931
-0.648172 0.210592 2.999384
-0.679201 -0.249178 2.989432
-0.745130 -0.774945 2.921692
-0.762385 -1.344375 2.939299
-0.880642 -0.258956 2.958212
-1.335579 -1.714465 2.999480
1.124864 -0.156950 0.469640
-2.057212 -1.201407 2.965546
-2.029416 -1.738897 2.983430
-2.128543 -0.917735 2.994076
-1.738568 -1.356216 2.998926
1.625330 -2.066044 0.083416
3.434139 1.937874 0.006323
-1.425827 -1.377627 2.936750
1.044480 0.020764 0.846432
-0.672300 0.066377 2.932328
-1.102863 -0.909436 2.906543
-1.070589 -1.171574 2.910100
-0.603840 -1.297763 2.978675
-0.614202 -0.355713 2.981733
-0.672024 -0.827632 2.962321
-0.837043 -0.317506 2.932696
-1.341737 -1.367461 2.974089
-1.838322 -0.874793 2.994592
-1.810169 -1.339976 2.979601
-1.498009 -2.865188 2.999090
-2.023231 -0.434762 2.982358
2.092447 0.871670 0.000930
-1.221513 -1.422645 2.906306
-1.359649 -1.933002 2.973057
-0.692325 0.113548 2.994527
-1.082139 -1.282074 2.988476
-0.551111 -1.830894 2.981572
-0.679585 -0.364115 2.945467
-0.545875 -1.777619 2.990336
1.130901 -0.159741 0.388408
-2.363459 -2.533023 2.999958
-1.871479 -1.488688 2.983302
-1.842318 -1.931085 2.977847
-1.005034 -2.371809 2.999589
-1.164908 -1.418905 2.910479
-1.170115 -0.958418 2.949628
1.601512 -1.751825 1.321731
-0.594988 -0.873114 2.911257
-0.585485 0.083806 2.999951
-1.136547 -1.386033 2.974977
-1.955879 -0.993241 2.990084
-1.522878 -2.041850 2.997400
-1.262351 -1.477092 2.988960
-1.209134 -1.001696 2.935019
-1.103592 -1.531530 2.952188
-0.986891 -1.875315 2.993297
-0.658478 0.068647 2.968060
-0.650801 -0.974505 2.968201
-0.545480 -1.466570 2.996969
1.863627 1.344644 1.390222
-1.224337 -1.006290 2.961907
-1.783510 -1.589440 2.998625
-1.932266 -0.657512 2.997541
-1.186673 -1.113307 2.949453
-1.068705 -1.517506 2.898199
-0.524840 -0.918070 2.939240
-0.478846 -1.432669 2.949384
-0.569058 -0.554092 2.939835
-0.571600 -0.903241 2.949191
-0.454590 -1.408759 2.999393
-1.132671 -1.053270 2.926278
-0.654958 1.727067 2.764615
-1.195966 -2.007460 2.900159
-2.373562 -2.182694 2.997249
-1.850730 -1.730078 2.959018
-1.009129 -1.979780 2.985581
-0.543838 0.030613 2.999675
-0.425363 -1.480969 2.947868
-0.563062 0.020951 2.977296
-0.584986 -0.507617 2.930394
-0.345013 -1.408980 2.994701
-1.033415 -1.110597 2.931758
-1.064046 -1.583917 2.968776
2.498372 0.974828 0.523021
2.559925 0.402996 0.000070
-1.701002 -2.197510 2.985591
-2.217916 -2.291009 2.995778
-1.903022 -0.147183 2.986793
-0.985605 -1.102778 2.927950
-0.238573 -1.447002 2.997466
-1.204226 -0.565848 2.990985
-1.040261 -1.057125 2.928908
2.499810 0.973091 0.604318
-1.328182 -0.458632 2.991073
-1.589489 -1.645824 2.971595
-1.693429 -1.723525 2.955709
-1.052437 -1.056286 2.949914
-0.878151 -1.592023 2.963068
-0.509165 -0.960340 2.971754
-0.374225 -0.914304 2.908443
-1.444838 -1.693558 2.969487
-1.432731 -1.831830 2.948211
-0.989215 -1.052630 2.932361
-0.763721 -1.577811 2.935005
-0.419786 0.024976 2.971340
-0.430563 -0.399004 2.949429
-0.313800 -0.911582 2.956583
1.051930 -0.095804 1.435634
-0.881124 -0.634283 2.967873
1.055253 -0.098970 0.754669
-0.955858 -0.580462 2.998928
-0.911700 -1.113899 2.945454
-1.598578 -1.192224 2.965686
-1.513355 -1.649382 2.961214
-1.976358 -1.109055 2.996714
-1.590491 -1.287723 2.963038
-1.394400 -1.767426 2.937886
-1.412429 -2.276518 2.999801
1.540762 1.469465 0.097710
-0.854356 -1.114707 2.949069
-0.734783 -1.634487 2.937587
-0.215018 -1.012262 2.924436
-0.657457 -1.118700 2.957892
-0.632213 0.095864 2.980041
-1.149613 -0.159764 2.987015
-0.932645 -0.627131 2.969436
-0.823648 -1.142668 2.934378
1.627494 -2.063399 0.116683
-1.710026 -0.835081 2.998463
-1.379671 -1.794665 2.985584
-2.627304 -2.531054 2.999533
-1.575118 -1.396915 2.986035
-1.287364 -1.731544 2.950052
-0.807669 -1.151952 2.893685
-0.827988 -1.681463 2.943903
-0.203446 -1.523274 2.953061
-0.162783 -1.466299 2.942746
2.777583 0.351496 0.003673
-1.476638 -1.787397 2.961502
-1.967208 -2.446277 2.999735
-1.473738 -1.330324 2.995401
-0.758464 -1.211007 2.935712
-0.569820 -2.001625 2.969620
1.051308 -0.089618 1.109108
-0.157541 -0.959505 2.939261
-0.069108 -1.475233 2.976698
-0.857894 -0.576454 2.963809
-0.771096 -1.262056 2.913077
-0.618813 -1.615461 2.952644
1.052646 -0.074974 1.023290
-1.424039 -1.286240 2.972527
-1.147802 -2.368414 2.943569
-1.698073 -0.953871 2.994992
-1.609891 -0.921995 2.979491
-1.469045 -1.298897 2.991849
-1.256129 -2.339656 2.988512
1.351928 -0.007881 0.048492
-0.466493 -1.155449 2.896012
-0.097429 -1.057454 2.938509
-0.305017 -0.390862 2.944013
-0.307781 -0.837464 2.975195
-0.936431 -0.231838 2.957013
-1.276067 -1.375558 2.974460
-1.009919 -2.181754 2.984406
1.215443 -0.104212 0.112016
-1.440866 -1.442662 2.992172
0.167508 2.546461 0.052970
-1.137478 -1.778018 2.943208
-1.001019 -2.348597 2.998551
-0.616250 -1.209022 2.956911
-0.519508 -1.733619 2.961146
-0.581303 -0.789752 2.982497
-0.497846 -1.159307 2.939431
-0.370911 -1.471731 2.930426
0.162042 -1.520040 2.994775
-0.162782 -0.993500 2.965686
-0.393769 -0.009902 2.980299
-0.788239 -0.733050 2.996916
-0.682567 -1.225300 2.928410
-1.073087 -1.959055 2.869588
-1.198706 -1.560371 2.927406
-0.256788 -1.676888 2.945273
-0.060452 -0.582999 2.969214
0.085839 -1.100543 2.961856
1.158270 -0.158020 1.261922
-0.229916 -0.689493 2.936197
-0.480808 -1.322988 2.907997
1.683209 1.393300 0.137723
1.324685 -0.036561 0.005749
-0.584679 -1.418260 2.952314
-0.469682 -1.870840 2.921005
-0.143852 -2.189257 2.990830
-0.427088 -1.307637 2.975270
0.015465 -0.695560 2.934023
0.068775 -1.055543 2.930847
-0.184919 -0.167969 2.969620
-0.694017 -0.891339 2.992145
-0.502737 -1.381331 2.974524
-0.385869 -1.792239 2.969281
-0.530345 -0.192111 1.190827
-1.644293 -2.380991 2.995908
0.157800 2.345241 0.825863
-1.068894 -1.670372 2.947155
-0.934506 -1.993739 2.976259
2.402241 1.686672 0.004976
-0.438801 -1.875555 2.948523
1.562197 -2.061076 1.187514
-0.649105 -0.774382 2.994442
-0.470605 -1.262287 2.954187
-0.209076 -1.716519 2.927546
-0.140220 -0.152073 2.991422
-0.073806 -0.529833 2.968242
1.164980 -0.150381 1.380953
-0.176152 -0.120976 2.960719
-0.008056 -0.633642 2.965087
0.119306 -1.092348 2.982099
-0.348026 -1.327804 2.944295
-0.834759 -0.292245 2.989409
-0.610463 -1.313446 2.943723
-0.540083 -1.883283 2.995946
-1.052659 -1.541292 2.970041
-0.882997 -1.960690 2.995524
-0.851326 2.841439 0.002838
-0.196371 -1.815228 2.940120
0.010586 -2.216324 2.986792
1.161389 -2.811287 2.996228
-0.073011 -0.207602 2.985789
0.081632 -0.577908 2.976338
0.249543 -1.087171 2.983359
2.648710 0.628732 1.450344
0.110969 -0.617099 2.991981
2.322824 -2.985606 2.999544
-0.458455 -0.832881 2.985795
-0.678163 -0.452334 2.988173
0.156785 -2.086858 2.996845
1.157222 -2.898324 2.993143
-0.697464 -0.679618 2.936239
-0.823311 -2.037707 2.918205
-0.360893 -0.192648 1.244113
-0.765699 2.447294 0.001319
-0.608923 -2.118004 2.925524
-0.289790 -1.353421 2.902677
2.552335 -0.949392 0.645920
0.058686 -0.626552 2.993020
0.197096 -1.045828 2.935967
-0.107736 -0.218483 2.976288
0.298010 -1.089428 2.959250
-0.510875 -0.897736 2.959344
-0.709344 -2.065877 2.989060
2.755291 -1.051303 0.033479
2.016567 1.572609 0.000131
-0.147524 -1.366457 2.944971
0.222888 -1.153135 2.950643
0.152769 -0.583628 2.956874
1.915618 1.372440 1.237278
-0.208547 -1.440157 2.940773
-0.356718 -0.853774 2.941870
-0.550507 -0.878088 2.984745
-0.381366 -1.390347 2.971176
-0.543623 2.415325 0.003416
-0.749360 -1.733856 2.953946
0.084305 -1.853920 2.983864
0.894266 -1.907500 2.994303
-0.143939 -1.317251 2.986310
2.724501 0.644979 0.128303
-1.737348 -2.762764 2.999793
-0.445197 -2.146802 2.964584
0.065946 -1.749677 2.969640
0.026466 -0.117838 2.978866
1.054643 -1.854735 2.985984
2.762354 0.653583 0.926571
-0.109458 -0.839965 2.980709
0.070576 -1.290537 2.989906
-0.039472 -1.307987 2.952902
-0.673453 -1.695042 2.976160
-0.830362 -1.735644 2.987047
1.504265 0.219317 0.017544
-0.548735 -1.580128 2.980987
-0.035995 -1.257325 2.939709
0.513624 -0.984094 2.984441
0.114787 -1.103053 2.956092
1.048598 -1.860330 2.998158
0.069286 -0.068749 2.986201
-0.113682 -0.065226 2.981996
-0.526009 -0.493514 2.989935
-0.904144 -1.337488 2.973074
-0.473773 -2.110603 2.998895
-0.843887 -1.251515 2.998156
0.260741 -1.687718 2.992577
1.132432 -1.804543 2.994457
0.141128 -0.127568 2.966908
0.418589 -0.528913 2.963653
0.609918 -0.981090 2.972296
0.950478 -1.400716 2.991284
-0.151940 -0.804225 2.966525
0.128461 -0.472683 2.972893
0.057226 -1.320058 2.958409
1.060012 -0.097886 0.811978
-0.549410 -1.731008 2.947198
0.163573 -1.247717 2.944721
0.271351 -0.180319 2.971110
0.489917 -0.570686 2.982987
0.699572 -1.026259 2.974617
1.022066 -1.405321 2.995444
0.187863 -0.131428 2.964350
-0.152725 -2.085801 2.989069
0.090022 -2.439968 2.997090
-0.343665 2.092538 0.004196
2.937392 0.722432 0.040155
1.058646 -0.097636 1.395217
0.276678 -0.085656 2.973272
0.145822 -1.355107 2.994310
0.685544 -0.973726 2.982186
-0.650822 -1.324704 2.973637
-0.436739 -1.661458 2.989715
2.153366 -1.829447 0.033269
-0.433488 -0.190771 1.412879
-0.419725 -1.631343 2.951663
1.053449 -0.099032 1.054674
0.343292 -1.347831 2.958429
0.745803 -0.979489 2.996704
0.710296 -1.037378 2.988854
1.512172 -2.201756 2.997852
0.178882 -1.299070 2.974600
-0.561826 -1.233176 2.972599
1.382364 -1.740724 2.966431
0.800936 -1.025228 2.991970
1.130663 -1.400309 2.994642
0.435195 -0.575522 2.979745
1.269615 0.016094 0.007255
0.388047 -0.173880 2.989457
1.224577 -1.396919 2.987632
1.531038 -1.810899 2.981806
0.829648 -1.067450 2.994492
1.180208 -1.444541 2.984752
1.483872 -1.732080 2.977675
0.982114 -2.177248 2.998855
-0.099654 -1.041384 2.977968
-0.405510 -1.433247 2.968336
0.082664 -2.168371 2.994902
2.744365 -0.686193 0.010566
-0.649860 -2.238333 2.998509
0.150846 2.334424 0.228575
2.635431 -0.699869 0.017921
-0.085616 -1.813797 2.986814
0.148234 -2.186242 2.997945
0.490503 -1.293249 2.968811
0.412292 -0.223200 2.981263
1.270708 -1.337870 2.982100
0.412134 -1.359842 2.988109
3.172953 0.886821 0.060461
-0.037682 2.295308 0.485352
0.484816 -1.302438 2.966210
1.669744 -1.627393 2.971028
0.954933 -0.965540 2.984635
0.397539 -0.098248 2.976814
1.372012 -1.278040 2.981162
0.297832 -0.905390 2.995623
2.707584 0.642456 0.089881
2.557509 -0.890736 1.094179
0.565219 -1.351607 2.971873
1.759366 -1.657067 2.965378
0.668582 -0.528283 2.989254
0.462373 -0.127367 2.999153
0.703642 -0.535871 2.943722
1.460999 -1.235204 2.986712
1.807389 -1.588392 2.969337
0.034882 -0.529742 2.998887
0.653718 -1.348572 2.982342
1.907913 1.369088 0.721330
-0.372217 -0.217983 2.998803
2.005945 1.663065 0.075729
0.062523 -1.816837 2.998303
0.366676 -2.154385 2.996255
1.280473 0.091757 0.021954
1.769511 -1.601229 2.975646
0.985006 -1.024070 2.949970
0.557783 -0.129327 2.980765
1.096863 -0.899409 2.988232
1.508214 -1.251765 2.975674
1.856857 -1.570087 2.974621
0.923897 -1.760696 2.996350
1.223155 -2.110289 2.993752
1.179094 -0.856456 2.998733
1.557987 -1.164693 2.998006
1.959858 -1.580198 2.976803
2.555849 -0.755577 1.275981
0.750207 -1.165084 2.952770
0.699098 -1.219907 2.965981
1.686303 -2.568313 2.998689
1.142837 -0.154329 0.407752
0.152089 2.332026 0.701046
1.890134 -1.578935 2.948515
0.295747 -0.125843 2.993850
0.043170 -0.559162 2.947361
1.079836 -1.631564 2.983844
-0.029559 -1.379916 2.992379
0.288318 -1.761095 2.999995
-1.565637 2.806854 0.008042
2.924478 0.702428 0.077378
0.403871 -0.850755 2.997838
2.551814 0.917901 0.754105
1.984046 -1.449502 2.961206
0.520689 -0.091541 2.965824
0.865913 -0.483437 2.942724
0.469136 -0.175884 2.993827
1.899813 -2.241066 2.994844
2.122033 -2.777291 2.992753
-0.065378 -1.426728 2.998796
0.308068 -1.767611 2.992649
0.150999 -1.869470 2.997288
0.596295 -2.137687 2.979929
0.004145 -1.377658 2.999644
0.737033 -2.062762 2.986165
0.874355 -1.289424 2.996140
1.687549 -1.157960 2.963989
0.625573 0.001751 2.967203
0.791698 -0.436906 2.995208
1.289434 -1.551681 2.976235
0.167398 -0.541106 2.970859
1.593387 -1.872479 2.991517
0.984398 -1.838596 2.991571
0.056914 -1.381501 2.995601
1.501987 -2.686802 2.983119
-1.216781 2.480709 0.007710
2.559719 -0.761832 0.349699
0.751441 -2.118683 2.999436
0.477860 -0.914167 2.995945
0.729095 -0.036061 2.987313
1.729424 -1.072118 2.982391
0.746125 0.019012 2.996209
1.284976 -1.512580 2.996098
1.521288 -1.913925 2.986229
0.947392 -1.864449 2.991534
0.158855 -1.209837 2.961165
0.489473 -1.622130 2.998109
0.642556 -2.916731 2.996168
-0.010838 2.293428 0.869375
0.914866 -1.136162 2.959629
1.304129 -1.475704 2.986773
1.111252 -1.078689 2.948219
1.823261 -0.991652 2.986844
2.221341 -1.399776 2.974934
1.424329 -0.806963 2.987310
1.775746 -1.101620 2.981818
1.956248 -1.665925 2.994043
2.176363 -1.376209 2.981535
1.914220 1.385249 1.086671
1.025754 -1.177585 2.936293
1.310938 -1.532423 2.981610
2.360402 -2.625909 2.995382
0.904823 -1.989152 2.981971
0.144593 -1.286662 2.986008
1.035827 -1.182146 2.974152
1.074820 -1.083601 2.956433
1.430857 -1.391545 2.975487
2.199240 -1.428576 2.939650
1.504227 -0.711985 2.986864
1.877263 -1.052582 2.991554
1.424491 -1.521013 2.993247
0.158733 -1.337628 2.996024
0.263658 -1.234636 2.989038
1.372925 -1.589393 2.986250
1.065970 -1.184354 2.957539
1.924180 -1.009559 2.990365
2.256818 -1.322749 2.976683
1.485380 -0.662012 2.983874
1.911210 -0.983662 2.997215
2.266482 -1.378242 2.988468
1.125100 -0.365244 2.988816
1.452605 -1.531403 2.996612
1.809128 -1.821751 2.995686
3.428459 2.374496 0.011385
1.479241 -1.752999 2.991235
1.089455 -1.138530 2.967432
2.558976 -0.815807 1.288716
1.960991 -1.029106 2.979732
2.349548 -1.232017 2.970008
1.224157 -0.259641 2.989378
1.501566 -0.690967 2.985315
1.153807 -1.083864 2.940493
1.508832 -1.451752 2.976133
0.479501 -0.402469 2.990369
0.997011 -1.282761 2.985078
1.451250 -2.275854 2.989670
-0.894637 2.662556 0.001008
2.596597 1.048202 0.160211
1.228982 -1.082902 2.950728
1.908776 -1.805601 2.999802
0.775370 0.052514 2.979006
1.507350 -0.612504 2.982504
2.342497 -1.176484 2.990750
1.535271 -1.353667 2.978417
1.242568 -1.073651 2.929450
0.393928 -0.557367 2.981283
-0.965587 2.872227 0.001087
1.212598 -1.033785 2.972885
1.632355 -1.335736 2.981215
1.994515 -1.703416 2.998605
2.423090 -1.069974 2.965258
2.554465 0.675133 1.268684
1.511825 -0.569250 2.975010
2.825740 0.649555 1.450538
0.863100 0.114617 2.984987
2.426015 -1.016086 2.986084
0.975151 -0.661144 2.988690
1.740661 -1.188672 2.944444
0.839371 -0.867058 2.988988
1.249588 -1.043669 2.929094
1.687408 -1.382517 2.974636
1.294176 -1.856677 2.981886
1.701409 -2.191724 2.982126
1.937941 -2.790167 2.984158
1.378961 -2.838436 2.993130
1.369074 -1.869186 2.992572
1.289755 -1.086123 2.964206
1.692601 -1.334168 2.976454
2.510422 -0.956217 2.969517
1.081112 -0.271376 2.984246
2.461719 -1.017132 2.985946
1.276417 -1.008387 2.936099
1.721841 -1.058507 2.937434
1.391244 -1.006023 2.964287
1.746007 -1.308278 2.986688
0.744583 -0.883714 2.937767
0.951487 -1.614298 2.998255
3.077659 -2.933492 2.995858
2.557322 -0.823077 0.884988
-2.418992 2.211260 0.033435
-2.255846 1.972593 0.094760
-2.288384 2.018707 0.197122
-2.325188 2.154631 0.212671
-2.626068 1.929480 0.294613
0.927927 -1.611916 2.996668
1.016595 -1.650639 2.993768
1.424991 -1.840159 2.996855
1.265303 -0.983829 2.941459
1.731267 -1.253352 2.981369
2.553558 -0.953145 2.970979
1.522819 -0.436220 2.984854
2.055133 -0.649470 2.998764
1.368749 -0.978094 2.924623
0.912792 -0.678286 2.971123
1.821850 -1.167339 2.975660
2.117052 -1.235587 2.993916
1.325574 -1.050687 2.957626
1.435462 -1.952298 2.969982
2.345975 -2.357790 2.997342
-1.905486 2.481356 0.002740
-2.211942 2.632372 0.001594
-3.129054 2.728079 0.275016
-2.557923 1.929595 0.298563
-2.555994 1.719675 0.192746
-1.471717 -1.933928 2.998999
-2.590534 1.702621 0.264050
-2.546812 1.730950 0.212361
0.758852 -2.263803 2.996533
-3.417574 1.491117 1.476605
-1.531676 -1.220635 2.999178
1.874434 -1.259682 2.966680
1.417444 -0.988074 2.960414
2.597394 -0.899671 2.974672
2.190346 -0.574013 2.997477
2.589431 -0.755135 2.981453
1.113518 -0.645954 2.977721
1.469396 -0.856811 2.919916
0.973108 -0.750427 2.958382
1.867506 -1.207856 2.968081
-2.539650 1.921683 0.289847
-2.454930 1.774587 0.058761
-3.492926 1.519775 0.683702
-1.310142 -2.044667 2.999639
-3.493638 1.532780 0.817452
-3.460650 1.521141 1.110212
0.690091 -1.514407 2.997973
1.087887 -1.675982 2.998322
1.429383 -0.941884 2.982989
2.556044 -0.922589 2.981700
0.810507 0.054558 2.992299
1.197141 -0.125164 2.978947
2.691187 -0.724115 2.995220
2.590732 0.653044 1.100301
0.924802 -0.837549 2.965729
1.426560 -0.925730 2.923071
0.184310 2.410973 0.692442
-0.244602 2.690299 0.073302
0.099455 -1.086757 2.995631
1.215456 -1.666547 2.972531
1.596474 -1.848364 2.999643
-3.393385 1.711916 1.405822
2.288673 -2.866769 2.991187
-2.547232 1.901458 0.304736
-3.318009 1.902272 0.054439
-1.334968 -2.136614 2.993502
-2.349121 1.823006 0.219727
-2.579226 1.995474 0.288323
-3.253028 1.784236 0.285306
-2.404137 2.186017 0.052203
1.632885 -1.744324 2.995169
1.911581 -1.058928 2.968031
1.099749 -0.596115 2.994094
1.451966 -0.763499 2.974236
2.568604 -0.611282 2.995130
0.707134 0.059946 2.992580
1.419993 -0.981835 2.944622
1.977589 -1.094380 2.975422
0.032988 -0.466171 2.992018
1.755473 1.393885 0.108293
-1.348094 0.093657 2.999461
2.162497 -1.916087 2.990935
0.729890 -1.628885 2.989285
1.054729 -1.924341 2.998354
0.961918 -1.720277 2.982929
1.463984 -1.913336 2.982336
-2.315188 2.059466 0.188445
-2.614927 2.365891 0.016455
-3.345356 1.494034 0.843355
2.448420 -2.736376 2.996083
-2.050431 -1.998259 2.999505
-1.626031 -2.099765 2.999126
-2.256982 2.081417 0.142757
-0.334625 2.243753 0.003474
1.998912 -0.911144 2.970267
2.672502 -0.562909 2.991799
1.221683 -0.068961 2.996990
1.427834 -0.866722 2.916672
0.972409 -0.668295 2.949940
1.959356 -0.996828 2.962121
2.438858 -1.263162 2.999625
0.137061 -0.420664 2.990112
0.881234 -1.339748 2.995865
1.820849 -1.602365 2.979717
-2.311861 2.090609 0.268729
0.640920 -2.086253 2.993737
3.456767 -2.963187 2.986530
-1.367149 1.438696 0.003128
0.093670 -2.331740 2.990549
-2.420671 1.784911 0.024433
-2.233907 1.926071 0.135126
0.844418 -1.338599 2.985723
1.558653 -0.667815 2.977338
1.939167 1.605888 0.010440
1.320308 -1.550853 2.972956
-3.415219 1.913054 0.940203
-3.477010 1.496033 1.523480
-2.320953 -1.352988 2.999124
-1.318493 -1.601520 2.989299
-1.395736 -1.978318 2.992001
-0.927647 -2.054442 2.988326
3.099685 -2.752630 2.987278
-2.071091 -2.275341 2.991880
2.506168 -2.907231 2.995682
-2.622787 -2.365983 2.997107
-0.054436 -2.660696 2.983034
0.568819 1.258740 0.001663
-3.281738 1.475823 0.861887
-0.270728 2.388872 0.000353
1.850991 -1.635154 2.988940
2.041875 -0.961155 2.967626
1.605486 1.401693 0.703067
1.103112 -0.568427 2.994968
1.943417 -0.757150 2.979759
1.554697 -0.198151 2.969572
1.555841 -0.800612 2.936304
0.610807 -0.623350 2.944357
1.099225 -0.660061 2.977124
2.347838 -1.605537 2.983253
-3.455304 2.171475 1.059461
-0.637420 -1.430416 2.999226
2.281713 -1.994917 2.986603
1.699127 -2.303823 2.984515
3.146667 -2.542120 2.990341
-3.018419 1.493853 0.000999
-2.295197 -2.064191 2.998582
-1.792838 -2.133924 2.999349
-1.355439 -2.187873 2.993412
-2.448457 -2.328354 2.983720
-3.215772 1.484972 0.731657
-1.018924 2.392346 0.000152
2.000255 -0.916450 2.984206
0.682676 -0.430106 2.989915
1.982826 -0.804706 2.972932
2.697174 -0.389347 2.994314
1.547988 -0.724537 2.930705
1.012086 -0.711793 2.921892
2.088989 -0.935293 2.978965
0.956385 -1.359795 2.976401
0.867332 -1.703127 2.999955
1.326706 -1.813274 2.999382
0.365622 -2.026585 2.991023
0.817427 -2.108901 2.990478
1.236805 -2.189717 2.992620
2.785622 -2.408187 2.999113
3.263190 -2.580114 2.995176
-1.271789 -2.076726 2.996838
2.240604 -2.585308 2.985725
-3.311574 -2.285778 2.999658
-2.787538 -2.302702 2.983674
-2.739798 -2.088861 2.999951
1.677558 -2.842774 2.988892
0.813811 -2.070833 2.994572
1.791352 -2.217623 2.999789
2.242911 -2.397635 2.994937
-1.257024 2.660285 0.000207
2.141017 -0.995488 2.973657
1.029970 -0.626383 2.992693
0.687178 0.127812 2.999581
1.682047 -0.076753 2.996899
1.682182 -0.167701 2.991941
0.754906 0.190086 2.999457
1.094138 -0.626733 2.957368
1.595963 -0.768992 2.943385
2.072875 -0.831042 2.981504
0.606969 -0.465594 2.946315
0.182821 -0.495090 2.982424
0.612304 -0.623662 2.954166
0.965374 -0.771531 2.941487
1.919138 -1.467533 2.988717
-1.120983 -1.832908 2.992489
1.827361 -2.180643 2.991374
-1.366555 -2.257365 2.992036
1.218367 -2.680456 2.981923
2.242263 -2.853700 2.992638
2.736648 -2.951116 2.997954
-0.910081 2.293136 0.003626
2.859797 0.644178 0.650803
2.857415 0.629395 1.415159
0.801152 0.165166 2.991117
1.595121 -0.679409 2.940460
0.691414 -0.344649 2.971670
1.182256 -0.581505 2.999027
0.697960 -0.477837 2.974588
1.193045 -0.691905 2.989715
2.188375 -0.893364 2.998730
1.571341 -1.480898 2.989727
2.087929 -1.564535 2.980523
3.379604 -2.254735 2.999194
-2.184647 -2.409754 2.979287
0.562779 -1.913703 2.995581
-2.347798 2.110856 0.290928
1.082641 -1.263945 2.998472
-0.142391 2.156998 0.004901
1.243701 0.012939 2.956847
1.144177 -0.428589 2.947489
1.733083 -0.581169 2.992492
0.604625 -0.489720 2.970170
1.656749 -0.704907 2.974465
2.177398 -0.794995 2.980341
2.051639 -1.412805 2.988474
-2.338017 2.114680 0.221966
-2.491124 2.448395 0.001377
-2.585855 2.433636 0.005309
1.549208 -1.717706 2.995548
0.504436 -2.051050 2.999412
1.520541 -2.044026 2.996495
2.424115 -2.807915 2.999595
-2.284677 2.073281 0.010756
1.524620 -1.695439 2.990784
-2.360025 2.155666 0.289212
2.212765 -0.690561 2.973239
1.640142 -0.659174 2.989789
1.285345 0.080542 2.955098
1.337364 -0.374258 2.948652
1.769644 -0.441097 2.985242
0.711019 -0.627521 2.939054
1.192804 -0.518857 2.973537
0.625089 -0.945039 2.994021
2.124509 -1.305551 2.996035
-2.369645 2.054589 0.305902
2.050914 -1.692631 2.996585
-2.533887 -2.143119 2.998883
-1.430411 -2.140561 2.998159
-0.886837 -1.828027 2.994264
2.925468 0.718422 0.123114
-1.014943 -2.517964 2.991791
2.052552 -2.663610 2.994088
-1.155038 2.099551 0.000289
-2.427043 1.807166 0.039122
1.614521 -1.378300 2.998451
-0.448990 2.806217 0.013275
1.633692 -0.561611 2.992124
1.177281 0.161358 2.989958
1.681479 -0.530713 2.970815
2.268216 -0.478800 2.992995
1.151028 -0.611331 2.951777
2.197510 -1.308194 2.980415
-2.224437 2.755406 0.002056
-3.491325 1.499189 1.291227
2.644359 -1.301924 2.947010
2.681279 1.186993 0.060236
1.789936 -2.580432 2.996433
2.619806 1.087361 0.107572
-1.792702 -2.854276 2.996890
1.779094 -1.916096 2.998130
-2.714648 2.931495 0.008288
-3.451588 2.220729 0.697238
2.282711 -1.247466 2.990443
-0.234339 2.590726 0.134905
2.245175 -0.493583 2.977479
1.168330 0.116384 2.997537
1.471516 -0.382710 2.983840
1.717604 -0.387741 2.999804
0.777260 -0.521218 2.968076
1.775879 -0.510266 2.995234
2.258857 -0.500176 2.989191
2.254617 -1.156361 2.981083
-1.232290 1.652899 0.005871
-2.722344 1.780424 0.019694
2.706070 -1.345680 2.991792
0.877180 -2.362170 2.994861
2.616868 1.078285 0.080905
-1.228691 1.838901 0.002197
-2.359715 1.835352 0.126230
-2.695327 1.774098 0.068985
2.279081 -1.145902 2.993487
-1.780620 2.777123 0.001774
-3.498355 2.750427 0.576940
2.261990 -0.887606 2.985840
1.776217 -0.488685 2.998775
2.286735 -0.418170 2.988120
0.796268 -0.460853 2.954935
1.229977 -0.526418 2.968619
2.342191 -0.308384 2.996190
1.417076 -1.056780 2.986826
-2.309684 1.990154 0.016436
-2.447906 1.772655 0.214927
-3.217607 1.658304 0.394768
-0.498818 -1.499306 2.994807
1.440583 -1.212681 2.999619
2.421788 -1.115144 2.988663
-2.521628 1.739652 0.169554
1.858140 -0.363918 2.991938
-3.039841 2.487504 2.848430
-2.818851 2.483176 2.827043
1.763279 -0.199646 2.976190
1.269640 0.152847 2.971224
1.304289 -0.549368 2.905066
-2.329856 2.085100 0.142500
2.446342 -0.950290 2.992172
-0.448865 -1.909705 2.997586
-2.396646 1.810223 0.031626
2.519567 -0.918340 2.988703
2.550862 0.876418 1.165861
-0.670776 2.675644 0.010510
-2.450930 2.035433 0.291305
-3.280526 1.471953 0.917159
2.320033 -0.277413 2.997267
-3.393440 2.372682 2.887837
1.787403 0.342159 2.988400
-3.351256 1.494240 1.059793
0.716382 -1.130141 2.996236
-0.885306 1.545186 0.003262
-1.487600 1.572851 0.000165
-2.262331 1.968657 0.252493
1.904205 -0.271931 2.995302
-3.169226 2.838234 2.868775
-3.281928 2.705619 2.869192
-2.511675 2.278329 2.802315
1.481685 -0.436854 2.998933
2.455034 -0.213729 2.996869
2.617598 -0.816696 2.997498
0.407851 -2.482022 2.993937
-2.658873 -2.243415 2.989495
-2.836716 -2.249238 2.993154
-2.277807 1.860072 0.072721
-2.566562 1.700888 0.202294
1.272799 0.230927 2.966056
1.287254 0.163590 2.939894
2.356304 -0.109853 2.997051
0.460681 -0.659684 2.997580
0.223081 2.235703 0.000640
-1.107893 2.121109 0.003461
-2.567928 1.860141 0.305062
1.874615 2.075492 0.052109
-2.192804 -2.256950 2.995841
-3.150634 0.160702 0.031474
-2.893684 -2.857224 2.997314
2.601763 -0.656637 2.999660
-2.608103 1.861870 0.297869
-3.420794 2.591386 2.898911
1.254310 0.334878 2.996437
1.649529 0.415641 2.969268
1.162758 0.338840 2.984771
0.978223 -0.488537 2.980576
-1.131540 2.540661 0.004043
-2.393210 2.097051 0.297925
2.725315 -0.729387 2.994344
-3.432662 -0.907175 0.106517
2.594326 -0.540262 2.998262
-2.346413 2.161413 0.270396
-2.666236 1.954901 0.289966
-3.465999 2.356968 0.409362
-3.351204 1.804981 0.930104
0.309113 -0.045153 2.990831
0.797039 0.148598 2.979815
1.739501 -0.947958 2.984983
2.712942 -0.572604 2.996395
-3.196092 -1.105252 0.205397
2.779936 0.652254 1.328850
2.744293 -0.410899 2.997157
1.549308 0.455919 2.996477
1.119366 0.272440 2.975559
-3.186076 1.577854 0.965590
-1.343880 1.822231 0.000950
-0.436117 -0.225329 0.105188
-3.277030 -1.866135 0.174450
-3.418006 -1.419660 0.076647
-3.360703 -1.684981 0.446529
-3.013879 -0.057467 0.088156
0.092599 2.624689 0.001966
-2.495019 1.760342 0.249354
-3.403440 2.055651 0.221648
1.069844 0.286912 2.981009
-1.612375 2.102063 0.001002
-2.272480 1.828501 0.079030
-2.370004 2.345849 0.004548
-2.252959 1.905594 0.191615
-2.567351 1.695044 0.232923
2.363375 -0.596499 2.997552
-0.464745 -2.841252 2.997614
1.911626 -1.669930 2.994810
-1.248181 2.274945 0.004009
-2.293602 2.025158 0.021094
-2.313731 1.860101 0.103720
-2.518006 1.755306 0.145406
-3.404291 2.674999 0.013630
-2.351161 2.124883 0.288429
-3.455508 2.308759 0.547024
0.136034 2.441445 1.046274
0.706193 0.105347 2.985764
2.005538 0.951148 2.991545
0.731123 -0.826782 2.997910
-1.352893 2.885191 0.005313
-2.356173 2.136877 0.122750
-0.223044 -1.906479 2.997112
1.994339 -0.788820 2.998467
2.359690 -0.445309 2.995399
0.011977 -2.267649 2.995275
-2.502786 1.756528 0.093209
-3.453494 2.190659 0.289221
1.652585 0.579095 2.980116
1.120016 0.364494 2.980986
1.497792 0.629887 2.992447
-3.349015 1.780617 1.199396
-3.341355 1.555414 1.597830
0.730923 -0.869913 2.995907
-2.519737 -2.357219 2.993995
1.017462 -1.844909 2.999531
-0.412928 0.105194 0.000828
-2.968995 2.900687 0.207490
-3.372424 1.915605 0.730589
-3.160792 1.647114 0.521650
-3.492012 2.306791 1.005044
1.074253 0.247630 2.979587
1.452739 0.670442 2.991688
1.741618 1.088566 2.990331
2.025227 1.402036 2.985515
-3.367411 1.572795 1.710621
-2.985365 -2.709832 2.998540
-2.447250 -2.410740 2.997217
-1.968202 -2.380501 2.993906
0.593444 -1.243461 2.993334
-3.056662 -0.209753 0.078840
0.096066 -2.204819 2.997905
-0.291738 -0.206231 0.335340
-0.448174 0.093713 1.118932
-0.303683 -0.145323 0.947926
-3.383383 1.487134 0.608928
1.347626 0.664930 2.989216
1.879821 1.486801 2.971706
1.896502 0.660665 2.964032
-2.482967 1.749136 0.005954
-2.608890 1.696259 0.272967
-2.271949 -2.316754 2.995466
-3.010899 -2.775378 2.997755
-3.299525 -0.466073 0.154624
-0.459859 0.094473 0.412840
-0.303255 -0.082142 0.659578
-3.435823 -1.706894 0.463188
-2.254025 1.885496 0.143444
-0.023834 2.290965 0.801282
-2.061293 2.970568 0.004514
-2.319373 2.059426 0.230861
0.708783 -0.117227 2.967511
1.559456 1.110467 2.978524
1.773221 1.629447 2.971394
0.981228 0.240487 2.988366
-3.334377 1.749406 1.120329
-3.216668 1.560062 1.146346
1.801802 0.408872 2.992565
1.960487 0.768025 2.973730
-2.363668 1.810607 0.156870
-3.337905 -0.553635 0.112439
0.015692 -2.126724 2.994514
0.908352 -1.390827 2.997298
-0.430370 0.097552 0.377558
1.161012 -2.202738 2.996712
1.380053 -2.770323 2.994705
-3.183482 -0.513897 0.000040
-2.463855 1.773123 0.166221
-3.238005 -0.012746 0.282611
-3.344657 1.517490 0.289403
1.496210 0.144287 2.992831
1.784635 0.858188 2.969879
1.307694 1.148666 2.977631
-1.178320 -1.049127 2.998794
0.999832 0.176106 2.985233
1.984461 0.919203 2.999925
-2.526412 1.750906 0.271744
0.489737 -1.759464 2.999041
-0.300217 -0.055445 0.523045
-1.359602 2.183311 0.001926
1.431928 1.585936 2.960657
1.154226 0.719249 2.976718
1.195953 1.156222 2.856709
1.662967 0.489492 2.949168
-3.205076 1.463293 0.662361
-0.582823 0.101866 1.039240
1.461421 -0.510207 2.997854
1.474274 0.027044 2.964522
1.827604 1.046757 2.990104
-2.383366 2.135727 0.317601
-0.377878 -0.252438 0.187307
1.918608 1.072781 2.998673
-2.490576 2.632742 0.000955
-2.262907 1.981146 0.014977
1.191871 1.638938 2.985561
-3.298577 1.475267 0.488260
0.826703 -0.279172 2.993459
1.016971 0.164347 2.986271
0.877995 -0.359826 2.989403
-2.627039 1.858270 0.315421
-3.280107 -0.404996 0.225254
1.531560 -0.987885 2.995882
-2.590554 2.467243 0.002763
1.244510 -1.842592 2.996380
-0.933425 2.144563 0.000239
-0.300858 -0.092685 0.362858
-2.509058 2.050505 0.292084
1.545579 1.134743 2.981375
1.497592 1.398198 2.985907
1.099902 1.673032 2.997828
-2.532050 -2.445163 2.999125
0.886482 -0.316325 2.987740
1.057690 1.222449 2.925884
-3.495970 2.545244 0.909961
-0.486758 0.093808 1.308194
1.697113 0.686551 2.964132
1.546577 -0.396310 2.992214
-2.269147 1.985900 0.236303
-2.463810 2.060222 0.317567
-2.289106 1.838887 0.205900
0.817079 -2.166909 2.995539
1.054259 -1.803414 2.995191
-1.365899 2.436780 0.000483
2.011075 -2.427032 2.999683
-0.706188 0.063568 0.156930
-2.117680 2.911036 0.002300
-2.497531 1.762668 0.124069
0.065138 -2.282973 2.999133
0.942356 1.127363 2.926241
0.951029 1.121608 2.900663
-2.217073 2.968025 0.001483
-2.206539 2.494008 0.009769
2.369138 1.155890 2.998590
0.157673 -2.385218 0.013900
0.200839 -2.200918 1.142476
-1.608362 2.279201 0.000622
-0.442409 0.099042 0.475711
-0.542585 0.095158 0.372024
-2.621908 1.724758 0.023126
1.522170 1.187214 2.942982
-3.460082 -0.361719 0.239726
0.937104 0.104182 2.997687
-0.497576 -1.820973 2.999466
0.851692 -0.278601 2.994200
-3.123690 -0.034279 0.873963
0.569192 -1.880574 2.997518
1.592940 0.627901 2.958985
-3.472293 2.152499 0.942721
-3.232423 1.713391 0.663056
0.200925 -2.381619 2.987316
0.799517 -1.802472 2.996446
1.522653 -0.292048 2.980224
-2.414079 2.068767 0.295452
-2.665430 1.973551 0.315578
0.609720 -2.885107 2.998188
1.691850 -0.225213 2.994876
1.760184 1.328498 2.997649
-1.982322 2.227509 0.003939
-1.323364 1.658417 0.000986
-1.663328 1.623272 0.000750
0.200225 -2.205299 0.757425
1.675773 1.661829 2.980416
-2.327950 2.128908 0.181000
-2.464976 2.483051 0.001601
0.881383 1.201765 2.840301
-0.296836 -0.210466 1.315803
1.210686 -0.789223 2.998156
-3.395935 2.309144 0.335489
0.988337 -2.296377 2.989594
1.710859 -2.288794 2.997043
0.057417 -2.732793 0.007866
-2.345316 2.854737 0.003878
1.434365 0.627424 2.952091
1.297945 1.170217 2.906974
1.393707 1.660379 2.993351
-2.592504 1.802598 0.292612
-3.299210 1.772143 0.867097
1.213488 1.055331 2.940115
-3.014408 -0.688143 0.058684
0.468668 -2.924274 2.998559
1.373684 1.221931 2.995197
-2.333893 1.819777 0.065801
-2.565978 1.722803 0.305595
-3.229914 1.821523 0.125942
1.851865 -2.270704 2.999636
1.892916 1.733117 2.994978
1.920488 1.214196 2.984251
1.252383 1.126579 2.965132
-3.455552 -0.903672 0.055609
-3.324180 -0.951870 0.093523
1.125208 0.699515 2.991105
0.994518 1.109236 2.956938
1.274701 0.755036 2.971380
1.178918 1.203229 2.870241
-2.538561 1.714671 0.259004
-3.265480 1.446445 0.197963
-3.049955 -0.024471 0.015047
1.144768 -1.935962 2.997527
1.892230 1.366224 2.999490
-2.284665 2.029809 0.235993
-2.302084 2.078300 0.097912
-2.631863 2.296063 0.031514
1.262560 1.231531 2.930354
-3.336510 1.449572 0.430201
-3.045852 -0.175150 0.081235
0.893845 1.137701 2.791242
-3.385268 1.467785 1.022893
-3.281710 -0.041637 0.615833
1.490762 0.218482 2.989667
1.133122 1.220518 2.874342
-3.239096 -0.422771 0.007510
-0.306342 -0.135283 0.860151
-2.502295 1.740322 0.080372
-2.623418 1.824650 0.312718
-0.303041 -0.063275 0.299441
1.848284 1.300715 2.982132
1.728456 1.827734 2.947741
1.747850 1.369493 2.996654
-0.685161 0.055714 0.147783
-0.306294 -0.113227 0.343959
1.256899 0.669079 2.965474
1.063826 1.267636 2.947496
0.727131 -1.485496 2.997929
0.746353 -0.434500 2.979321
0.615266 -1.918448 2.998092
1.029824 1.254514 2.868573
-2.858496 -0.251088 0.318201
-3.303771 2.871033 0.225115
2.991240 -2.784485 2.997226
0.153659 2.372816 1.504575
1.642789 1.325376 2.991906
-0.605683 -0.461357 0.005519
1.361222 0.288214 2.983506
-3.351147 1.572822 1.548930
-3.201503 1.625195 0.784591
-0.301918 -0.117540 0.703967
-3.412622 2.296835 0.499140
1.458267 1.346531 2.985842
-2.325929 2.135649 0.045020
-0.100062 -2.330157 0.036921
-1.679367 2.419252 0.000825
0.201074 -2.233502 0.745625
-2.624949 1.814672 0.291145
1.041039 0.718050 2.984230
-3.105765 0.078667 0.023930
1.087173 0.758978 2.974791
1.392083 -2.381165 2.993153
-3.239625 -0.122690 0.029071
-3.435746 2.364813 0.239974
-3.280041 1.891394 0.005828
1.652212 1.031517 2.986542
-2.731475 2.814105 0.002205
-0.361013 -0.252599 0.130148
1.630813 -2.330534 0.025119
-2.382812 2.167255 0.012901
1.453975 1.511347 2.984592
1.102636 0.772317 2.976570
-0.301895 -0.200066 0.637798
0.722572 1.035120 2.982049
0.941216 -0.415049 2.971679
0.994958 0.727069 2.966439
-2.374586 2.151209 0.108197
1.633845 -2.231033 0.007825
1.182598 1.126089 2.749116
1.109596 0.874245 2.994515
-0.155206 1.085814 2.996116
-0.304742 -0.052395 0.932626
1.005295 0.810981 2.968590
-2.995485 -0.155108 0.748040
-0.469862 0.098010 0.800380
2.100592 -2.270104 2.997823
1.018432 1.241629 2.804103
-0.640465 -0.508526 0.003747
1.824188 0.939639 2.991368
-2.304931 2.005137 0.002038
-2.685528 1.755536 0.008280
-3.410101 2.057722 0.456514
0.959752 0.813254 2.992948
0.627217 1.090388 2.998794
0.816949 0.754343 2.997224
-0.299258 1.045004 2.997106
0.775919 -0.097451 2.982718
0.071425 0.738164 2.998137
1.407910 -0.761866 2.993315
0.012870 0.753541 2.994843
-0.303407 -0.143700 0.662224
1.693848 0.985640 2.997137
1.223073 1.231828 2.906474
-2.334542 1.848992 0.127714
-2.632945 1.975766 0.287213
-0.654633 0.072672 0.290254
-0.337185 0.904598 2.977319
0.017147 0.629847 2.990655
1.159249 -0.426892 2.949806
-0.394024 0.841567 2.995214
1.586142 1.038176 2.985975
1.300592 1.380065 2.998454
-2.633637 2.012723 0.290265
-0.539283 0.094271 0.277854
-2.764078 -0.315260 0.191686
1.054655 1.255231 2.858777
1.082054 1.063072 2.744608
-3.202059 -0.158836 0.350227
-0.486095 0.770428 2.996047
0.821591 -0.096049 2.982558
0.789168 -0.047431 2.989618
-0.119480 0.435497 2.985690
-0.423811 0.675206 2.970690
0.696706 0.786701 2.997960
0.328150 1.056961 2.989126
1.535416 1.030565 2.969487
2.579090 -0.750258 0.906318
1.489835 1.125018 2.995641
-2.985606 -0.243632 0.282934
-0.468087 0.552485 2.963622
0.921787 -0.095435 2.994587
-0.177268 0.311251 2.995118
-0.472687 0.522663 2.973341
1.240078 1.160960 2.815323
-0.522027 0.483510 2.981017
-0.583366 0.396174 2.994270
1.018576 0.296872 2.998927
0.892628 -0.189344 2.979227
-0.579908 0.215666 2.991519
-0.121163 0.054375 2.980351
1.974015 -1.814455 0.004618
-0.220325 0.099632 2.985470
0.808352 -0.244146 2.986314
-0.001085 0.570921 2.998878
-0.288243 1.438574 2.996857
1.039449 1.069976 2.988373
-0.563344 -0.048806 2.985357
-0.564093 -0.080221 2.979849
0.816856 -0.308271 2.987153
0.051215 1.221033 2.999093
-0.064016 -2.402357 0.000491
-0.095085 0.517266 2.993080
-0.580257 -0.285037 2.988384
1.474446 -0.553563 2.999689
-0.048267 0.344890 2.983803
0.880318 1.049894 2.998734
-0.089898 0.280073 2.980763
-0.466250 -0.449064 2.980890
0.482984 -0.355879 2.985437
1.597234 0.523818 2.990776
-0.488887 0.243914 2.996571
2.666704 -0.753468 0.822125
-0.632536 0.877797 2.983145
-0.140600 0.837536 2.979184
-0.037537 0.169356 2.964448
1.769000 -1.753596 1.049161
0.197681 0.968090 2.999568
2.811099 0.212152 0.006438
3.145262 0.384050 0.014190
3.370718 0.456612 0.001300
2.148305 0.298085 0.000969
-0.133018 0.192953 2.986628
0.622519 -0.038898 2.986433
-0.267718 -0.694047 2.985346
0.035111 -0.630577 2.999867
1.539518 -2.052422 0.438873
1.107580 0.047897 1.249426
-0.051243 0.048896 2.969265
-0.448144 0.888651 2.963468
3.442321 0.785578 0.007970
1.152526 1.113568 2.832938
-0.092762 0.095662 2.954932
-1.601614 -0.364384 2.996979
-0.296887 0.794095 2.985514
-0.636737 0.592075 2.998620
-3.326025 -2.607257 2.999596
1.329579 -0.171888 0.050323
1.325342 -0.170696 0.047982
-0.409106 -0.155984 2.972735
0.387143 -0.106726 2.997077
-0.320583 -0.626240 2.989486
-0.425667 0.268290 2.991564
3.219069 0.237297 0.005566
3.406199 0.293235 0.013481
-3.409498 -2.623261 2.991395
-0.012517 -0.243265 2.985126
-0.054849 -0.257276 2.988305
3.028147 0.238068 0.000545
-0.631241 0.268635 2.965852
-2.472425 -2.848765 2.987488
-3.293639 -2.795964 2.998271
-3.414685 -2.849876 2.994459
-0.205788 -0.243830 2.990268
-2.331338 -1.772959 2.998499
-2.483397 -2.226203 2.998948
0.981958 1.356679 2.903760
0.959382 1.330132 2.863366
-1.850866 -1.947384 2.997220
-1.900352 -2.633006 2.996075
-2.295124 -1.429467 2.999927
1.542407 1.544417 0.312269
0.964170 1.350208 2.974891
0.939537 1.347396 2.905852
-2.063374 -1.671336 2.988954
-2.180367 -2.476011 2.987245
3.185938 0.591744 0.003423
0.974886 1.201171 2.977094
2.894864 0.462981 0.008388
3.170427 0.679995 0.011903
-1.395081 -1.852300 2.994739
-1.714431 -1.778397 2.996869
-1.699466 -1.978915 2.997499
2.728456 0.646763 0.325799
-0.437944 -2.987909 0.548866
-0.060325 2.346092 0.124364
-2.590399 -2.998465 2.999417
-0.003168 -2.095762 0.368954
-1.788877 -1.123172 2.997821
-2.019963 -1.117926 2.998845
-0.051380 2.344150 0.212144
0.368686 -2.261562 2.990815
0.946441 1.379292 2.996330
0.927956 1.147140 2.950413
3.481747 -0.655221 0.002187
3.275841 -0.567327 0.000590
1.056222 1.325512 2.961890
-1.984698 -2.493340 2.999512
-1.647113 -2.123050 2.998847
-2.507538 -2.628923 2.999843
2.881374 -0.332380 0.000656
-1.186214 -2.095372 2.995368
-1.789875 -1.913713 2.998103
-1.648644 -2.466703 2.989875
3.498111 0.640659 0.004387
-1.532336 -1.411126 2.993476
-1.446920 -1.924277 2.988169
1.548627 1.716268 0.111148
3.151065 -0.691241 0.006104
-2.374199 -2.337322 2.995184
-0.917773 -1.947398 2.999718
-0.509631 -2.995570 0.543218
2.534325 -1.053162 0.098905
1.877551 1.348639 1.071980
3.224458 0.434123 0.001330
-2.403464 -1.874032 2.998188
0.763056 -1.969233 2.999119
-1.539904 -1.376090 2.992998
-2.046144 -2.354765 2.989936
-1.693184 -2.428969 2.995136
-1.626673 -2.912854 2.996295
-2.548215 -2.249574 2.982949
-1.557829 -1.336364 2.995053
-1.661148 -1.357160 2.990021
-2.125396 -0.994456 2.993064
-2.079057 -1.870299 2.995655
-0.049685 2.358986 0.591370
-1.859100 -1.116891 2.995924
-0.004865 0.081430 1.164460
-0.010366 0.070497 1.212743
-0.050742 0.194051 1.129552
-0.032087 0.202603 1.146730
-2.024201 -0.949302 2.996431
-1.854443 -1.401922 2.999017
-1.740842 -2.401950 2.996151
-0.059983 2.348329 0.408977
-0.133602 0.490369 0.988060
-0.241316 0.357079 1.023924
-0.089851 0.228920 1.103439
0.017915 0.210794 1.217819
-0.014674 0.102307 1.359888
0.657650 -2.205505 2.999517
